size,items,sum,average
1,Artwork: Deep Forest,6069,6069
1,Asahi Inori Figurine,30264,30264
1,Ghostfire Wisp,260423,260423
1,Lost Armor,3626,3626
1,New Flavor Out Now!,2745,2745
1,Nine-Bite Snack Box,240208,240208
1,Thud-Thud Hammer,100000,100000
1,Wheelchair Model,27159,27159
2,Artwork: Deep Forest x2,12138,6069.0
2,Artwork: Deep Forest + Asahi Inori Figurine,36333,18166.5
2,Artwork: Deep Forest + Ghostfire Wisp,266492,133246.0
2,Artwork: Deep Forest + Lost Armor,9695,4847.5
2,Artwork: Deep Forest + New Flavor Out Now!,8814,4407.0
2,Artwork: Deep Forest + Nine-Bite Snack Box,246277,123138.5
2,Artwork: Deep Forest + Thud-Thud Hammer,106069,53034.5
2,Artwork: Deep Forest + Wheelchair Model,33228,16614.0
2,Asahi Inori Figurine x2,60528,30264.0
2,Asahi Inori Figurine + Ghostfire Wisp,290687,145343.5
2,Asahi Inori Figurine + Lost Armor,33890,16945.0
2,Asahi Inori Figurine + New Flavor Out Now!,33009,16504.5
2,Asahi Inori Figurine + Nine-Bite Snack Box,270472,135236.0
2,Asahi Inori Figurine + Thud-Thud Hammer,130264,65132.0
2,Asahi Inori Figurine + Wheelchair Model,57423,28711.5
2,Ghostfire Wisp x2,520846,260423.0
2,Ghostfire Wisp + Lost Armor,264049,132024.5
2,Ghostfire Wisp + New Flavor Out Now!,263168,131584.0
2,Ghostfire Wisp + Nine-Bite Snack Box,500631,250315.5
2,Ghostfire Wisp + Thud-Thud Hammer,360423,180211.5
2,Ghostfire Wisp + Wheelchair Model,287582,143791.0
2,Lost Armor x2,7252,3626.0
2,Lost Armor + New Flavor Out Now!,6371,3185.5
2,Lost Armor + Nine-Bite Snack Box,243834,121917.0
2,Lost Armor + Thud-Thud Hammer,103626,51813.0
2,Lost Armor + Wheelchair Model,30785,15392.5
2,New Flavor Out Now! x2,5490,2745.0
2,New Flavor Out Now! + Nine-Bite Snack Box,242953,121476.5
2,New Flavor Out Now! + Thud-Thud Hammer,102745,51372.5
2,New Flavor Out Now! + Wheelchair Model,29904,14952.0
2,Nine-Bite Snack Box x2,480416,240208.0
2,Nine-Bite Snack Box + Thud-Thud Hammer,340208,170104.0
2,Nine-Bite Snack Box + Wheelchair Model,267367,133683.5
2,Thud-Thud Hammer x2,200000,100000.0
2,Thud-Thud Hammer + Wheelchair Model,127159,63579.5
2,Wheelchair Model x2,54318,27159.0
3,Artwork: Deep Forest x3,18207,6069.0
3,Artwork: Deep Forest x2 + Asahi Inori Figurine,42402,14134.0
3,Artwork: Deep Forest x2 + Ghostfire Wisp,272561,90853.666667
3,Artwork: Deep Forest x2 + Lost Armor,15764,5254.666667
3,Artwork: Deep Forest x2 + New Flavor Out Now!,14883,4961.0
3,Artwork: Deep Forest x2 + Nine-Bite Snack Box,252346,84115.333333
3,Artwork: Deep Forest x2 + Thud-Thud Hammer,112138,37379.333333
3,Artwork: Deep Forest x2 + Wheelchair Model,39297,13099.0
3,Artwork: Deep Forest + Asahi Inori Figurine x2,66597,22199.0
3,Artwork: Deep Forest + Asahi Inori Figurine + Ghostfire Wisp,296756,98918.666667
3,Artwork: Deep Forest + Asahi Inori Figurine + Lost Armor,39959,13319.666667
3,Artwork: Deep Forest + Asahi Inori Figurine + New Flavor Out Now!,39078,13026.0
3,Artwork: Deep Forest + Asahi Inori Figurine + Nine-Bite Snack Box,276541,92180.333333
3,Artwork: Deep Forest + Asahi Inori Figurine + Thud-Thud Hammer,136333,45444.333333
3,Artwork: Deep Forest + Asahi Inori Figurine + Wheelchair Model,63492,21164.0
3,Artwork: Deep Forest + Ghostfire Wisp x2,526915,175638.333333
3,Artwork: Deep Forest + Ghostfire Wisp + Lost Armor,270118,90039.333333
3,Artwork: Deep Forest + Ghostfire Wisp + New Flavor Out Now!,269237,89745.666667
3,Artwork: Deep Forest + Ghostfire Wisp + Nine-Bite Snack Box,506700,168900.0
3,Artwork: Deep Forest + Ghostfire Wisp + Thud-Thud Hammer,366492,122164.0
3,Artwork: Deep Forest + Ghostfire Wisp + Wheelchair Model,293651,97883.666667
3,Artwork: Deep Forest + Lost Armor x2,13321,4440.333333
3,Artwork: Deep Forest + Lost Armor + New Flavor Out Now!,12440,4146.666667
3,Artwork: Deep Forest + Lost Armor + Nine-Bite Snack Box,249903,83301.0
3,Artwork: Deep Forest + Lost Armor + Thud-Thud Hammer,109695,36565.0
3,Artwork: Deep Forest + Lost Armor + Wheelchair Model,36854,12284.666667
3,Artwork: Deep Forest + New Flavor Out Now! x2,11559,3853.0
3,Artwork: Deep Forest + New Flavor Out Now! + Nine-Bite Snack Box,249022,83007.333333
3,Artwork: Deep Forest + New Flavor Out Now! + Thud-Thud Hammer,108814,36271.333333
3,Artwork: Deep Forest + New Flavor Out Now! + Wheelchair Model,35973,11991.0
3,Artwork: Deep Forest + Nine-Bite Snack Box x2,486485,162161.666667
3,Artwork: Deep Forest + Nine-Bite Snack Box + Thud-Thud Hammer,346277,115425.666667
3,Artwork: Deep Forest + Nine-Bite Snack Box + Wheelchair Model,273436,91145.333333
3,Artwork: Deep Forest + Thud-Thud Hammer x2,206069,68689.666667
3,Artwork: Deep Forest + Thud-Thud Hammer + Wheelchair Model,133228,44409.333333
3,Artwork: Deep Forest + Wheelchair Model x2,60387,20129.0
3,Asahi Inori Figurine x3,90792,30264.0
3,Asahi Inori Figurine x2 + Ghostfire Wisp,320951,106983.666667
3,Asahi Inori Figurine x2 + Lost Armor,64154,21384.666667
3,Asahi Inori Figurine x2 + New Flavor Out Now!,63273,21091.0
3,Asahi Inori Figurine x2 + Nine-Bite Snack Box,300736,100245.333333
3,Asahi Inori Figurine x2 + Thud-Thud Hammer,160528,53509.333333
3,Asahi Inori Figurine x2 + Wheelchair Model,87687,29229.0
3,Asahi Inori Figurine + Ghostfire Wisp x2,551110,183703.333333
3,Asahi Inori Figurine + Ghostfire Wisp + Lost Armor,294313,98104.333333
3,Asahi Inori Figurine + Ghostfire Wisp + New Flavor Out Now!,293432,97810.666667
3,Asahi Inori Figurine + Ghostfire Wisp + Nine-Bite Snack Box,530895,176965.0
3,Asahi Inori Figurine + Ghostfire Wisp + Thud-Thud Hammer,390687,130229.0
3,Asahi Inori Figurine + Ghostfire Wisp + Wheelchair Model,317846,105948.666667
3,Asahi Inori Figurine + Lost Armor x2,37516,12505.333333
3,Asahi Inori Figurine + Lost Armor + New Flavor Out Now!,36635,12211.666667
3,Asahi Inori Figurine + Lost Armor + Nine-Bite Snack Box,274098,91366.0
3,Asahi Inori Figurine + Lost Armor + Thud-Thud Hammer,133890,44630.0
3,Asahi Inori Figurine + Lost Armor + Wheelchair Model,61049,20349.666667
3,Asahi Inori Figurine + New Flavor Out Now! x2,35754,11918.0
3,Asahi Inori Figurine + New Flavor Out Now! + Nine-Bite Snack Box,273217,91072.333333
3,Asahi Inori Figurine + New Flavor Out Now! + Thud-Thud Hammer,133009,44336.333333
3,Asahi Inori Figurine + New Flavor Out Now! + Wheelchair Model,60168,20056.0
3,Asahi Inori Figurine + Nine-Bite Snack Box x2,510680,170226.666667
3,Asahi Inori Figurine + Nine-Bite Snack Box + Thud-Thud Hammer,370472,123490.666667
3,Asahi Inori Figurine + Nine-Bite Snack Box + Wheelchair Model,297631,99210.333333
3,Asahi Inori Figurine + Thud-Thud Hammer x2,230264,76754.666667
3,Asahi Inori Figurine + Thud-Thud Hammer + Wheelchair Model,157423,52474.333333
3,Asahi Inori Figurine + Wheelchair Model x2,84582,28194.0
3,Ghostfire Wisp x3,781269,260423.0
3,Ghostfire Wisp x2 + Lost Armor,524472,174824.0
3,Ghostfire Wisp x2 + New Flavor Out Now!,523591,174530.333333
3,Ghostfire Wisp x2 + Nine-Bite Snack Box,761054,253684.666667
3,Ghostfire Wisp x2 + Thud-Thud Hammer,620846,206948.666667
3,Ghostfire Wisp x2 + Wheelchair Model,548005,182668.333333
3,Ghostfire Wisp + Lost Armor x2,267675,89225.0
3,Ghostfire Wisp + Lost Armor + New Flavor Out Now!,266794,88931.333333
3,Ghostfire Wisp + Lost Armor + Nine-Bite Snack Box,504257,168085.666667
3,Ghostfire Wisp + Lost Armor + Thud-Thud Hammer,364049,121349.666667
3,Ghostfire Wisp + Lost Armor + Wheelchair Model,291208,97069.333333
3,Ghostfire Wisp + New Flavor Out Now! x2,265913,88637.666667
3,Ghostfire Wisp + New Flavor Out Now! + Nine-Bite Snack Box,503376,167792.0
3,Ghostfire Wisp + New Flavor Out Now! + Thud-Thud Hammer,363168,121056.0
3,Ghostfire Wisp + New Flavor Out Now! + Wheelchair Model,290327,96775.666667
3,Ghostfire Wisp + Nine-Bite Snack Box x2,740839,246946.333333
3,Ghostfire Wisp + Nine-Bite Snack Box + Thud-Thud Hammer,600631,200210.333333
3,Ghostfire Wisp + Nine-Bite Snack Box + Wheelchair Model,527790,175930.0
3,Ghostfire Wisp + Thud-Thud Hammer x2,460423,153474.333333
3,Ghostfire Wisp + Thud-Thud Hammer + Wheelchair Model,387582,129194.0
3,Ghostfire Wisp + Wheelchair Model x2,314741,104913.666667
3,Lost Armor x3,10878,3626.0
3,Lost Armor x2 + New Flavor Out Now!,9997,3332.333333
3,Lost Armor x2 + Nine-Bite Snack Box,247460,82486.666667
3,Lost Armor x2 + Thud-Thud Hammer,107252,35750.666667
3,Lost Armor x2 + Wheelchair Model,34411,11470.333333
3,Lost Armor + New Flavor Out Now! x2,9116,3038.666667
3,Lost Armor + New Flavor Out Now! + Nine-Bite Snack Box,246579,82193.0
3,Lost Armor + New Flavor Out Now! + Thud-Thud Hammer,106371,35457.0
3,Lost Armor + New Flavor Out Now! + Wheelchair Model,33530,11176.666667
3,Lost Armor + Nine-Bite Snack Box x2,484042,161347.333333
3,Lost Armor + Nine-Bite Snack Box + Thud-Thud Hammer,343834,114611.333333
3,Lost Armor + Nine-Bite Snack Box + Wheelchair Model,270993,90331.0
3,Lost Armor + Thud-Thud Hammer x2,203626,67875.333333
3,Lost Armor + Thud-Thud Hammer + Wheelchair Model,130785,43595.0
3,Lost Armor + Wheelchair Model x2,57944,19314.666667
3,New Flavor Out Now! x3,8235,2745.0
3,New Flavor Out Now! x2 + Nine-Bite Snack Box,245698,81899.333333
3,New Flavor Out Now! x2 + Thud-Thud Hammer,105490,35163.333333
3,New Flavor Out Now! x2 + Wheelchair Model,32649,10883.0
3,New Flavor Out Now! + Nine-Bite Snack Box x2,483161,161053.666667
3,New Flavor Out Now! + Nine-Bite Snack Box + Thud-Thud Hammer,342953,114317.666667
3,New Flavor Out Now! + Nine-Bite Snack Box + Wheelchair Model,270112,90037.333333
3,New Flavor Out Now! + Thud-Thud Hammer x2,202745,67581.666667
3,New Flavor Out Now! + Thud-Thud Hammer + Wheelchair Model,129904,43301.333333
3,New Flavor Out Now! + Wheelchair Model x2,57063,19021.0
3,Nine-Bite Snack Box x3,720624,240208.0
3,Nine-Bite Snack Box x2 + Thud-Thud Hammer,580416,193472.0
3,Nine-Bite Snack Box x2 + Wheelchair Model,507575,169191.666667
3,Nine-Bite Snack Box + Thud-Thud Hammer x2,440208,146736.0
3,Nine-Bite Snack Box + Thud-Thud Hammer + Wheelchair Model,367367,122455.666667
3,Nine-Bite Snack Box + Wheelchair Model x2,294526,98175.333333
3,Thud-Thud Hammer x3,300000,100000.0
3,Thud-Thud Hammer x2 + Wheelchair Model,227159,75719.666667
3,Thud-Thud Hammer + Wheelchair Model x2,154318,51439.333333
3,Wheelchair Model x3,81477,27159.0
4,Artwork: Deep Forest x4,24276,6069.0
4,Artwork: Deep Forest x3 + Asahi Inori Figurine,48471,12117.75
4,Artwork: Deep Forest x3 + Ghostfire Wisp,278630,69657.5
4,Artwork: Deep Forest x3 + Lost Armor,21833,5458.25
4,Artwork: Deep Forest x3 + New Flavor Out Now!,20952,5238.0
4,Artwork: Deep Forest x3 + Nine-Bite Snack Box,258415,64603.75
4,Artwork: Deep Forest x3 + Thud-Thud Hammer,118207,29551.75
4,Artwork: Deep Forest x3 + Wheelchair Model,45366,11341.5
4,Artwork: Deep Forest x2 + Asahi Inori Figurine x2,72666,18166.5
4,Artwork: Deep Forest x2 + Asahi Inori Figurine + Ghostfire Wisp,302825,75706.25
4,Artwork: Deep Forest x2 + Asahi Inori Figurine + Lost Armor,46028,11507.0
4,Artwork: Deep Forest x2 + Asahi Inori Figurine + New Flavor Out Now!,45147,11286.75
4,Artwork: Deep Forest x2 + Asahi Inori Figurine + Nine-Bite Snack Box,282610,70652.5
4,Artwork: Deep Forest x2 + Asahi Inori Figurine + Thud-Thud Hammer,142402,35600.5
4,Artwork: Deep Forest x2 + Asahi Inori Figurine + Wheelchair Model,69561,17390.25
4,Artwork: Deep Forest x2 + Ghostfire Wisp x2,532984,133246.0
4,Artwork: Deep Forest x2 + Ghostfire Wisp + Lost Armor,276187,69046.75
4,Artwork: Deep Forest x2 + Ghostfire Wisp + New Flavor Out Now!,275306,68826.5
4,Artwork: Deep Forest x2 + Ghostfire Wisp + Nine-Bite Snack Box,512769,128192.25
4,Artwork: Deep Forest x2 + Ghostfire Wisp + Thud-Thud Hammer,372561,93140.25
4,Artwork: Deep Forest x2 + Ghostfire Wisp + Wheelchair Model,299720,74930.0
4,Artwork: Deep Forest x2 + Lost Armor x2,19390,4847.5
4,Artwork: Deep Forest x2 + Lost Armor + New Flavor Out Now!,18509,4627.25
4,Artwork: Deep Forest x2 + Lost Armor + Nine-Bite Snack Box,255972,63993.0
4,Artwork: Deep Forest x2 + Lost Armor + Thud-Thud Hammer,115764,28941.0
4,Artwork: Deep Forest x2 + Lost Armor + Wheelchair Model,42923,10730.75
4,Artwork: Deep Forest x2 + New Flavor Out Now! x2,17628,4407.0
4,Artwork: Deep Forest x2 + New Flavor Out Now! + Nine-Bite Snack Box,255091,63772.75
4,Artwork: Deep Forest x2 + New Flavor Out Now! + Thud-Thud Hammer,114883,28720.75
4,Artwork: Deep Forest x2 + New Flavor Out Now! + Wheelchair Model,42042,10510.5
4,Artwork: Deep Forest x2 + Nine-Bite Snack Box x2,492554,123138.5
4,Artwork: Deep Forest x2 + Nine-Bite Snack Box + Thud-Thud Hammer,352346,88086.5
4,Artwork: Deep Forest x2 + Nine-Bite Snack Box + Wheelchair Model,279505,69876.25
4,Artwork: Deep Forest x2 + Thud-Thud Hammer x2,212138,53034.5
4,Artwork: Deep Forest x2 + Thud-Thud Hammer + Wheelchair Model,139297,34824.25
4,Artwork: Deep Forest x2 + Wheelchair Model x2,66456,16614.0
4,Artwork: Deep Forest + Asahi Inori Figurine x3,96861,24215.25
4,Artwork: Deep Forest + Asahi Inori Figurine x2 + Ghostfire Wisp,327020,81755.0
4,Artwork: Deep Forest + Asahi Inori Figurine x2 + Lost Armor,70223,17555.75
4,Artwork: Deep Forest + Asahi Inori Figurine x2 + New Flavor Out Now!,69342,17335.5
4,Artwork: Deep Forest + Asahi Inori Figurine x2 + Nine-Bite Snack Box,306805,76701.25
4,Artwork: Deep Forest + Asahi Inori Figurine x2 + Thud-Thud Hammer,166597,41649.25
4,Artwork: Deep Forest + Asahi Inori Figurine x2 + Wheelchair Model,93756,23439.0
4,Artwork: Deep Forest + Asahi Inori Figurine + Ghostfire Wisp x2,557179,139294.75
4,Artwork: Deep Forest + Asahi Inori Figurine + Ghostfire Wisp + Lost Armor,300382,75095.5
4,Artwork: Deep Forest + Asahi Inori Figurine + Ghostfire Wisp + New Flavor Out Now!,299501,74875.25
4,Artwork: Deep Forest + Asahi Inori Figurine + Ghostfire Wisp + Nine-Bite Snack Box,536964,134241.0
4,Artwork: Deep Forest + Asahi Inori Figurine + Ghostfire Wisp + Thud-Thud Hammer,396756,99189.0
4,Artwork: Deep Forest + Asahi Inori Figurine + Ghostfire Wisp + Wheelchair Model,323915,80978.75
4,Artwork: Deep Forest + Asahi Inori Figurine + Lost Armor x2,43585,10896.25
4,Artwork: Deep Forest + Asahi Inori Figurine + Lost Armor + New Flavor Out Now!,42704,10676.0
4,Artwork: Deep Forest + Asahi Inori Figurine + Lost Armor + Nine-Bite Snack Box,280167,70041.75
4,Artwork: Deep Forest + Asahi Inori Figurine + Lost Armor + Thud-Thud Hammer,139959,34989.75
4,Artwork: Deep Forest + Asahi Inori Figurine + Lost Armor + Wheelchair Model,67118,16779.5
4,Artwork: Deep Forest + Asahi Inori Figurine + New Flavor Out Now! x2,41823,10455.75
4,Artwork: Deep Forest + Asahi Inori Figurine + New Flavor Out Now! + Nine-Bite Snack Box,279286,69821.5
4,Artwork: Deep Forest + Asahi Inori Figurine + New Flavor Out Now! + Thud-Thud Hammer,139078,34769.5
4,Artwork: Deep Forest + Asahi Inori Figurine + New Flavor Out Now! + Wheelchair Model,66237,16559.25
4,Artwork: Deep Forest + Asahi Inori Figurine + Nine-Bite Snack Box x2,516749,129187.25
4,Artwork: Deep Forest + Asahi Inori Figurine + Nine-Bite Snack Box + Thud-Thud Hammer,376541,94135.25
4,Artwork: Deep Forest + Asahi Inori Figurine + Nine-Bite Snack Box + Wheelchair Model,303700,75925.0
4,Artwork: Deep Forest + Asahi Inori Figurine + Thud-Thud Hammer x2,236333,59083.25
4,Artwork: Deep Forest + Asahi Inori Figurine + Thud-Thud Hammer + Wheelchair Model,163492,40873.0
4,Artwork: Deep Forest + Asahi Inori Figurine + Wheelchair Model x2,90651,22662.75
4,Artwork: Deep Forest + Ghostfire Wisp x3,787338,196834.5
4,Artwork: Deep Forest + Ghostfire Wisp x2 + Lost Armor,530541,132635.25
4,Artwork: Deep Forest + Ghostfire Wisp x2 + New Flavor Out Now!,529660,132415.0
4,Artwork: Deep Forest + Ghostfire Wisp x2 + Nine-Bite Snack Box,767123,191780.75
4,Artwork: Deep Forest + Ghostfire Wisp x2 + Thud-Thud Hammer,626915,156728.75
4,Artwork: Deep Forest + Ghostfire Wisp x2 + Wheelchair Model,554074,138518.5
4,Artwork: Deep Forest + Ghostfire Wisp + Lost Armor x2,273744,68436.0
4,Artwork: Deep Forest + Ghostfire Wisp + Lost Armor + New Flavor Out Now!,272863,68215.75
4,Artwork: Deep Forest + Ghostfire Wisp + Lost Armor + Nine-Bite Snack Box,510326,127581.5
4,Artwork: Deep Forest + Ghostfire Wisp + Lost Armor + Thud-Thud Hammer,370118,92529.5
4,Artwork: Deep Forest + Ghostfire Wisp + Lost Armor + Wheelchair Model,297277,74319.25
4,Artwork: Deep Forest + Ghostfire Wisp + New Flavor Out Now! x2,271982,67995.5
4,Artwork: Deep Forest + Ghostfire Wisp + New Flavor Out Now! + Nine-Bite Snack Box,509445,127361.25
4,Artwork: Deep Forest + Ghostfire Wisp + New Flavor Out Now! + Thud-Thud Hammer,369237,92309.25
4,Artwork: Deep Forest + Ghostfire Wisp + New Flavor Out Now! + Wheelchair Model,296396,74099.0
4,Artwork: Deep Forest + Ghostfire Wisp + Nine-Bite Snack Box x2,746908,186727.0
4,Artwork: Deep Forest + Ghostfire Wisp + Nine-Bite Snack Box + Thud-Thud Hammer,606700,151675.0
4,Artwork: Deep Forest + Ghostfire Wisp + Nine-Bite Snack Box + Wheelchair Model,533859,133464.75
4,Artwork: Deep Forest + Ghostfire Wisp + Thud-Thud Hammer x2,466492,116623.0
4,Artwork: Deep Forest + Ghostfire Wisp + Thud-Thud Hammer + Wheelchair Model,393651,98412.75
4,Artwork: Deep Forest + Ghostfire Wisp + Wheelchair Model x2,320810,80202.5
4,Artwork: Deep Forest + Lost Armor x3,16947,4236.75
4,Artwork: Deep Forest + Lost Armor x2 + New Flavor Out Now!,16066,4016.5
4,Artwork: Deep Forest + Lost Armor x2 + Nine-Bite Snack Box,253529,63382.25
4,Artwork: Deep Forest + Lost Armor x2 + Thud-Thud Hammer,113321,28330.25
4,Artwork: Deep Forest + Lost Armor x2 + Wheelchair Model,40480,10120.0
4,Artwork: Deep Forest + Lost Armor + New Flavor Out Now! x2,15185,3796.25
4,Artwork: Deep Forest + Lost Armor + New Flavor Out Now! + Nine-Bite Snack Box,252648,63162.0
4,Artwork: Deep Forest + Lost Armor + New Flavor Out Now! + Thud-Thud Hammer,112440,28110.0
4,Artwork: Deep Forest + Lost Armor + New Flavor Out Now! + Wheelchair Model,39599,9899.75
4,Artwork: Deep Forest + Lost Armor + Nine-Bite Snack Box x2,490111,122527.75
4,Artwork: Deep Forest + Lost Armor + Nine-Bite Snack Box + Thud-Thud Hammer,349903,87475.75
4,Artwork: Deep Forest + Lost Armor + Nine-Bite Snack Box + Wheelchair Model,277062,69265.5
4,Artwork: Deep Forest + Lost Armor + Thud-Thud Hammer x2,209695,52423.75
4,Artwork: Deep Forest + Lost Armor + Thud-Thud Hammer + Wheelchair Model,136854,34213.5
4,Artwork: Deep Forest + Lost Armor + Wheelchair Model x2,64013,16003.25
4,Artwork: Deep Forest + New Flavor Out Now! x3,14304,3576.0
4,Artwork: Deep Forest + New Flavor Out Now! x2 + Nine-Bite Snack Box,251767,62941.75
4,Artwork: Deep Forest + New Flavor Out Now! x2 + Thud-Thud Hammer,111559,27889.75
4,Artwork: Deep Forest + New Flavor Out Now! x2 + Wheelchair Model,38718,9679.5
4,Artwork: Deep Forest + New Flavor Out Now! + Nine-Bite Snack Box x2,489230,122307.5
4,Artwork: Deep Forest + New Flavor Out Now! + Nine-Bite Snack Box + Thud-Thud Hammer,349022,87255.5
4,Artwork: Deep Forest + New Flavor Out Now! + Nine-Bite Snack Box + Wheelchair Model,276181,69045.25
4,Artwork: Deep Forest + New Flavor Out Now! + Thud-Thud Hammer x2,208814,52203.5
4,Artwork: Deep Forest + New Flavor Out Now! + Thud-Thud Hammer + Wheelchair Model,135973,33993.25
4,Artwork: Deep Forest + New Flavor Out Now! + Wheelchair Model x2,63132,15783.0
4,Artwork: Deep Forest + Nine-Bite Snack Box x3,726693,181673.25
4,Artwork: Deep Forest + Nine-Bite Snack Box x2 + Thud-Thud Hammer,586485,146621.25
4,Artwork: Deep Forest + Nine-Bite Snack Box x2 + Wheelchair Model,513644,128411.0
4,Artwork: Deep Forest + Nine-Bite Snack Box + Thud-Thud Hammer x2,446277,111569.25
4,Artwork: Deep Forest + Nine-Bite Snack Box + Thud-Thud Hammer + Wheelchair Model,373436,93359.0
4,Artwork: Deep Forest + Nine-Bite Snack Box + Wheelchair Model x2,300595,75148.75
4,Artwork: Deep Forest + Thud-Thud Hammer x3,306069,76517.25
4,Artwork: Deep Forest + Thud-Thud Hammer x2 + Wheelchair Model,233228,58307.0
4,Artwork: Deep Forest + Thud-Thud Hammer + Wheelchair Model x2,160387,40096.75
4,Artwork: Deep Forest + Wheelchair Model x3,87546,21886.5
4,Asahi Inori Figurine x4,121056,30264.0
4,Asahi Inori Figurine x3 + Ghostfire Wisp,351215,87803.75
4,Asahi Inori Figurine x3 + Lost Armor,94418,23604.5
4,Asahi Inori Figurine x3 + New Flavor Out Now!,93537,23384.25
4,Asahi Inori Figurine x3 + Nine-Bite Snack Box,331000,82750.0
4,Asahi Inori Figurine x3 + Thud-Thud Hammer,190792,47698.0
4,Asahi Inori Figurine x3 + Wheelchair Model,117951,29487.75
4,Asahi Inori Figurine x2 + Ghostfire Wisp x2,581374,145343.5
4,Asahi Inori Figurine x2 + Ghostfire Wisp + Lost Armor,324577,81144.25
4,Asahi Inori Figurine x2 + Ghostfire Wisp + New Flavor Out Now!,323696,80924.0
4,Asahi Inori Figurine x2 + Ghostfire Wisp + Nine-Bite Snack Box,561159,140289.75
4,Asahi Inori Figurine x2 + Ghostfire Wisp + Thud-Thud Hammer,420951,105237.75
4,Asahi Inori Figurine x2 + Ghostfire Wisp + Wheelchair Model,348110,87027.5
4,Asahi Inori Figurine x2 + Lost Armor x2,67780,16945.0
4,Asahi Inori Figurine x2 + Lost Armor + New Flavor Out Now!,66899,16724.75
4,Asahi Inori Figurine x2 + Lost Armor + Nine-Bite Snack Box,304362,76090.5
4,Asahi Inori Figurine x2 + Lost Armor + Thud-Thud Hammer,164154,41038.5
4,Asahi Inori Figurine x2 + Lost Armor + Wheelchair Model,91313,22828.25
4,Asahi Inori Figurine x2 + New Flavor Out Now! x2,66018,16504.5
4,Asahi Inori Figurine x2 + New Flavor Out Now! + Nine-Bite Snack Box,303481,75870.25
4,Asahi Inori Figurine x2 + New Flavor Out Now! + Thud-Thud Hammer,163273,40818.25
4,Asahi Inori Figurine x2 + New Flavor Out Now! + Wheelchair Model,90432,22608.0
4,Asahi Inori Figurine x2 + Nine-Bite Snack Box x2,540944,135236.0
4,Asahi Inori Figurine x2 + Nine-Bite Snack Box + Thud-Thud Hammer,400736,100184.0
4,Asahi Inori Figurine x2 + Nine-Bite Snack Box + Wheelchair Model,327895,81973.75
4,Asahi Inori Figurine x2 + Thud-Thud Hammer x2,260528,65132.0
4,Asahi Inori Figurine x2 + Thud-Thud Hammer + Wheelchair Model,187687,46921.75
4,Asahi Inori Figurine x2 + Wheelchair Model x2,114846,28711.5
4,Asahi Inori Figurine + Ghostfire Wisp x3,811533,202883.25
4,Asahi Inori Figurine + Ghostfire Wisp x2 + Lost Armor,554736,138684.0
4,Asahi Inori Figurine + Ghostfire Wisp x2 + New Flavor Out Now!,553855,138463.75
4,Asahi Inori Figurine + Ghostfire Wisp x2 + Nine-Bite Snack Box,791318,197829.5
4,Asahi Inori Figurine + Ghostfire Wisp x2 + Thud-Thud Hammer,651110,162777.5
4,Asahi Inori Figurine + Ghostfire Wisp x2 + Wheelchair Model,578269,144567.25
4,Asahi Inori Figurine + Ghostfire Wisp + Lost Armor x2,297939,74484.75
4,Asahi Inori Figurine + Ghostfire Wisp + Lost Armor + New Flavor Out Now!,297058,74264.5
4,Asahi Inori Figurine + Ghostfire Wisp + Lost Armor + Nine-Bite Snack Box,534521,133630.25
4,Asahi Inori Figurine + Ghostfire Wisp + Lost Armor + Thud-Thud Hammer,394313,98578.25
4,Asahi Inori Figurine + Ghostfire Wisp + Lost Armor + Wheelchair Model,321472,80368.0
4,Asahi Inori Figurine + Ghostfire Wisp + New Flavor Out Now! x2,296177,74044.25
4,Asahi Inori Figurine + Ghostfire Wisp + New Flavor Out Now! + Nine-Bite Snack Box,533640,133410.0
4,Asahi Inori Figurine + Ghostfire Wisp + New Flavor Out Now! + Thud-Thud Hammer,393432,98358.0
4,Asahi Inori Figurine + Ghostfire Wisp + New Flavor Out Now! + Wheelchair Model,320591,80147.75
4,Asahi Inori Figurine + Ghostfire Wisp + Nine-Bite Snack Box x2,771103,192775.75
4,Asahi Inori Figurine + Ghostfire Wisp + Nine-Bite Snack Box + Thud-Thud Hammer,630895,157723.75
4,Asahi Inori Figurine + Ghostfire Wisp + Nine-Bite Snack Box + Wheelchair Model,558054,139513.5
4,Asahi Inori Figurine + Ghostfire Wisp + Thud-Thud Hammer x2,490687,122671.75
4,Asahi Inori Figurine + Ghostfire Wisp + Thud-Thud Hammer + Wheelchair Model,417846,104461.5
4,Asahi Inori Figurine + Ghostfire Wisp + Wheelchair Model x2,345005,86251.25
4,Asahi Inori Figurine + Lost Armor x3,41142,10285.5
4,Asahi Inori Figurine + Lost Armor x2 + New Flavor Out Now!,40261,10065.25
4,Asahi Inori Figurine + Lost Armor x2 + Nine-Bite Snack Box,277724,69431.0
4,Asahi Inori Figurine + Lost Armor x2 + Thud-Thud Hammer,137516,34379.0
4,Asahi Inori Figurine + Lost Armor x2 + Wheelchair Model,64675,16168.75
4,Asahi Inori Figurine + Lost Armor + New Flavor Out Now! x2,39380,9845.0
4,Asahi Inori Figurine + Lost Armor + New Flavor Out Now! + Nine-Bite Snack Box,276843,69210.75
4,Asahi Inori Figurine + Lost Armor + New Flavor Out Now! + Thud-Thud Hammer,136635,34158.75
4,Asahi Inori Figurine + Lost Armor + New Flavor Out Now! + Wheelchair Model,63794,15948.5
4,Asahi Inori Figurine + Lost Armor + Nine-Bite Snack Box x2,514306,128576.5
4,Asahi Inori Figurine + Lost Armor + Nine-Bite Snack Box + Thud-Thud Hammer,374098,93524.5
4,Asahi Inori Figurine + Lost Armor + Nine-Bite Snack Box + Wheelchair Model,301257,75314.25
4,Asahi Inori Figurine + Lost Armor + Thud-Thud Hammer x2,233890,58472.5
4,Asahi Inori Figurine + Lost Armor + Thud-Thud Hammer + Wheelchair Model,161049,40262.25
4,Asahi Inori Figurine + Lost Armor + Wheelchair Model x2,88208,22052.0
4,Asahi Inori Figurine + New Flavor Out Now! x3,38499,9624.75
4,Asahi Inori Figurine + New Flavor Out Now! x2 + Nine-Bite Snack Box,275962,68990.5
4,Asahi Inori Figurine + New Flavor Out Now! x2 + Thud-Thud Hammer,135754,33938.5
4,Asahi Inori Figurine + New Flavor Out Now! x2 + Wheelchair Model,62913,15728.25
4,Asahi Inori Figurine + New Flavor Out Now! + Nine-Bite Snack Box x2,513425,128356.25
4,Asahi Inori Figurine + New Flavor Out Now! + Nine-Bite Snack Box + Thud-Thud Hammer,373217,93304.25
4,Asahi Inori Figurine + New Flavor Out Now! + Nine-Bite Snack Box + Wheelchair Model,300376,75094.0
4,Asahi Inori Figurine + New Flavor Out Now! + Thud-Thud Hammer x2,233009,58252.25
4,Asahi Inori Figurine + New Flavor Out Now! + Thud-Thud Hammer + Wheelchair Model,160168,40042.0
4,Asahi Inori Figurine + New Flavor Out Now! + Wheelchair Model x2,87327,21831.75
4,Asahi Inori Figurine + Nine-Bite Snack Box x3,750888,187722.0
4,Asahi Inori Figurine + Nine-Bite Snack Box x2 + Thud-Thud Hammer,610680,152670.0
4,Asahi Inori Figurine + Nine-Bite Snack Box x2 + Wheelchair Model,537839,134459.75
4,Asahi Inori Figurine + Nine-Bite Snack Box + Thud-Thud Hammer x2,470472,117618.0
4,Asahi Inori Figurine + Nine-Bite Snack Box + Thud-Thud Hammer + Wheelchair Model,397631,99407.75
4,Asahi Inori Figurine + Nine-Bite Snack Box + Wheelchair Model x2,324790,81197.5
4,Asahi Inori Figurine + Thud-Thud Hammer x3,330264,82566.0
4,Asahi Inori Figurine + Thud-Thud Hammer x2 + Wheelchair Model,257423,64355.75
4,Asahi Inori Figurine + Thud-Thud Hammer + Wheelchair Model x2,184582,46145.5
4,Asahi Inori Figurine + Wheelchair Model x3,111741,27935.25
4,Ghostfire Wisp x4,1041692,260423.0
4,Ghostfire Wisp x3 + Lost Armor,784895,196223.75
4,Ghostfire Wisp x3 + New Flavor Out Now!,784014,196003.5
4,Ghostfire Wisp x3 + Nine-Bite Snack Box,1021477,255369.25
4,Ghostfire Wisp x3 + Thud-Thud Hammer,881269,220317.25
4,Ghostfire Wisp x3 + Wheelchair Model,808428,202107.0
4,Ghostfire Wisp x2 + Lost Armor x2,528098,132024.5
4,Ghostfire Wisp x2 + Lost Armor + New Flavor Out Now!,527217,131804.25
4,Ghostfire Wisp x2 + Lost Armor + Nine-Bite Snack Box,764680,191170.0
4,Ghostfire Wisp x2 + Lost Armor + Thud-Thud Hammer,624472,156118.0
4,Ghostfire Wisp x2 + Lost Armor + Wheelchair Model,551631,137907.75
4,Ghostfire Wisp x2 + New Flavor Out Now! x2,526336,131584.0
4,Ghostfire Wisp x2 + New Flavor Out Now! + Nine-Bite Snack Box,763799,190949.75
4,Ghostfire Wisp x2 + New Flavor Out Now! + Thud-Thud Hammer,623591,155897.75
4,Ghostfire Wisp x2 + New Flavor Out Now! + Wheelchair Model,550750,137687.5
4,Ghostfire Wisp x2 + Nine-Bite Snack Box x2,1001262,250315.5
4,Ghostfire Wisp x2 + Nine-Bite Snack Box + Thud-Thud Hammer,861054,215263.5
4,Ghostfire Wisp x2 + Nine-Bite Snack Box + Wheelchair Model,788213,197053.25
4,Ghostfire Wisp x2 + Thud-Thud Hammer x2,720846,180211.5
4,Ghostfire Wisp x2 + Thud-Thud Hammer + Wheelchair Model,648005,162001.25
4,Ghostfire Wisp x2 + Wheelchair Model x2,575164,143791.0
4,Ghostfire Wisp + Lost Armor x3,271301,67825.25
4,Ghostfire Wisp + Lost Armor x2 + New Flavor Out Now!,270420,67605.0
4,Ghostfire Wisp + Lost Armor x2 + Nine-Bite Snack Box,507883,126970.75
4,Ghostfire Wisp + Lost Armor x2 + Thud-Thud Hammer,367675,91918.75
4,Ghostfire Wisp + Lost Armor x2 + Wheelchair Model,294834,73708.5
4,Ghostfire Wisp + Lost Armor + New Flavor Out Now! x2,269539,67384.75
4,Ghostfire Wisp + Lost Armor + New Flavor Out Now! + Nine-Bite Snack Box,507002,126750.5
4,Ghostfire Wisp + Lost Armor + New Flavor Out Now! + Thud-Thud Hammer,366794,91698.5
4,Ghostfire Wisp + Lost Armor + New Flavor Out Now! + Wheelchair Model,293953,73488.25
4,Ghostfire Wisp + Lost Armor + Nine-Bite Snack Box x2,744465,186116.25
4,Ghostfire Wisp + Lost Armor + Nine-Bite Snack Box + Thud-Thud Hammer,604257,151064.25
4,Ghostfire Wisp + Lost Armor + Nine-Bite Snack Box + Wheelchair Model,531416,132854.0
4,Ghostfire Wisp + Lost Armor + Thud-Thud Hammer x2,464049,116012.25
4,Ghostfire Wisp + Lost Armor + Thud-Thud Hammer + Wheelchair Model,391208,97802.0
4,Ghostfire Wisp + Lost Armor + Wheelchair Model x2,318367,79591.75
4,Ghostfire Wisp + New Flavor Out Now! x3,268658,67164.5
4,Ghostfire Wisp + New Flavor Out Now! x2 + Nine-Bite Snack Box,506121,126530.25
4,Ghostfire Wisp + New Flavor Out Now! x2 + Thud-Thud Hammer,365913,91478.25
4,Ghostfire Wisp + New Flavor Out Now! x2 + Wheelchair Model,293072,73268.0
4,Ghostfire Wisp + New Flavor Out Now! + Nine-Bite Snack Box x2,743584,185896.0
4,Ghostfire Wisp + New Flavor Out Now! + Nine-Bite Snack Box + Thud-Thud Hammer,603376,150844.0
4,Ghostfire Wisp + New Flavor Out Now! + Nine-Bite Snack Box + Wheelchair Model,530535,132633.75
4,Ghostfire Wisp + New Flavor Out Now! + Thud-Thud Hammer x2,463168,115792.0
4,Ghostfire Wisp + New Flavor Out Now! + Thud-Thud Hammer + Wheelchair Model,390327,97581.75
4,Ghostfire Wisp + New Flavor Out Now! + Wheelchair Model x2,317486,79371.5
4,Ghostfire Wisp + Nine-Bite Snack Box x3,981047,245261.75
4,Ghostfire Wisp + Nine-Bite Snack Box x2 + Thud-Thud Hammer,840839,210209.75
4,Ghostfire Wisp + Nine-Bite Snack Box x2 + Wheelchair Model,767998,191999.5
4,Ghostfire Wisp + Nine-Bite Snack Box + Thud-Thud Hammer x2,700631,175157.75
4,Ghostfire Wisp + Nine-Bite Snack Box + Thud-Thud Hammer + Wheelchair Model,627790,156947.5
4,Ghostfire Wisp + Nine-Bite Snack Box + Wheelchair Model x2,554949,138737.25
4,Ghostfire Wisp + Thud-Thud Hammer x3,560423,140105.75
4,Ghostfire Wisp + Thud-Thud Hammer x2 + Wheelchair Model,487582,121895.5
4,Ghostfire Wisp + Thud-Thud Hammer + Wheelchair Model x2,414741,103685.25
4,Ghostfire Wisp + Wheelchair Model x3,341900,85475.0
4,Lost Armor x4,14504,3626.0
4,Lost Armor x3 + New Flavor Out Now!,13623,3405.75
4,Lost Armor x3 + Nine-Bite Snack Box,251086,62771.5
4,Lost Armor x3 + Thud-Thud Hammer,110878,27719.5
4,Lost Armor x3 + Wheelchair Model,38037,9509.25
4,Lost Armor x2 + New Flavor Out Now! x2,12742,3185.5
4,Lost Armor x2 + New Flavor Out Now! + Nine-Bite Snack Box,250205,62551.25
4,Lost Armor x2 + New Flavor Out Now! + Thud-Thud Hammer,109997,27499.25
4,Lost Armor x2 + New Flavor Out Now! + Wheelchair Model,37156,9289.0
4,Lost Armor x2 + Nine-Bite Snack Box x2,487668,121917.0
4,Lost Armor x2 + Nine-Bite Snack Box + Thud-Thud Hammer,347460,86865.0
4,Lost Armor x2 + Nine-Bite Snack Box + Wheelchair Model,274619,68654.75
4,Lost Armor x2 + Thud-Thud Hammer x2,207252,51813.0
4,Lost Armor x2 + Thud-Thud Hammer + Wheelchair Model,134411,33602.75
4,Lost Armor x2 + Wheelchair Model x2,61570,15392.5
4,Lost Armor + New Flavor Out Now! x3,11861,2965.25
4,Lost Armor + New Flavor Out Now! x2 + Nine-Bite Snack Box,249324,62331.0
4,Lost Armor + New Flavor Out Now! x2 + Thud-Thud Hammer,109116,27279.0
4,Lost Armor + New Flavor Out Now! x2 + Wheelchair Model,36275,9068.75
4,Lost Armor + New Flavor Out Now! + Nine-Bite Snack Box x2,486787,121696.75
4,Lost Armor + New Flavor Out Now! + Nine-Bite Snack Box + Thud-Thud Hammer,346579,86644.75
4,Lost Armor + New Flavor Out Now! + Nine-Bite Snack Box + Wheelchair Model,273738,68434.5
4,Lost Armor + New Flavor Out Now! + Thud-Thud Hammer x2,206371,51592.75
4,Lost Armor + New Flavor Out Now! + Thud-Thud Hammer + Wheelchair Model,133530,33382.5
4,Lost Armor + New Flavor Out Now! + Wheelchair Model x2,60689,15172.25
4,Lost Armor + Nine-Bite Snack Box x3,724250,181062.5
4,Lost Armor + Nine-Bite Snack Box x2 + Thud-Thud Hammer,584042,146010.5
4,Lost Armor + Nine-Bite Snack Box x2 + Wheelchair Model,511201,127800.25
4,Lost Armor + Nine-Bite Snack Box + Thud-Thud Hammer x2,443834,110958.5
4,Lost Armor + Nine-Bite Snack Box + Thud-Thud Hammer + Wheelchair Model,370993,92748.25
4,Lost Armor + Nine-Bite Snack Box + Wheelchair Model x2,298152,74538.0
4,Lost Armor + Thud-Thud Hammer x3,303626,75906.5
4,Lost Armor + Thud-Thud Hammer x2 + Wheelchair Model,230785,57696.25
4,Lost Armor + Thud-Thud Hammer + Wheelchair Model x2,157944,39486.0
4,Lost Armor + Wheelchair Model x3,85103,21275.75
4,New Flavor Out Now! x4,10980,2745.0
4,New Flavor Out Now! x3 + Nine-Bite Snack Box,248443,62110.75
4,New Flavor Out Now! x3 + Thud-Thud Hammer,108235,27058.75
4,New Flavor Out Now! x3 + Wheelchair Model,35394,8848.5
4,New Flavor Out Now! x2 + Nine-Bite Snack Box x2,485906,121476.5
4,New Flavor Out Now! x2 + Nine-Bite Snack Box + Thud-Thud Hammer,345698,86424.5
4,New Flavor Out Now! x2 + Nine-Bite Snack Box + Wheelchair Model,272857,68214.25
4,New Flavor Out Now! x2 + Thud-Thud Hammer x2,205490,51372.5
4,New Flavor Out Now! x2 + Thud-Thud Hammer + Wheelchair Model,132649,33162.25
4,New Flavor Out Now! x2 + Wheelchair Model x2,59808,14952.0
4,New Flavor Out Now! + Nine-Bite Snack Box x3,723369,180842.25
4,New Flavor Out Now! + Nine-Bite Snack Box x2 + Thud-Thud Hammer,583161,145790.25
4,New Flavor Out Now! + Nine-Bite Snack Box x2 + Wheelchair Model,510320,127580.0
4,New Flavor Out Now! + Nine-Bite Snack Box + Thud-Thud Hammer x2,442953,110738.25
4,New Flavor Out Now! + Nine-Bite Snack Box + Thud-Thud Hammer + Wheelchair Model,370112,92528.0
4,New Flavor Out Now! + Nine-Bite Snack Box + Wheelchair Model x2,297271,74317.75
4,New Flavor Out Now! + Thud-Thud Hammer x3,302745,75686.25
4,New Flavor Out Now! + Thud-Thud Hammer x2 + Wheelchair Model,229904,57476.0
4,New Flavor Out Now! + Thud-Thud Hammer + Wheelchair Model x2,157063,39265.75
4,New Flavor Out Now! + Wheelchair Model x3,84222,21055.5
4,Nine-Bite Snack Box x4,960832,240208.0
4,Nine-Bite Snack Box x3 + Thud-Thud Hammer,820624,205156.0
4,Nine-Bite Snack Box x3 + Wheelchair Model,747783,186945.75
4,Nine-Bite Snack Box x2 + Thud-Thud Hammer x2,680416,170104.0
4,Nine-Bite Snack Box x2 + Thud-Thud Hammer + Wheelchair Model,607575,151893.75
4,Nine-Bite Snack Box x2 + Wheelchair Model x2,534734,133683.5
4,Nine-Bite Snack Box + Thud-Thud Hammer x3,540208,135052.0
4,Nine-Bite Snack Box + Thud-Thud Hammer x2 + Wheelchair Model,467367,116841.75
4,Nine-Bite Snack Box + Thud-Thud Hammer + Wheelchair Model x2,394526,98631.5
4,Nine-Bite Snack Box + Wheelchair Model x3,321685,80421.25
4,Thud-Thud Hammer x4,400000,100000.0
4,Thud-Thud Hammer x3 + Wheelchair Model,327159,81789.75
4,Thud-Thud Hammer x2 + Wheelchair Model x2,254318,63579.5
4,Thud-Thud Hammer + Wheelchair Model x3,181477,45369.25
4,Wheelchair Model x4,108636,27159.0
5,Artwork: Deep Forest x5,30345,6069.0
5,Artwork: Deep Forest x4 + Asahi Inori Figurine,54540,10908.0
5,Artwork: Deep Forest x4 + Ghostfire Wisp,284699,56939.8
5,Artwork: Deep Forest x4 + Lost Armor,27902,5580.4
5,Artwork: Deep Forest x4 + New Flavor Out Now!,27021,5404.2
5,Artwork: Deep Forest x4 + Nine-Bite Snack Box,264484,52896.8
5,Artwork: Deep Forest x4 + Thud-Thud Hammer,124276,24855.2
5,Artwork: Deep Forest x4 + Wheelchair Model,51435,10287.0
5,Artwork: Deep Forest x3 + Asahi Inori Figurine x2,78735,15747.0
5,Artwork: Deep Forest x3 + Asahi Inori Figurine + Ghostfire Wisp,308894,61778.8
5,Artwork: Deep Forest x3 + Asahi Inori Figurine + Lost Armor,52097,10419.4
5,Artwork: Deep Forest x3 + Asahi Inori Figurine + New Flavor Out Now!,51216,10243.2
5,Artwork: Deep Forest x3 + Asahi Inori Figurine + Nine-Bite Snack Box,288679,57735.8
5,Artwork: Deep Forest x3 + Asahi Inori Figurine + Thud-Thud Hammer,148471,29694.2
5,Artwork: Deep Forest x3 + Asahi Inori Figurine + Wheelchair Model,75630,15126.0
5,Artwork: Deep Forest x3 + Ghostfire Wisp x2,539053,107810.6
5,Artwork: Deep Forest x3 + Ghostfire Wisp + Lost Armor,282256,56451.2
5,Artwork: Deep Forest x3 + Ghostfire Wisp + New Flavor Out Now!,281375,56275.0
5,Artwork: Deep Forest x3 + Ghostfire Wisp + Nine-Bite Snack Box,518838,103767.6
5,Artwork: Deep Forest x3 + Ghostfire Wisp + Thud-Thud Hammer,378630,75726.0
5,Artwork: Deep Forest x3 + Ghostfire Wisp + Wheelchair Model,305789,61157.8
5,Artwork: Deep Forest x3 + Lost Armor x2,25459,5091.8
5,Artwork: Deep Forest x3 + Lost Armor + New Flavor Out Now!,24578,4915.6
5,Artwork: Deep Forest x3 + Lost Armor + Nine-Bite Snack Box,262041,52408.2
5,Artwork: Deep Forest x3 + Lost Armor + Thud-Thud Hammer,121833,24366.6
5,Artwork: Deep Forest x3 + Lost Armor + Wheelchair Model,48992,9798.4
5,Artwork: Deep Forest x3 + New Flavor Out Now! x2,23697,4739.4
5,Artwork: Deep Forest x3 + New Flavor Out Now! + Nine-Bite Snack Box,261160,52232.0
5,Artwork: Deep Forest x3 + New Flavor Out Now! + Thud-Thud Hammer,120952,24190.4
5,Artwork: Deep Forest x3 + New Flavor Out Now! + Wheelchair Model,48111,9622.2
5,Artwork: Deep Forest x3 + Nine-Bite Snack Box x2,498623,99724.6
5,Artwork: Deep Forest x3 + Nine-Bite Snack Box + Thud-Thud Hammer,358415,71683.0
5,Artwork: Deep Forest x3 + Nine-Bite Snack Box + Wheelchair Model,285574,57114.8
5,Artwork: Deep Forest x3 + Thud-Thud Hammer x2,218207,43641.4
5,Artwork: Deep Forest x3 + Thud-Thud Hammer + Wheelchair Model,145366,29073.2
5,Artwork: Deep Forest x3 + Wheelchair Model x2,72525,14505.0
5,Artwork: Deep Forest x2 + Asahi Inori Figurine x3,102930,20586.0
5,Artwork: Deep Forest x2 + Asahi Inori Figurine x2 + Ghostfire Wisp,333089,66617.8
5,Artwork: Deep Forest x2 + Asahi Inori Figurine x2 + Lost Armor,76292,15258.4
5,Artwork: Deep Forest x2 + Asahi Inori Figurine x2 + New Flavor Out Now!,75411,15082.2
5,Artwork: Deep Forest x2 + Asahi Inori Figurine x2 + Nine-Bite Snack Box,312874,62574.8
5,Artwork: Deep Forest x2 + Asahi Inori Figurine x2 + Thud-Thud Hammer,172666,34533.2
5,Artwork: Deep Forest x2 + Asahi Inori Figurine x2 + Wheelchair Model,99825,19965.0
5,Artwork: Deep Forest x2 + Asahi Inori Figurine + Ghostfire Wisp x2,563248,112649.6
5,Artwork: Deep Forest x2 + Asahi Inori Figurine + Ghostfire Wisp + Lost Armor,306451,61290.2
5,Artwork: Deep Forest x2 + Asahi Inori Figurine + Ghostfire Wisp + New Flavor Out Now!,305570,61114.0
5,Artwork: Deep Forest x2 + Asahi Inori Figurine + Ghostfire Wisp + Nine-Bite Snack Box,543033,108606.6
5,Artwork: Deep Forest x2 + Asahi Inori Figurine + Ghostfire Wisp + Thud-Thud Hammer,402825,80565.0
5,Artwork: Deep Forest x2 + Asahi Inori Figurine + Ghostfire Wisp + Wheelchair Model,329984,65996.8
5,Artwork: Deep Forest x2 + Asahi Inori Figurine + Lost Armor x2,49654,9930.8
5,Artwork: Deep Forest x2 + Asahi Inori Figurine + Lost Armor + New Flavor Out Now!,48773,9754.6
5,Artwork: Deep Forest x2 + Asahi Inori Figurine + Lost Armor + Nine-Bite Snack Box,286236,57247.2
5,Artwork: Deep Forest x2 + Asahi Inori Figurine + Lost Armor + Thud-Thud Hammer,146028,29205.6
5,Artwork: Deep Forest x2 + Asahi Inori Figurine + Lost Armor + Wheelchair Model,73187,14637.4
5,Artwork: Deep Forest x2 + Asahi Inori Figurine + New Flavor Out Now! x2,47892,9578.4
5,Artwork: Deep Forest x2 + Asahi Inori Figurine + New Flavor Out Now! + Nine-Bite Snack Box,285355,57071.0
5,Artwork: Deep Forest x2 + Asahi Inori Figurine + New Flavor Out Now! + Thud-Thud Hammer,145147,29029.4
5,Artwork: Deep Forest x2 + Asahi Inori Figurine + New Flavor Out Now! + Wheelchair Model,72306,14461.2
5,Artwork: Deep Forest x2 + Asahi Inori Figurine + Nine-Bite Snack Box x2,522818,104563.6
5,Artwork: Deep Forest x2 + Asahi Inori Figurine + Nine-Bite Snack Box + Thud-Thud Hammer,382610,76522.0
5,Artwork: Deep Forest x2 + Asahi Inori Figurine + Nine-Bite Snack Box + Wheelchair Model,309769,61953.8
5,Artwork: Deep Forest x2 + Asahi Inori Figurine + Thud-Thud Hammer x2,242402,48480.4
5,Artwork: Deep Forest x2 + Asahi Inori Figurine + Thud-Thud Hammer + Wheelchair Model,169561,33912.2
5,Artwork: Deep Forest x2 + Asahi Inori Figurine + Wheelchair Model x2,96720,19344.0
5,Artwork: Deep Forest x2 + Ghostfire Wisp x3,793407,158681.4
5,Artwork: Deep Forest x2 + Ghostfire Wisp x2 + Lost Armor,536610,107322.0
5,Artwork: Deep Forest x2 + Ghostfire Wisp x2 + New Flavor Out Now!,535729,107145.8
5,Artwork: Deep Forest x2 + Ghostfire Wisp x2 + Nine-Bite Snack Box,773192,154638.4
5,Artwork: Deep Forest x2 + Ghostfire Wisp x2 + Thud-Thud Hammer,632984,126596.8
5,Artwork: Deep Forest x2 + Ghostfire Wisp x2 + Wheelchair Model,560143,112028.6
5,Artwork: Deep Forest x2 + Ghostfire Wisp + Lost Armor x2,279813,55962.6
5,Artwork: Deep Forest x2 + Ghostfire Wisp + Lost Armor + New Flavor Out Now!,278932,55786.4
5,Artwork: Deep Forest x2 + Ghostfire Wisp + Lost Armor + Nine-Bite Snack Box,516395,103279.0
5,Artwork: Deep Forest x2 + Ghostfire Wisp + Lost Armor + Thud-Thud Hammer,376187,75237.4
5,Artwork: Deep Forest x2 + Ghostfire Wisp + Lost Armor + Wheelchair Model,303346,60669.2
5,Artwork: Deep Forest x2 + Ghostfire Wisp + New Flavor Out Now! x2,278051,55610.2
5,Artwork: Deep Forest x2 + Ghostfire Wisp + New Flavor Out Now! + Nine-Bite Snack Box,515514,103102.8
5,Artwork: Deep Forest x2 + Ghostfire Wisp + New Flavor Out Now! + Thud-Thud Hammer,375306,75061.2
5,Artwork: Deep Forest x2 + Ghostfire Wisp + New Flavor Out Now! + Wheelchair Model,302465,60493.0
5,Artwork: Deep Forest x2 + Ghostfire Wisp + Nine-Bite Snack Box x2,752977,150595.4
5,Artwork: Deep Forest x2 + Ghostfire Wisp + Nine-Bite Snack Box + Thud-Thud Hammer,612769,122553.8
5,Artwork: Deep Forest x2 + Ghostfire Wisp + Nine-Bite Snack Box + Wheelchair Model,539928,107985.6
5,Artwork: Deep Forest x2 + Ghostfire Wisp + Thud-Thud Hammer x2,472561,94512.2
5,Artwork: Deep Forest x2 + Ghostfire Wisp + Thud-Thud Hammer + Wheelchair Model,399720,79944.0
5,Artwork: Deep Forest x2 + Ghostfire Wisp + Wheelchair Model x2,326879,65375.8
5,Artwork: Deep Forest x2 + Lost Armor x3,23016,4603.2
5,Artwork: Deep Forest x2 + Lost Armor x2 + New Flavor Out Now!,22135,4427.0
5,Artwork: Deep Forest x2 + Lost Armor x2 + Nine-Bite Snack Box,259598,51919.6
5,Artwork: Deep Forest x2 + Lost Armor x2 + Thud-Thud Hammer,119390,23878.0
5,Artwork: Deep Forest x2 + Lost Armor x2 + Wheelchair Model,46549,9309.8
5,Artwork: Deep Forest x2 + Lost Armor + New Flavor Out Now! x2,21254,4250.8
5,Artwork: Deep Forest x2 + Lost Armor + New Flavor Out Now! + Nine-Bite Snack Box,258717,51743.4
5,Artwork: Deep Forest x2 + Lost Armor + New Flavor Out Now! + Thud-Thud Hammer,118509,23701.8
5,Artwork: Deep Forest x2 + Lost Armor + New Flavor Out Now! + Wheelchair Model,45668,9133.6
5,Artwork: Deep Forest x2 + Lost Armor + Nine-Bite Snack Box x2,496180,99236.0
5,Artwork: Deep Forest x2 + Lost Armor + Nine-Bite Snack Box + Thud-Thud Hammer,355972,71194.4
5,Artwork: Deep Forest x2 + Lost Armor + Nine-Bite Snack Box + Wheelchair Model,283131,56626.2
5,Artwork: Deep Forest x2 + Lost Armor + Thud-Thud Hammer x2,215764,43152.8
5,Artwork: Deep Forest x2 + Lost Armor + Thud-Thud Hammer + Wheelchair Model,142923,28584.6
5,Artwork: Deep Forest x2 + Lost Armor + Wheelchair Model x2,70082,14016.4
5,Artwork: Deep Forest x2 + New Flavor Out Now! x3,20373,4074.6
5,Artwork: Deep Forest x2 + New Flavor Out Now! x2 + Nine-Bite Snack Box,257836,51567.2
5,Artwork: Deep Forest x2 + New Flavor Out Now! x2 + Thud-Thud Hammer,117628,23525.6
5,Artwork: Deep Forest x2 + New Flavor Out Now! x2 + Wheelchair Model,44787,8957.4
5,Artwork: Deep Forest x2 + New Flavor Out Now! + Nine-Bite Snack Box x2,495299,99059.8
5,Artwork: Deep Forest x2 + New Flavor Out Now! + Nine-Bite Snack Box + Thud-Thud Hammer,355091,71018.2
5,Artwork: Deep Forest x2 + New Flavor Out Now! + Nine-Bite Snack Box + Wheelchair Model,282250,56450.0
5,Artwork: Deep Forest x2 + New Flavor Out Now! + Thud-Thud Hammer x2,214883,42976.6
5,Artwork: Deep Forest x2 + New Flavor Out Now! + Thud-Thud Hammer + Wheelchair Model,142042,28408.4
5,Artwork: Deep Forest x2 + New Flavor Out Now! + Wheelchair Model x2,69201,13840.2
5,Artwork: Deep Forest x2 + Nine-Bite Snack Box x3,732762,146552.4
5,Artwork: Deep Forest x2 + Nine-Bite Snack Box x2 + Thud-Thud Hammer,592554,118510.8
5,Artwork: Deep Forest x2 + Nine-Bite Snack Box x2 + Wheelchair Model,519713,103942.6
5,Artwork: Deep Forest x2 + Nine-Bite Snack Box + Thud-Thud Hammer x2,452346,90469.2
5,Artwork: Deep Forest x2 + Nine-Bite Snack Box + Thud-Thud Hammer + Wheelchair Model,379505,75901.0
5,Artwork: Deep Forest x2 + Nine-Bite Snack Box + Wheelchair Model x2,306664,61332.8
5,Artwork: Deep Forest x2 + Thud-Thud Hammer x3,312138,62427.6
5,Artwork: Deep Forest x2 + Thud-Thud Hammer x2 + Wheelchair Model,239297,47859.4
5,Artwork: Deep Forest x2 + Thud-Thud Hammer + Wheelchair Model x2,166456,33291.2
5,Artwork: Deep Forest x2 + Wheelchair Model x3,93615,18723.0
5,Artwork: Deep Forest + Asahi Inori Figurine x4,127125,25425.0
5,Artwork: Deep Forest + Asahi Inori Figurine x3 + Ghostfire Wisp,357284,71456.8
5,Artwork: Deep Forest + Asahi Inori Figurine x3 + Lost Armor,100487,20097.4
5,Artwork: Deep Forest + Asahi Inori Figurine x3 + New Flavor Out Now!,99606,19921.2
5,Artwork: Deep Forest + Asahi Inori Figurine x3 + Nine-Bite Snack Box,337069,67413.8
5,Artwork: Deep Forest + Asahi Inori Figurine x3 + Thud-Thud Hammer,196861,39372.2
5,Artwork: Deep Forest + Asahi Inori Figurine x3 + Wheelchair Model,124020,24804.0
5,Artwork: Deep Forest + Asahi Inori Figurine x2 + Ghostfire Wisp x2,587443,117488.6
5,Artwork: Deep Forest + Asahi Inori Figurine x2 + Ghostfire Wisp + Lost Armor,330646,66129.2
5,Artwork: Deep Forest + Asahi Inori Figurine x2 + Ghostfire Wisp + New Flavor Out Now!,329765,65953.0
5,Artwork: Deep Forest + Asahi Inori Figurine x2 + Ghostfire Wisp + Nine-Bite Snack Box,567228,113445.6
5,Artwork: Deep Forest + Asahi Inori Figurine x2 + Ghostfire Wisp + Thud-Thud Hammer,427020,85404.0
5,Artwork: Deep Forest + Asahi Inori Figurine x2 + Ghostfire Wisp + Wheelchair Model,354179,70835.8
5,Artwork: Deep Forest + Asahi Inori Figurine x2 + Lost Armor x2,73849,14769.8
5,Artwork: Deep Forest + Asahi Inori Figurine x2 + Lost Armor + New Flavor Out Now!,72968,14593.6
5,Artwork: Deep Forest + Asahi Inori Figurine x2 + Lost Armor + Nine-Bite Snack Box,310431,62086.2
5,Artwork: Deep Forest + Asahi Inori Figurine x2 + Lost Armor + Thud-Thud Hammer,170223,34044.6
5,Artwork: Deep Forest + Asahi Inori Figurine x2 + Lost Armor + Wheelchair Model,97382,19476.4
5,Artwork: Deep Forest + Asahi Inori Figurine x2 + New Flavor Out Now! x2,72087,14417.4
5,Artwork: Deep Forest + Asahi Inori Figurine x2 + New Flavor Out Now! + Nine-Bite Snack Box,309550,61910.0
5,Artwork: Deep Forest + Asahi Inori Figurine x2 + New Flavor Out Now! + Thud-Thud Hammer,169342,33868.4
5,Artwork: Deep Forest + Asahi Inori Figurine x2 + New Flavor Out Now! + Wheelchair Model,96501,19300.2
5,Artwork: Deep Forest + Asahi Inori Figurine x2 + Nine-Bite Snack Box x2,547013,109402.6
5,Artwork: Deep Forest + Asahi Inori Figurine x2 + Nine-Bite Snack Box + Thud-Thud Hammer,406805,81361.0
5,Artwork: Deep Forest + Asahi Inori Figurine x2 + Nine-Bite Snack Box + Wheelchair Model,333964,66792.8
5,Artwork: Deep Forest + Asahi Inori Figurine x2 + Thud-Thud Hammer x2,266597,53319.4
5,Artwork: Deep Forest + Asahi Inori Figurine x2 + Thud-Thud Hammer + Wheelchair Model,193756,38751.2
5,Artwork: Deep Forest + Asahi Inori Figurine x2 + Wheelchair Model x2,120915,24183.0
5,Artwork: Deep Forest + Asahi Inori Figurine + Ghostfire Wisp x3,817602,163520.4
5,Artwork: Deep Forest + Asahi Inori Figurine + Ghostfire Wisp x2 + Lost Armor,560805,112161.0
5,Artwork: Deep Forest + Asahi Inori Figurine + Ghostfire Wisp x2 + New Flavor Out Now!,559924,111984.8
5,Artwork: Deep Forest + Asahi Inori Figurine + Ghostfire Wisp x2 + Nine-Bite Snack Box,797387,159477.4
5,Artwork: Deep Forest + Asahi Inori Figurine + Ghostfire Wisp x2 + Thud-Thud Hammer,657179,131435.8
5,Artwork: Deep Forest + Asahi Inori Figurine + Ghostfire Wisp x2 + Wheelchair Model,584338,116867.6
5,Artwork: Deep Forest + Asahi Inori Figurine + Ghostfire Wisp + Lost Armor x2,304008,60801.6
5,Artwork: Deep Forest + Asahi Inori Figurine + Ghostfire Wisp + Lost Armor + New Flavor Out Now!,303127,60625.4
5,Artwork: Deep Forest + Asahi Inori Figurine + Ghostfire Wisp + Lost Armor + Nine-Bite Snack Box,540590,108118.0
5,Artwork: Deep Forest + Asahi Inori Figurine + Ghostfire Wisp + Lost Armor + Thud-Thud Hammer,400382,80076.4
5,Artwork: Deep Forest + Asahi Inori Figurine + Ghostfire Wisp + Lost Armor + Wheelchair Model,327541,65508.2
5,Artwork: Deep Forest + Asahi Inori Figurine + Ghostfire Wisp + New Flavor Out Now! x2,302246,60449.2
5,Artwork: Deep Forest + Asahi Inori Figurine + Ghostfire Wisp + New Flavor Out Now! + Nine-Bite Snack Box,539709,107941.8
5,Artwork: Deep Forest + Asahi Inori Figurine + Ghostfire Wisp + New Flavor Out Now! + Thud-Thud Hammer,399501,79900.2
5,Artwork: Deep Forest + Asahi Inori Figurine + Ghostfire Wisp + New Flavor Out Now! + Wheelchair Model,326660,65332.0
5,Artwork: Deep Forest + Asahi Inori Figurine + Ghostfire Wisp + Nine-Bite Snack Box x2,777172,155434.4
5,Artwork: Deep Forest + Asahi Inori Figurine + Ghostfire Wisp + Nine-Bite Snack Box + Thud-Thud Hammer,636964,127392.8
5,Artwork: Deep Forest + Asahi Inori Figurine + Ghostfire Wisp + Nine-Bite Snack Box + Wheelchair Model,564123,112824.6
5,Artwork: Deep Forest + Asahi Inori Figurine + Ghostfire Wisp + Thud-Thud Hammer x2,496756,99351.2
5,Artwork: Deep Forest + Asahi Inori Figurine + Ghostfire Wisp + Thud-Thud Hammer + Wheelchair Model,423915,84783.0
5,Artwork: Deep Forest + Asahi Inori Figurine + Ghostfire Wisp + Wheelchair Model x2,351074,70214.8
5,Artwork: Deep Forest + Asahi Inori Figurine + Lost Armor x3,47211,9442.2
5,Artwork: Deep Forest + Asahi Inori Figurine + Lost Armor x2 + New Flavor Out Now!,46330,9266.0
5,Artwork: Deep Forest + Asahi Inori Figurine + Lost Armor x2 + Nine-Bite Snack Box,283793,56758.6
5,Artwork: Deep Forest + Asahi Inori Figurine + Lost Armor x2 + Thud-Thud Hammer,143585,28717.0
5,Artwork: Deep Forest + Asahi Inori Figurine + Lost Armor x2 + Wheelchair Model,70744,14148.8
5,Artwork: Deep Forest + Asahi Inori Figurine + Lost Armor + New Flavor Out Now! x2,45449,9089.8
5,Artwork: Deep Forest + Asahi Inori Figurine + Lost Armor + New Flavor Out Now! + Nine-Bite Snack Box,282912,56582.4
5,Artwork: Deep Forest + Asahi Inori Figurine + Lost Armor + New Flavor Out Now! + Thud-Thud Hammer,142704,28540.8
5,Artwork: Deep Forest + Asahi Inori Figurine + Lost Armor + New Flavor Out Now! + Wheelchair Model,69863,13972.6
5,Artwork: Deep Forest + Asahi Inori Figurine + Lost Armor + Nine-Bite Snack Box x2,520375,104075.0
5,Artwork: Deep Forest + Asahi Inori Figurine + Lost Armor + Nine-Bite Snack Box + Thud-Thud Hammer,380167,76033.4
5,Artwork: Deep Forest + Asahi Inori Figurine + Lost Armor + Nine-Bite Snack Box + Wheelchair Model,307326,61465.2
5,Artwork: Deep Forest + Asahi Inori Figurine + Lost Armor + Thud-Thud Hammer x2,239959,47991.8
5,Artwork: Deep Forest + Asahi Inori Figurine + Lost Armor + Thud-Thud Hammer + Wheelchair Model,167118,33423.6
5,Artwork: Deep Forest + Asahi Inori Figurine + Lost Armor + Wheelchair Model x2,94277,18855.4
5,Artwork: Deep Forest + Asahi Inori Figurine + New Flavor Out Now! x3,44568,8913.6
5,Artwork: Deep Forest + Asahi Inori Figurine + New Flavor Out Now! x2 + Nine-Bite Snack Box,282031,56406.2
5,Artwork: Deep Forest + Asahi Inori Figurine + New Flavor Out Now! x2 + Thud-Thud Hammer,141823,28364.6
5,Artwork: Deep Forest + Asahi Inori Figurine + New Flavor Out Now! x2 + Wheelchair Model,68982,13796.4
5,Artwork: Deep Forest + Asahi Inori Figurine + New Flavor Out Now! + Nine-Bite Snack Box x2,519494,103898.8
5,Artwork: Deep Forest + Asahi Inori Figurine + New Flavor Out Now! + Nine-Bite Snack Box + Thud-Thud Hammer,379286,75857.2
5,Artwork: Deep Forest + Asahi Inori Figurine + New Flavor Out Now! + Nine-Bite Snack Box + Wheelchair Model,306445,61289.0
5,Artwork: Deep Forest + Asahi Inori Figurine + New Flavor Out Now! + Thud-Thud Hammer x2,239078,47815.6
5,Artwork: Deep Forest + Asahi Inori Figurine + New Flavor Out Now! + Thud-Thud Hammer + Wheelchair Model,166237,33247.4
5,Artwork: Deep Forest + Asahi Inori Figurine + New Flavor Out Now! + Wheelchair Model x2,93396,18679.2
5,Artwork: Deep Forest + Asahi Inori Figurine + Nine-Bite Snack Box x3,756957,151391.4
5,Artwork: Deep Forest + Asahi Inori Figurine + Nine-Bite Snack Box x2 + Thud-Thud Hammer,616749,123349.8
5,Artwork: Deep Forest + Asahi Inori Figurine + Nine-Bite Snack Box x2 + Wheelchair Model,543908,108781.6
5,Artwork: Deep Forest + Asahi Inori Figurine + Nine-Bite Snack Box + Thud-Thud Hammer x2,476541,95308.2
5,Artwork: Deep Forest + Asahi Inori Figurine + Nine-Bite Snack Box + Thud-Thud Hammer + Wheelchair Model,403700,80740.0
5,Artwork: Deep Forest + Asahi Inori Figurine + Nine-Bite Snack Box + Wheelchair Model x2,330859,66171.8
5,Artwork: Deep Forest + Asahi Inori Figurine + Thud-Thud Hammer x3,336333,67266.6
5,Artwork: Deep Forest + Asahi Inori Figurine + Thud-Thud Hammer x2 + Wheelchair Model,263492,52698.4
5,Artwork: Deep Forest + Asahi Inori Figurine + Thud-Thud Hammer + Wheelchair Model x2,190651,38130.2
5,Artwork: Deep Forest + Asahi Inori Figurine + Wheelchair Model x3,117810,23562.0
5,Artwork: Deep Forest + Ghostfire Wisp x4,1047761,209552.2
5,Artwork: Deep Forest + Ghostfire Wisp x3 + Lost Armor,790964,158192.8
5,Artwork: Deep Forest + Ghostfire Wisp x3 + New Flavor Out Now!,790083,158016.6
5,Artwork: Deep Forest + Ghostfire Wisp x3 + Nine-Bite Snack Box,1027546,205509.2
5,Artwork: Deep Forest + Ghostfire Wisp x3 + Thud-Thud Hammer,887338,177467.6
5,Artwork: Deep Forest + Ghostfire Wisp x3 + Wheelchair Model,814497,162899.4
5,Artwork: Deep Forest + Ghostfire Wisp x2 + Lost Armor x2,534167,106833.4
5,Artwork: Deep Forest + Ghostfire Wisp x2 + Lost Armor + New Flavor Out Now!,533286,106657.2
5,Artwork: Deep Forest + Ghostfire Wisp x2 + Lost Armor + Nine-Bite Snack Box,770749,154149.8
5,Artwork: Deep Forest + Ghostfire Wisp x2 + Lost Armor + Thud-Thud Hammer,630541,126108.2
5,Artwork: Deep Forest + Ghostfire Wisp x2 + Lost Armor + Wheelchair Model,557700,111540.0
5,Artwork: Deep Forest + Ghostfire Wisp x2 + New Flavor Out Now! x2,532405,106481.0
5,Artwork: Deep Forest + Ghostfire Wisp x2 + New Flavor Out Now! + Nine-Bite Snack Box,769868,153973.6
5,Artwork: Deep Forest + Ghostfire Wisp x2 + New Flavor Out Now! + Thud-Thud Hammer,629660,125932.0
5,Artwork: Deep Forest + Ghostfire Wisp x2 + New Flavor Out Now! + Wheelchair Model,556819,111363.8
5,Artwork: Deep Forest + Ghostfire Wisp x2 + Nine-Bite Snack Box x2,1007331,201466.2
5,Artwork: Deep Forest + Ghostfire Wisp x2 + Nine-Bite Snack Box + Thud-Thud Hammer,867123,173424.6
5,Artwork: Deep Forest + Ghostfire Wisp x2 + Nine-Bite Snack Box + Wheelchair Model,794282,158856.4
5,Artwork: Deep Forest + Ghostfire Wisp x2 + Thud-Thud Hammer x2,726915,145383.0
5,Artwork: Deep Forest + Ghostfire Wisp x2 + Thud-Thud Hammer + Wheelchair Model,654074,130814.8
5,Artwork: Deep Forest + Ghostfire Wisp x2 + Wheelchair Model x2,581233,116246.6
5,Artwork: Deep Forest + Ghostfire Wisp + Lost Armor x3,277370,55474.0
5,Artwork: Deep Forest + Ghostfire Wisp + Lost Armor x2 + New Flavor Out Now!,276489,55297.8
5,Artwork: Deep Forest + Ghostfire Wisp + Lost Armor x2 + Nine-Bite Snack Box,513952,102790.4
5,Artwork: Deep Forest + Ghostfire Wisp + Lost Armor x2 + Thud-Thud Hammer,373744,74748.8
5,Artwork: Deep Forest + Ghostfire Wisp + Lost Armor x2 + Wheelchair Model,300903,60180.6
5,Artwork: Deep Forest + Ghostfire Wisp + Lost Armor + New Flavor Out Now! x2,275608,55121.6
5,Artwork: Deep Forest + Ghostfire Wisp + Lost Armor + New Flavor Out Now! + Nine-Bite Snack Box,513071,102614.2
5,Artwork: Deep Forest + Ghostfire Wisp + Lost Armor + New Flavor Out Now! + Thud-Thud Hammer,372863,74572.6
5,Artwork: Deep Forest + Ghostfire Wisp + Lost Armor + New Flavor Out Now! + Wheelchair Model,300022,60004.4
5,Artwork: Deep Forest + Ghostfire Wisp + Lost Armor + Nine-Bite Snack Box x2,750534,150106.8
5,Artwork: Deep Forest + Ghostfire Wisp + Lost Armor + Nine-Bite Snack Box + Thud-Thud Hammer,610326,122065.2
5,Artwork: Deep Forest + Ghostfire Wisp + Lost Armor + Nine-Bite Snack Box + Wheelchair Model,537485,107497.0
5,Artwork: Deep Forest + Ghostfire Wisp + Lost Armor + Thud-Thud Hammer x2,470118,94023.6
5,Artwork: Deep Forest + Ghostfire Wisp + Lost Armor + Thud-Thud Hammer + Wheelchair Model,397277,79455.4
5,Artwork: Deep Forest + Ghostfire Wisp + Lost Armor + Wheelchair Model x2,324436,64887.2
5,Artwork: Deep Forest + Ghostfire Wisp + New Flavor Out Now! x3,274727,54945.4
5,Artwork: Deep Forest + Ghostfire Wisp + New Flavor Out Now! x2 + Nine-Bite Snack Box,512190,102438.0
5,Artwork: Deep Forest + Ghostfire Wisp + New Flavor Out Now! x2 + Thud-Thud Hammer,371982,74396.4
5,Artwork: Deep Forest + Ghostfire Wisp + New Flavor Out Now! x2 + Wheelchair Model,299141,59828.2
5,Artwork: Deep Forest + Ghostfire Wisp + New Flavor Out Now! + Nine-Bite Snack Box x2,749653,149930.6
5,Artwork: Deep Forest + Ghostfire Wisp + New Flavor Out Now! + Nine-Bite Snack Box + Thud-Thud Hammer,609445,121889.0
5,Artwork: Deep Forest + Ghostfire Wisp + New Flavor Out Now! + Nine-Bite Snack Box + Wheelchair Model,536604,107320.8
5,Artwork: Deep Forest + Ghostfire Wisp + New Flavor Out Now! + Thud-Thud Hammer x2,469237,93847.4
5,Artwork: Deep Forest + Ghostfire Wisp + New Flavor Out Now! + Thud-Thud Hammer + Wheelchair Model,396396,79279.2
5,Artwork: Deep Forest + Ghostfire Wisp + New Flavor Out Now! + Wheelchair Model x2,323555,64711.0
5,Artwork: Deep Forest + Ghostfire Wisp + Nine-Bite Snack Box x3,987116,197423.2
5,Artwork: Deep Forest + Ghostfire Wisp + Nine-Bite Snack Box x2 + Thud-Thud Hammer,846908,169381.6
5,Artwork: Deep Forest + Ghostfire Wisp + Nine-Bite Snack Box x2 + Wheelchair Model,774067,154813.4
5,Artwork: Deep Forest + Ghostfire Wisp + Nine-Bite Snack Box + Thud-Thud Hammer x2,706700,141340.0
5,Artwork: Deep Forest + Ghostfire Wisp + Nine-Bite Snack Box + Thud-Thud Hammer + Wheelchair Model,633859,126771.8
5,Artwork: Deep Forest + Ghostfire Wisp + Nine-Bite Snack Box + Wheelchair Model x2,561018,112203.6
5,Artwork: Deep Forest + Ghostfire Wisp + Thud-Thud Hammer x3,566492,113298.4
5,Artwork: Deep Forest + Ghostfire Wisp + Thud-Thud Hammer x2 + Wheelchair Model,493651,98730.2
5,Artwork: Deep Forest + Ghostfire Wisp + Thud-Thud Hammer + Wheelchair Model x2,420810,84162.0
5,Artwork: Deep Forest + Ghostfire Wisp + Wheelchair Model x3,347969,69593.8
5,Artwork: Deep Forest + Lost Armor x4,20573,4114.6
5,Artwork: Deep Forest + Lost Armor x3 + New Flavor Out Now!,19692,3938.4
5,Artwork: Deep Forest + Lost Armor x3 + Nine-Bite Snack Box,257155,51431.0
5,Artwork: Deep Forest + Lost Armor x3 + Thud-Thud Hammer,116947,23389.4
5,Artwork: Deep Forest + Lost Armor x3 + Wheelchair Model,44106,8821.2
5,Artwork: Deep Forest + Lost Armor x2 + New Flavor Out Now! x2,18811,3762.2
5,Artwork: Deep Forest + Lost Armor x2 + New Flavor Out Now! + Nine-Bite Snack Box,256274,51254.8
5,Artwork: Deep Forest + Lost Armor x2 + New Flavor Out Now! + Thud-Thud Hammer,116066,23213.2
5,Artwork: Deep Forest + Lost Armor x2 + New Flavor Out Now! + Wheelchair Model,43225,8645.0
5,Artwork: Deep Forest + Lost Armor x2 + Nine-Bite Snack Box x2,493737,98747.4
5,Artwork: Deep Forest + Lost Armor x2 + Nine-Bite Snack Box + Thud-Thud Hammer,353529,70705.8
5,Artwork: Deep Forest + Lost Armor x2 + Nine-Bite Snack Box + Wheelchair Model,280688,56137.6
5,Artwork: Deep Forest + Lost Armor x2 + Thud-Thud Hammer x2,213321,42664.2
5,Artwork: Deep Forest + Lost Armor x2 + Thud-Thud Hammer + Wheelchair Model,140480,28096.0
5,Artwork: Deep Forest + Lost Armor x2 + Wheelchair Model x2,67639,13527.8
5,Artwork: Deep Forest + Lost Armor + New Flavor Out Now! x3,17930,3586.0
5,Artwork: Deep Forest + Lost Armor + New Flavor Out Now! x2 + Nine-Bite Snack Box,255393,51078.6
5,Artwork: Deep Forest + Lost Armor + New Flavor Out Now! x2 + Thud-Thud Hammer,115185,23037.0
5,Artwork: Deep Forest + Lost Armor + New Flavor Out Now! x2 + Wheelchair Model,42344,8468.8
5,Artwork: Deep Forest + Lost Armor + New Flavor Out Now! + Nine-Bite Snack Box x2,492856,98571.2
5,Artwork: Deep Forest + Lost Armor + New Flavor Out Now! + Nine-Bite Snack Box + Thud-Thud Hammer,352648,70529.6
5,Artwork: Deep Forest + Lost Armor + New Flavor Out Now! + Nine-Bite Snack Box + Wheelchair Model,279807,55961.4
5,Artwork: Deep Forest + Lost Armor + New Flavor Out Now! + Thud-Thud Hammer x2,212440,42488.0
5,Artwork: Deep Forest + Lost Armor + New Flavor Out Now! + Thud-Thud Hammer + Wheelchair Model,139599,27919.8
5,Artwork: Deep Forest + Lost Armor + New Flavor Out Now! + Wheelchair Model x2,66758,13351.6
5,Artwork: Deep Forest + Lost Armor + Nine-Bite Snack Box x3,730319,146063.8
5,Artwork: Deep Forest + Lost Armor + Nine-Bite Snack Box x2 + Thud-Thud Hammer,590111,118022.2
5,Artwork: Deep Forest + Lost Armor + Nine-Bite Snack Box x2 + Wheelchair Model,517270,103454.0
5,Artwork: Deep Forest + Lost Armor + Nine-Bite Snack Box + Thud-Thud Hammer x2,449903,89980.6
5,Artwork: Deep Forest + Lost Armor + Nine-Bite Snack Box + Thud-Thud Hammer + Wheelchair Model,377062,75412.4
5,Artwork: Deep Forest + Lost Armor + Nine-Bite Snack Box + Wheelchair Model x2,304221,60844.2
5,Artwork: Deep Forest + Lost Armor + Thud-Thud Hammer x3,309695,61939.0
5,Artwork: Deep Forest + Lost Armor + Thud-Thud Hammer x2 + Wheelchair Model,236854,47370.8
5,Artwork: Deep Forest + Lost Armor + Thud-Thud Hammer + Wheelchair Model x2,164013,32802.6
5,Artwork: Deep Forest + Lost Armor + Wheelchair Model x3,91172,18234.4
5,Artwork: Deep Forest + New Flavor Out Now! x4,17049,3409.8
5,Artwork: Deep Forest + New Flavor Out Now! x3 + Nine-Bite Snack Box,254512,50902.4
5,Artwork: Deep Forest + New Flavor Out Now! x3 + Thud-Thud Hammer,114304,22860.8
5,Artwork: Deep Forest + New Flavor Out Now! x3 + Wheelchair Model,41463,8292.6
5,Artwork: Deep Forest + New Flavor Out Now! x2 + Nine-Bite Snack Box x2,491975,98395.0
5,Artwork: Deep Forest + New Flavor Out Now! x2 + Nine-Bite Snack Box + Thud-Thud Hammer,351767,70353.4
5,Artwork: Deep Forest + New Flavor Out Now! x2 + Nine-Bite Snack Box + Wheelchair Model,278926,55785.2
5,Artwork: Deep Forest + New Flavor Out Now! x2 + Thud-Thud Hammer x2,211559,42311.8
5,Artwork: Deep Forest + New Flavor Out Now! x2 + Thud-Thud Hammer + Wheelchair Model,138718,27743.6
5,Artwork: Deep Forest + New Flavor Out Now! x2 + Wheelchair Model x2,65877,13175.4
5,Artwork: Deep Forest + New Flavor Out Now! + Nine-Bite Snack Box x3,729438,145887.6
5,Artwork: Deep Forest + New Flavor Out Now! + Nine-Bite Snack Box x2 + Thud-Thud Hammer,589230,117846.0
5,Artwork: Deep Forest + New Flavor Out Now! + Nine-Bite Snack Box x2 + Wheelchair Model,516389,103277.8
5,Artwork: Deep Forest + New Flavor Out Now! + Nine-Bite Snack Box + Thud-Thud Hammer x2,449022,89804.4
5,Artwork: Deep Forest + New Flavor Out Now! + Nine-Bite Snack Box + Thud-Thud Hammer + Wheelchair Model,376181,75236.2
5,Artwork: Deep Forest + New Flavor Out Now! + Nine-Bite Snack Box + Wheelchair Model x2,303340,60668.0
5,Artwork: Deep Forest + New Flavor Out Now! + Thud-Thud Hammer x3,308814,61762.8
5,Artwork: Deep Forest + New Flavor Out Now! + Thud-Thud Hammer x2 + Wheelchair Model,235973,47194.6
5,Artwork: Deep Forest + New Flavor Out Now! + Thud-Thud Hammer + Wheelchair Model x2,163132,32626.4
5,Artwork: Deep Forest + New Flavor Out Now! + Wheelchair Model x3,90291,18058.2
5,Artwork: Deep Forest + Nine-Bite Snack Box x4,966901,193380.2
5,Artwork: Deep Forest + Nine-Bite Snack Box x3 + Thud-Thud Hammer,826693,165338.6
5,Artwork: Deep Forest + Nine-Bite Snack Box x3 + Wheelchair Model,753852,150770.4
5,Artwork: Deep Forest + Nine-Bite Snack Box x2 + Thud-Thud Hammer x2,686485,137297.0
5,Artwork: Deep Forest + Nine-Bite Snack Box x2 + Thud-Thud Hammer + Wheelchair Model,613644,122728.8
5,Artwork: Deep Forest + Nine-Bite Snack Box x2 + Wheelchair Model x2,540803,108160.6
5,Artwork: Deep Forest + Nine-Bite Snack Box + Thud-Thud Hammer x3,546277,109255.4
5,Artwork: Deep Forest + Nine-Bite Snack Box + Thud-Thud Hammer x2 + Wheelchair Model,473436,94687.2
5,Artwork: Deep Forest + Nine-Bite Snack Box + Thud-Thud Hammer + Wheelchair Model x2,400595,80119.0
5,Artwork: Deep Forest + Nine-Bite Snack Box + Wheelchair Model x3,327754,65550.8
5,Artwork: Deep Forest + Thud-Thud Hammer x4,406069,81213.8
5,Artwork: Deep Forest + Thud-Thud Hammer x3 + Wheelchair Model,333228,66645.6
5,Artwork: Deep Forest + Thud-Thud Hammer x2 + Wheelchair Model x2,260387,52077.4
5,Artwork: Deep Forest + Thud-Thud Hammer + Wheelchair Model x3,187546,37509.2
5,Artwork: Deep Forest + Wheelchair Model x4,114705,22941.0
5,Asahi Inori Figurine x5,151320,30264.0
5,Asahi Inori Figurine x4 + Ghostfire Wisp,381479,76295.8
5,Asahi Inori Figurine x4 + Lost Armor,124682,24936.4
5,Asahi Inori Figurine x4 + New Flavor Out Now!,123801,24760.2
5,Asahi Inori Figurine x4 + Nine-Bite Snack Box,361264,72252.8
5,Asahi Inori Figurine x4 + Thud-Thud Hammer,221056,44211.2
5,Asahi Inori Figurine x4 + Wheelchair Model,148215,29643.0
5,Asahi Inori Figurine x3 + Ghostfire Wisp x2,611638,122327.6
5,Asahi Inori Figurine x3 + Ghostfire Wisp + Lost Armor,354841,70968.2
5,Asahi Inori Figurine x3 + Ghostfire Wisp + New Flavor Out Now!,353960,70792.0
5,Asahi Inori Figurine x3 + Ghostfire Wisp + Nine-Bite Snack Box,591423,118284.6
5,Asahi Inori Figurine x3 + Ghostfire Wisp + Thud-Thud Hammer,451215,90243.0
5,Asahi Inori Figurine x3 + Ghostfire Wisp + Wheelchair Model,378374,75674.8
5,Asahi Inori Figurine x3 + Lost Armor x2,98044,19608.8
5,Asahi Inori Figurine x3 + Lost Armor + New Flavor Out Now!,97163,19432.6
5,Asahi Inori Figurine x3 + Lost Armor + Nine-Bite Snack Box,334626,66925.2
5,Asahi Inori Figurine x3 + Lost Armor + Thud-Thud Hammer,194418,38883.6
5,Asahi Inori Figurine x3 + Lost Armor + Wheelchair Model,121577,24315.4
5,Asahi Inori Figurine x3 + New Flavor Out Now! x2,96282,19256.4
5,Asahi Inori Figurine x3 + New Flavor Out Now! + Nine-Bite Snack Box,333745,66749.0
5,Asahi Inori Figurine x3 + New Flavor Out Now! + Thud-Thud Hammer,193537,38707.4
5,Asahi Inori Figurine x3 + New Flavor Out Now! + Wheelchair Model,120696,24139.2
5,Asahi Inori Figurine x3 + Nine-Bite Snack Box x2,571208,114241.6
5,Asahi Inori Figurine x3 + Nine-Bite Snack Box + Thud-Thud Hammer,431000,86200.0
5,Asahi Inori Figurine x3 + Nine-Bite Snack Box + Wheelchair Model,358159,71631.8
5,Asahi Inori Figurine x3 + Thud-Thud Hammer x2,290792,58158.4
5,Asahi Inori Figurine x3 + Thud-Thud Hammer + Wheelchair Model,217951,43590.2
5,Asahi Inori Figurine x3 + Wheelchair Model x2,145110,29022.0
5,Asahi Inori Figurine x2 + Ghostfire Wisp x3,841797,168359.4
5,Asahi Inori Figurine x2 + Ghostfire Wisp x2 + Lost Armor,585000,117000.0
5,Asahi Inori Figurine x2 + Ghostfire Wisp x2 + New Flavor Out Now!,584119,116823.8
5,Asahi Inori Figurine x2 + Ghostfire Wisp x2 + Nine-Bite Snack Box,821582,164316.4
5,Asahi Inori Figurine x2 + Ghostfire Wisp x2 + Thud-Thud Hammer,681374,136274.8
5,Asahi Inori Figurine x2 + Ghostfire Wisp x2 + Wheelchair Model,608533,121706.6
5,Asahi Inori Figurine x2 + Ghostfire Wisp + Lost Armor x2,328203,65640.6
5,Asahi Inori Figurine x2 + Ghostfire Wisp + Lost Armor + New Flavor Out Now!,327322,65464.4
5,Asahi Inori Figurine x2 + Ghostfire Wisp + Lost Armor + Nine-Bite Snack Box,564785,112957.0
5,Asahi Inori Figurine x2 + Ghostfire Wisp + Lost Armor + Thud-Thud Hammer,424577,84915.4
5,Asahi Inori Figurine x2 + Ghostfire Wisp + Lost Armor + Wheelchair Model,351736,70347.2
5,Asahi Inori Figurine x2 + Ghostfire Wisp + New Flavor Out Now! x2,326441,65288.2
5,Asahi Inori Figurine x2 + Ghostfire Wisp + New Flavor Out Now! + Nine-Bite Snack Box,563904,112780.8
5,Asahi Inori Figurine x2 + Ghostfire Wisp + New Flavor Out Now! + Thud-Thud Hammer,423696,84739.2
5,Asahi Inori Figurine x2 + Ghostfire Wisp + New Flavor Out Now! + Wheelchair Model,350855,70171.0
5,Asahi Inori Figurine x2 + Ghostfire Wisp + Nine-Bite Snack Box x2,801367,160273.4
5,Asahi Inori Figurine x2 + Ghostfire Wisp + Nine-Bite Snack Box + Thud-Thud Hammer,661159,132231.8
5,Asahi Inori Figurine x2 + Ghostfire Wisp + Nine-Bite Snack Box + Wheelchair Model,588318,117663.6
5,Asahi Inori Figurine x2 + Ghostfire Wisp + Thud-Thud Hammer x2,520951,104190.2
5,Asahi Inori Figurine x2 + Ghostfire Wisp + Thud-Thud Hammer + Wheelchair Model,448110,89622.0
5,Asahi Inori Figurine x2 + Ghostfire Wisp + Wheelchair Model x2,375269,75053.8
5,Asahi Inori Figurine x2 + Lost Armor x3,71406,14281.2
5,Asahi Inori Figurine x2 + Lost Armor x2 + New Flavor Out Now!,70525,14105.0
5,Asahi Inori Figurine x2 + Lost Armor x2 + Nine-Bite Snack Box,307988,61597.6
5,Asahi Inori Figurine x2 + Lost Armor x2 + Thud-Thud Hammer,167780,33556.0
5,Asahi Inori Figurine x2 + Lost Armor x2 + Wheelchair Model,94939,18987.8
5,Asahi Inori Figurine x2 + Lost Armor + New Flavor Out Now! x2,69644,13928.8
5,Asahi Inori Figurine x2 + Lost Armor + New Flavor Out Now! + Nine-Bite Snack Box,307107,61421.4
5,Asahi Inori Figurine x2 + Lost Armor + New Flavor Out Now! + Thud-Thud Hammer,166899,33379.8
5,Asahi Inori Figurine x2 + Lost Armor + New Flavor Out Now! + Wheelchair Model,94058,18811.6
5,Asahi Inori Figurine x2 + Lost Armor + Nine-Bite Snack Box x2,544570,108914.0
5,Asahi Inori Figurine x2 + Lost Armor + Nine-Bite Snack Box + Thud-Thud Hammer,404362,80872.4
5,Asahi Inori Figurine x2 + Lost Armor + Nine-Bite Snack Box + Wheelchair Model,331521,66304.2
5,Asahi Inori Figurine x2 + Lost Armor + Thud-Thud Hammer x2,264154,52830.8
5,Asahi Inori Figurine x2 + Lost Armor + Thud-Thud Hammer + Wheelchair Model,191313,38262.6
5,Asahi Inori Figurine x2 + Lost Armor + Wheelchair Model x2,118472,23694.4
5,Asahi Inori Figurine x2 + New Flavor Out Now! x3,68763,13752.6
5,Asahi Inori Figurine x2 + New Flavor Out Now! x2 + Nine-Bite Snack Box,306226,61245.2
5,Asahi Inori Figurine x2 + New Flavor Out Now! x2 + Thud-Thud Hammer,166018,33203.6
5,Asahi Inori Figurine x2 + New Flavor Out Now! x2 + Wheelchair Model,93177,18635.4
5,Asahi Inori Figurine x2 + New Flavor Out Now! + Nine-Bite Snack Box x2,543689,108737.8
5,Asahi Inori Figurine x2 + New Flavor Out Now! + Nine-Bite Snack Box + Thud-Thud Hammer,403481,80696.2
5,Asahi Inori Figurine x2 + New Flavor Out Now! + Nine-Bite Snack Box + Wheelchair Model,330640,66128.0
5,Asahi Inori Figurine x2 + New Flavor Out Now! + Thud-Thud Hammer x2,263273,52654.6
5,Asahi Inori Figurine x2 + New Flavor Out Now! + Thud-Thud Hammer + Wheelchair Model,190432,38086.4
5,Asahi Inori Figurine x2 + New Flavor Out Now! + Wheelchair Model x2,117591,23518.2
5,Asahi Inori Figurine x2 + Nine-Bite Snack Box x3,781152,156230.4
5,Asahi Inori Figurine x2 + Nine-Bite Snack Box x2 + Thud-Thud Hammer,640944,128188.8
5,Asahi Inori Figurine x2 + Nine-Bite Snack Box x2 + Wheelchair Model,568103,113620.6
5,Asahi Inori Figurine x2 + Nine-Bite Snack Box + Thud-Thud Hammer x2,500736,100147.2
5,Asahi Inori Figurine x2 + Nine-Bite Snack Box + Thud-Thud Hammer + Wheelchair Model,427895,85579.0
5,Asahi Inori Figurine x2 + Nine-Bite Snack Box + Wheelchair Model x2,355054,71010.8
5,Asahi Inori Figurine x2 + Thud-Thud Hammer x3,360528,72105.6
5,Asahi Inori Figurine x2 + Thud-Thud Hammer x2 + Wheelchair Model,287687,57537.4
5,Asahi Inori Figurine x2 + Thud-Thud Hammer + Wheelchair Model x2,214846,42969.2
5,Asahi Inori Figurine x2 + Wheelchair Model x3,142005,28401.0
5,Asahi Inori Figurine + Ghostfire Wisp x4,1071956,214391.2
5,Asahi Inori Figurine + Ghostfire Wisp x3 + Lost Armor,815159,163031.8
5,Asahi Inori Figurine + Ghostfire Wisp x3 + New Flavor Out Now!,814278,162855.6
5,Asahi Inori Figurine + Ghostfire Wisp x3 + Nine-Bite Snack Box,1051741,210348.2
5,Asahi Inori Figurine + Ghostfire Wisp x3 + Thud-Thud Hammer,911533,182306.6
5,Asahi Inori Figurine + Ghostfire Wisp x3 + Wheelchair Model,838692,167738.4
5,Asahi Inori Figurine + Ghostfire Wisp x2 + Lost Armor x2,558362,111672.4
5,Asahi Inori Figurine + Ghostfire Wisp x2 + Lost Armor + New Flavor Out Now!,557481,111496.2
5,Asahi Inori Figurine + Ghostfire Wisp x2 + Lost Armor + Nine-Bite Snack Box,794944,158988.8
5,Asahi Inori Figurine + Ghostfire Wisp x2 + Lost Armor + Thud-Thud Hammer,654736,130947.2
5,Asahi Inori Figurine + Ghostfire Wisp x2 + Lost Armor + Wheelchair Model,581895,116379.0
5,Asahi Inori Figurine + Ghostfire Wisp x2 + New Flavor Out Now! x2,556600,111320.0
5,Asahi Inori Figurine + Ghostfire Wisp x2 + New Flavor Out Now! + Nine-Bite Snack Box,794063,158812.6
5,Asahi Inori Figurine + Ghostfire Wisp x2 + New Flavor Out Now! + Thud-Thud Hammer,653855,130771.0
5,Asahi Inori Figurine + Ghostfire Wisp x2 + New Flavor Out Now! + Wheelchair Model,581014,116202.8
5,Asahi Inori Figurine + Ghostfire Wisp x2 + Nine-Bite Snack Box x2,1031526,206305.2
5,Asahi Inori Figurine + Ghostfire Wisp x2 + Nine-Bite Snack Box + Thud-Thud Hammer,891318,178263.6
5,Asahi Inori Figurine + Ghostfire Wisp x2 + Nine-Bite Snack Box + Wheelchair Model,818477,163695.4
5,Asahi Inori Figurine + Ghostfire Wisp x2 + Thud-Thud Hammer x2,751110,150222.0
5,Asahi Inori Figurine + Ghostfire Wisp x2 + Thud-Thud Hammer + Wheelchair Model,678269,135653.8
5,Asahi Inori Figurine + Ghostfire Wisp x2 + Wheelchair Model x2,605428,121085.6
5,Asahi Inori Figurine + Ghostfire Wisp + Lost Armor x3,301565,60313.0
5,Asahi Inori Figurine + Ghostfire Wisp + Lost Armor x2 + New Flavor Out Now!,300684,60136.8
5,Asahi Inori Figurine + Ghostfire Wisp + Lost Armor x2 + Nine-Bite Snack Box,538147,107629.4
5,Asahi Inori Figurine + Ghostfire Wisp + Lost Armor x2 + Thud-Thud Hammer,397939,79587.8
5,Asahi Inori Figurine + Ghostfire Wisp + Lost Armor x2 + Wheelchair Model,325098,65019.6
5,Asahi Inori Figurine + Ghostfire Wisp + Lost Armor + New Flavor Out Now! x2,299803,59960.6
5,Asahi Inori Figurine + Ghostfire Wisp + Lost Armor + New Flavor Out Now! + Nine-Bite Snack Box,537266,107453.2
5,Asahi Inori Figurine + Ghostfire Wisp + Lost Armor + New Flavor Out Now! + Thud-Thud Hammer,397058,79411.6
5,Asahi Inori Figurine + Ghostfire Wisp + Lost Armor + New Flavor Out Now! + Wheelchair Model,324217,64843.4
5,Asahi Inori Figurine + Ghostfire Wisp + Lost Armor + Nine-Bite Snack Box x2,774729,154945.8
5,Asahi Inori Figurine + Ghostfire Wisp + Lost Armor + Nine-Bite Snack Box + Thud-Thud Hammer,634521,126904.2
5,Asahi Inori Figurine + Ghostfire Wisp + Lost Armor + Nine-Bite Snack Box + Wheelchair Model,561680,112336.0
5,Asahi Inori Figurine + Ghostfire Wisp + Lost Armor + Thud-Thud Hammer x2,494313,98862.6
5,Asahi Inori Figurine + Ghostfire Wisp + Lost Armor + Thud-Thud Hammer + Wheelchair Model,421472,84294.4
5,Asahi Inori Figurine + Ghostfire Wisp + Lost Armor + Wheelchair Model x2,348631,69726.2
5,Asahi Inori Figurine + Ghostfire Wisp + New Flavor Out Now! x3,298922,59784.4
5,Asahi Inori Figurine + Ghostfire Wisp + New Flavor Out Now! x2 + Nine-Bite Snack Box,536385,107277.0
5,Asahi Inori Figurine + Ghostfire Wisp + New Flavor Out Now! x2 + Thud-Thud Hammer,396177,79235.4
5,Asahi Inori Figurine + Ghostfire Wisp + New Flavor Out Now! x2 + Wheelchair Model,323336,64667.2
5,Asahi Inori Figurine + Ghostfire Wisp + New Flavor Out Now! + Nine-Bite Snack Box x2,773848,154769.6
5,Asahi Inori Figurine + Ghostfire Wisp + New Flavor Out Now! + Nine-Bite Snack Box + Thud-Thud Hammer,633640,126728.0
5,Asahi Inori Figurine + Ghostfire Wisp + New Flavor Out Now! + Nine-Bite Snack Box + Wheelchair Model,560799,112159.8
5,Asahi Inori Figurine + Ghostfire Wisp + New Flavor Out Now! + Thud-Thud Hammer x2,493432,98686.4
5,Asahi Inori Figurine + Ghostfire Wisp + New Flavor Out Now! + Thud-Thud Hammer + Wheelchair Model,420591,84118.2
5,Asahi Inori Figurine + Ghostfire Wisp + New Flavor Out Now! + Wheelchair Model x2,347750,69550.0
5,Asahi Inori Figurine + Ghostfire Wisp + Nine-Bite Snack Box x3,1011311,202262.2
5,Asahi Inori Figurine + Ghostfire Wisp + Nine-Bite Snack Box x2 + Thud-Thud Hammer,871103,174220.6
5,Asahi Inori Figurine + Ghostfire Wisp + Nine-Bite Snack Box x2 + Wheelchair Model,798262,159652.4
5,Asahi Inori Figurine + Ghostfire Wisp + Nine-Bite Snack Box + Thud-Thud Hammer x2,730895,146179.0
5,Asahi Inori Figurine + Ghostfire Wisp + Nine-Bite Snack Box + Thud-Thud Hammer + Wheelchair Model,658054,131610.8
5,Asahi Inori Figurine + Ghostfire Wisp + Nine-Bite Snack Box + Wheelchair Model x2,585213,117042.6
5,Asahi Inori Figurine + Ghostfire Wisp + Thud-Thud Hammer x3,590687,118137.4
5,Asahi Inori Figurine + Ghostfire Wisp + Thud-Thud Hammer x2 + Wheelchair Model,517846,103569.2
5,Asahi Inori Figurine + Ghostfire Wisp + Thud-Thud Hammer + Wheelchair Model x2,445005,89001.0
5,Asahi Inori Figurine + Ghostfire Wisp + Wheelchair Model x3,372164,74432.8
5,Asahi Inori Figurine + Lost Armor x4,44768,8953.6
5,Asahi Inori Figurine + Lost Armor x3 + New Flavor Out Now!,43887,8777.4
5,Asahi Inori Figurine + Lost Armor x3 + Nine-Bite Snack Box,281350,56270.0
5,Asahi Inori Figurine + Lost Armor x3 + Thud-Thud Hammer,141142,28228.4
5,Asahi Inori Figurine + Lost Armor x3 + Wheelchair Model,68301,13660.2
5,Asahi Inori Figurine + Lost Armor x2 + New Flavor Out Now! x2,43006,8601.2
5,Asahi Inori Figurine + Lost Armor x2 + New Flavor Out Now! + Nine-Bite Snack Box,280469,56093.8
5,Asahi Inori Figurine + Lost Armor x2 + New Flavor Out Now! + Thud-Thud Hammer,140261,28052.2
5,Asahi Inori Figurine + Lost Armor x2 + New Flavor Out Now! + Wheelchair Model,67420,13484.0
5,Asahi Inori Figurine + Lost Armor x2 + Nine-Bite Snack Box x2,517932,103586.4
5,Asahi Inori Figurine + Lost Armor x2 + Nine-Bite Snack Box + Thud-Thud Hammer,377724,75544.8
5,Asahi Inori Figurine + Lost Armor x2 + Nine-Bite Snack Box + Wheelchair Model,304883,60976.6
5,Asahi Inori Figurine + Lost Armor x2 + Thud-Thud Hammer x2,237516,47503.2
5,Asahi Inori Figurine + Lost Armor x2 + Thud-Thud Hammer + Wheelchair Model,164675,32935.0
5,Asahi Inori Figurine + Lost Armor x2 + Wheelchair Model x2,91834,18366.8
5,Asahi Inori Figurine + Lost Armor + New Flavor Out Now! x3,42125,8425.0
5,Asahi Inori Figurine + Lost Armor + New Flavor Out Now! x2 + Nine-Bite Snack Box,279588,55917.6
5,Asahi Inori Figurine + Lost Armor + New Flavor Out Now! x2 + Thud-Thud Hammer,139380,27876.0
5,Asahi Inori Figurine + Lost Armor + New Flavor Out Now! x2 + Wheelchair Model,66539,13307.8
5,Asahi Inori Figurine + Lost Armor + New Flavor Out Now! + Nine-Bite Snack Box x2,517051,103410.2
5,Asahi Inori Figurine + Lost Armor + New Flavor Out Now! + Nine-Bite Snack Box + Thud-Thud Hammer,376843,75368.6
5,Asahi Inori Figurine + Lost Armor + New Flavor Out Now! + Nine-Bite Snack Box + Wheelchair Model,304002,60800.4
5,Asahi Inori Figurine + Lost Armor + New Flavor Out Now! + Thud-Thud Hammer x2,236635,47327.0
5,Asahi Inori Figurine + Lost Armor + New Flavor Out Now! + Thud-Thud Hammer + Wheelchair Model,163794,32758.8
5,Asahi Inori Figurine + Lost Armor + New Flavor Out Now! + Wheelchair Model x2,90953,18190.6
5,Asahi Inori Figurine + Lost Armor + Nine-Bite Snack Box x3,754514,150902.8
5,Asahi Inori Figurine + Lost Armor + Nine-Bite Snack Box x2 + Thud-Thud Hammer,614306,122861.2
5,Asahi Inori Figurine + Lost Armor + Nine-Bite Snack Box x2 + Wheelchair Model,541465,108293.0
5,Asahi Inori Figurine + Lost Armor + Nine-Bite Snack Box + Thud-Thud Hammer x2,474098,94819.6
5,Asahi Inori Figurine + Lost Armor + Nine-Bite Snack Box + Thud-Thud Hammer + Wheelchair Model,401257,80251.4
5,Asahi Inori Figurine + Lost Armor + Nine-Bite Snack Box + Wheelchair Model x2,328416,65683.2
5,Asahi Inori Figurine + Lost Armor + Thud-Thud Hammer x3,333890,66778.0
5,Asahi Inori Figurine + Lost Armor + Thud-Thud Hammer x2 + Wheelchair Model,261049,52209.8
5,Asahi Inori Figurine + Lost Armor + Thud-Thud Hammer + Wheelchair Model x2,188208,37641.6
5,Asahi Inori Figurine + Lost Armor + Wheelchair Model x3,115367,23073.4
5,Asahi Inori Figurine + New Flavor Out Now! x4,41244,8248.8
5,Asahi Inori Figurine + New Flavor Out Now! x3 + Nine-Bite Snack Box,278707,55741.4
5,Asahi Inori Figurine + New Flavor Out Now! x3 + Thud-Thud Hammer,138499,27699.8
5,Asahi Inori Figurine + New Flavor Out Now! x3 + Wheelchair Model,65658,13131.6
5,Asahi Inori Figurine + New Flavor Out Now! x2 + Nine-Bite Snack Box x2,516170,103234.0
5,Asahi Inori Figurine + New Flavor Out Now! x2 + Nine-Bite Snack Box + Thud-Thud Hammer,375962,75192.4
5,Asahi Inori Figurine + New Flavor Out Now! x2 + Nine-Bite Snack Box + Wheelchair Model,303121,60624.2
5,Asahi Inori Figurine + New Flavor Out Now! x2 + Thud-Thud Hammer x2,235754,47150.8
5,Asahi Inori Figurine + New Flavor Out Now! x2 + Thud-Thud Hammer + Wheelchair Model,162913,32582.6
5,Asahi Inori Figurine + New Flavor Out Now! x2 + Wheelchair Model x2,90072,18014.4
5,Asahi Inori Figurine + New Flavor Out Now! + Nine-Bite Snack Box x3,753633,150726.6
5,Asahi Inori Figurine + New Flavor Out Now! + Nine-Bite Snack Box x2 + Thud-Thud Hammer,613425,122685.0
5,Asahi Inori Figurine + New Flavor Out Now! + Nine-Bite Snack Box x2 + Wheelchair Model,540584,108116.8
5,Asahi Inori Figurine + New Flavor Out Now! + Nine-Bite Snack Box + Thud-Thud Hammer x2,473217,94643.4
5,Asahi Inori Figurine + New Flavor Out Now! + Nine-Bite Snack Box + Thud-Thud Hammer + Wheelchair Model,400376,80075.2
5,Asahi Inori Figurine + New Flavor Out Now! + Nine-Bite Snack Box + Wheelchair Model x2,327535,65507.0
5,Asahi Inori Figurine + New Flavor Out Now! + Thud-Thud Hammer x3,333009,66601.8
5,Asahi Inori Figurine + New Flavor Out Now! + Thud-Thud Hammer x2 + Wheelchair Model,260168,52033.6
5,Asahi Inori Figurine + New Flavor Out Now! + Thud-Thud Hammer + Wheelchair Model x2,187327,37465.4
5,Asahi Inori Figurine + New Flavor Out Now! + Wheelchair Model x3,114486,22897.2
5,Asahi Inori Figurine + Nine-Bite Snack Box x4,991096,198219.2
5,Asahi Inori Figurine + Nine-Bite Snack Box x3 + Thud-Thud Hammer,850888,170177.6
5,Asahi Inori Figurine + Nine-Bite Snack Box x3 + Wheelchair Model,778047,155609.4
5,Asahi Inori Figurine + Nine-Bite Snack Box x2 + Thud-Thud Hammer x2,710680,142136.0
5,Asahi Inori Figurine + Nine-Bite Snack Box x2 + Thud-Thud Hammer + Wheelchair Model,637839,127567.8
5,Asahi Inori Figurine + Nine-Bite Snack Box x2 + Wheelchair Model x2,564998,112999.6
5,Asahi Inori Figurine + Nine-Bite Snack Box + Thud-Thud Hammer x3,570472,114094.4
5,Asahi Inori Figurine + Nine-Bite Snack Box + Thud-Thud Hammer x2 + Wheelchair Model,497631,99526.2
5,Asahi Inori Figurine + Nine-Bite Snack Box + Thud-Thud Hammer + Wheelchair Model x2,424790,84958.0
5,Asahi Inori Figurine + Nine-Bite Snack Box + Wheelchair Model x3,351949,70389.8
5,Asahi Inori Figurine + Thud-Thud Hammer x4,430264,86052.8
5,Asahi Inori Figurine + Thud-Thud Hammer x3 + Wheelchair Model,357423,71484.6
5,Asahi Inori Figurine + Thud-Thud Hammer x2 + Wheelchair Model x2,284582,56916.4
5,Asahi Inori Figurine + Thud-Thud Hammer + Wheelchair Model x3,211741,42348.2
5,Asahi Inori Figurine + Wheelchair Model x4,138900,27780.0
5,Ghostfire Wisp x5,1302115,260423.0
5,Ghostfire Wisp x4 + Lost Armor,1045318,209063.6
5,Ghostfire Wisp x4 + New Flavor Out Now!,1044437,208887.4
5,Ghostfire Wisp x4 + Nine-Bite Snack Box,1281900,256380.0
5,Ghostfire Wisp x4 + Thud-Thud Hammer,1141692,228338.4
5,Ghostfire Wisp x4 + Wheelchair Model,1068851,213770.2
5,Ghostfire Wisp x3 + Lost Armor x2,788521,157704.2
5,Ghostfire Wisp x3 + Lost Armor + New Flavor Out Now!,787640,157528.0
5,Ghostfire Wisp x3 + Lost Armor + Nine-Bite Snack Box,1025103,205020.6
5,Ghostfire Wisp x3 + Lost Armor + Thud-Thud Hammer,884895,176979.0
5,Ghostfire Wisp x3 + Lost Armor + Wheelchair Model,812054,162410.8
5,Ghostfire Wisp x3 + New Flavor Out Now! x2,786759,157351.8
5,Ghostfire Wisp x3 + New Flavor Out Now! + Nine-Bite Snack Box,1024222,204844.4
5,Ghostfire Wisp x3 + New Flavor Out Now! + Thud-Thud Hammer,884014,176802.8
5,Ghostfire Wisp x3 + New Flavor Out Now! + Wheelchair Model,811173,162234.6
5,Ghostfire Wisp x3 + Nine-Bite Snack Box x2,1261685,252337.0
5,Ghostfire Wisp x3 + Nine-Bite Snack Box + Thud-Thud Hammer,1121477,224295.4
5,Ghostfire Wisp x3 + Nine-Bite Snack Box + Wheelchair Model,1048636,209727.2
5,Ghostfire Wisp x3 + Thud-Thud Hammer x2,981269,196253.8
5,Ghostfire Wisp x3 + Thud-Thud Hammer + Wheelchair Model,908428,181685.6
5,Ghostfire Wisp x3 + Wheelchair Model x2,835587,167117.4
5,Ghostfire Wisp x2 + Lost Armor x3,531724,106344.8
5,Ghostfire Wisp x2 + Lost Armor x2 + New Flavor Out Now!,530843,106168.6
5,Ghostfire Wisp x2 + Lost Armor x2 + Nine-Bite Snack Box,768306,153661.2
5,Ghostfire Wisp x2 + Lost Armor x2 + Thud-Thud Hammer,628098,125619.6
5,Ghostfire Wisp x2 + Lost Armor x2 + Wheelchair Model,555257,111051.4
5,Ghostfire Wisp x2 + Lost Armor + New Flavor Out Now! x2,529962,105992.4
5,Ghostfire Wisp x2 + Lost Armor + New Flavor Out Now! + Nine-Bite Snack Box,767425,153485.0
5,Ghostfire Wisp x2 + Lost Armor + New Flavor Out Now! + Thud-Thud Hammer,627217,125443.4
5,Ghostfire Wisp x2 + Lost Armor + New Flavor Out Now! + Wheelchair Model,554376,110875.2
5,Ghostfire Wisp x2 + Lost Armor + Nine-Bite Snack Box x2,1004888,200977.6
5,Ghostfire Wisp x2 + Lost Armor + Nine-Bite Snack Box + Thud-Thud Hammer,864680,172936.0
5,Ghostfire Wisp x2 + Lost Armor + Nine-Bite Snack Box + Wheelchair Model,791839,158367.8
5,Ghostfire Wisp x2 + Lost Armor + Thud-Thud Hammer x2,724472,144894.4
5,Ghostfire Wisp x2 + Lost Armor + Thud-Thud Hammer + Wheelchair Model,651631,130326.2
5,Ghostfire Wisp x2 + Lost Armor + Wheelchair Model x2,578790,115758.0
5,Ghostfire Wisp x2 + New Flavor Out Now! x3,529081,105816.2
5,Ghostfire Wisp x2 + New Flavor Out Now! x2 + Nine-Bite Snack Box,766544,153308.8
5,Ghostfire Wisp x2 + New Flavor Out Now! x2 + Thud-Thud Hammer,626336,125267.2
5,Ghostfire Wisp x2 + New Flavor Out Now! x2 + Wheelchair Model,553495,110699.0
5,Ghostfire Wisp x2 + New Flavor Out Now! + Nine-Bite Snack Box x2,1004007,200801.4
5,Ghostfire Wisp x2 + New Flavor Out Now! + Nine-Bite Snack Box + Thud-Thud Hammer,863799,172759.8
5,Ghostfire Wisp x2 + New Flavor Out Now! + Nine-Bite Snack Box + Wheelchair Model,790958,158191.6
5,Ghostfire Wisp x2 + New Flavor Out Now! + Thud-Thud Hammer x2,723591,144718.2
5,Ghostfire Wisp x2 + New Flavor Out Now! + Thud-Thud Hammer + Wheelchair Model,650750,130150.0
5,Ghostfire Wisp x2 + New Flavor Out Now! + Wheelchair Model x2,577909,115581.8
5,Ghostfire Wisp x2 + Nine-Bite Snack Box x3,1241470,248294.0
5,Ghostfire Wisp x2 + Nine-Bite Snack Box x2 + Thud-Thud Hammer,1101262,220252.4
5,Ghostfire Wisp x2 + Nine-Bite Snack Box x2 + Wheelchair Model,1028421,205684.2
5,Ghostfire Wisp x2 + Nine-Bite Snack Box + Thud-Thud Hammer x2,961054,192210.8
5,Ghostfire Wisp x2 + Nine-Bite Snack Box + Thud-Thud Hammer + Wheelchair Model,888213,177642.6
5,Ghostfire Wisp x2 + Nine-Bite Snack Box + Wheelchair Model x2,815372,163074.4
5,Ghostfire Wisp x2 + Thud-Thud Hammer x3,820846,164169.2
5,Ghostfire Wisp x2 + Thud-Thud Hammer x2 + Wheelchair Model,748005,149601.0
5,Ghostfire Wisp x2 + Thud-Thud Hammer + Wheelchair Model x2,675164,135032.8
5,Ghostfire Wisp x2 + Wheelchair Model x3,602323,120464.6
5,Ghostfire Wisp + Lost Armor x4,274927,54985.4
5,Ghostfire Wisp + Lost Armor x3 + New Flavor Out Now!,274046,54809.2
5,Ghostfire Wisp + Lost Armor x3 + Nine-Bite Snack Box,511509,102301.8
5,Ghostfire Wisp + Lost Armor x3 + Thud-Thud Hammer,371301,74260.2
5,Ghostfire Wisp + Lost Armor x3 + Wheelchair Model,298460,59692.0
5,Ghostfire Wisp + Lost Armor x2 + New Flavor Out Now! x2,273165,54633.0
5,Ghostfire Wisp + Lost Armor x2 + New Flavor Out Now! + Nine-Bite Snack Box,510628,102125.6
5,Ghostfire Wisp + Lost Armor x2 + New Flavor Out Now! + Thud-Thud Hammer,370420,74084.0
5,Ghostfire Wisp + Lost Armor x2 + New Flavor Out Now! + Wheelchair Model,297579,59515.8
5,Ghostfire Wisp + Lost Armor x2 + Nine-Bite Snack Box x2,748091,149618.2
5,Ghostfire Wisp + Lost Armor x2 + Nine-Bite Snack Box + Thud-Thud Hammer,607883,121576.6
5,Ghostfire Wisp + Lost Armor x2 + Nine-Bite Snack Box + Wheelchair Model,535042,107008.4
5,Ghostfire Wisp + Lost Armor x2 + Thud-Thud Hammer x2,467675,93535.0
5,Ghostfire Wisp + Lost Armor x2 + Thud-Thud Hammer + Wheelchair Model,394834,78966.8
5,Ghostfire Wisp + Lost Armor x2 + Wheelchair Model x2,321993,64398.6
5,Ghostfire Wisp + Lost Armor + New Flavor Out Now! x3,272284,54456.8
5,Ghostfire Wisp + Lost Armor + New Flavor Out Now! x2 + Nine-Bite Snack Box,509747,101949.4
5,Ghostfire Wisp + Lost Armor + New Flavor Out Now! x2 + Thud-Thud Hammer,369539,73907.8
5,Ghostfire Wisp + Lost Armor + New Flavor Out Now! x2 + Wheelchair Model,296698,59339.6
5,Ghostfire Wisp + Lost Armor + New Flavor Out Now! + Nine-Bite Snack Box x2,747210,149442.0
5,Ghostfire Wisp + Lost Armor + New Flavor Out Now! + Nine-Bite Snack Box + Thud-Thud Hammer,607002,121400.4
5,Ghostfire Wisp + Lost Armor + New Flavor Out Now! + Nine-Bite Snack Box + Wheelchair Model,534161,106832.2
5,Ghostfire Wisp + Lost Armor + New Flavor Out Now! + Thud-Thud Hammer x2,466794,93358.8
5,Ghostfire Wisp + Lost Armor + New Flavor Out Now! + Thud-Thud Hammer + Wheelchair Model,393953,78790.6
5,Ghostfire Wisp + Lost Armor + New Flavor Out Now! + Wheelchair Model x2,321112,64222.4
5,Ghostfire Wisp + Lost Armor + Nine-Bite Snack Box x3,984673,196934.6
5,Ghostfire Wisp + Lost Armor + Nine-Bite Snack Box x2 + Thud-Thud Hammer,844465,168893.0
5,Ghostfire Wisp + Lost Armor + Nine-Bite Snack Box x2 + Wheelchair Model,771624,154324.8
5,Ghostfire Wisp + Lost Armor + Nine-Bite Snack Box + Thud-Thud Hammer x2,704257,140851.4
5,Ghostfire Wisp + Lost Armor + Nine-Bite Snack Box + Thud-Thud Hammer + Wheelchair Model,631416,126283.2
5,Ghostfire Wisp + Lost Armor + Nine-Bite Snack Box + Wheelchair Model x2,558575,111715.0
5,Ghostfire Wisp + Lost Armor + Thud-Thud Hammer x3,564049,112809.8
5,Ghostfire Wisp + Lost Armor + Thud-Thud Hammer x2 + Wheelchair Model,491208,98241.6
5,Ghostfire Wisp + Lost Armor + Thud-Thud Hammer + Wheelchair Model x2,418367,83673.4
5,Ghostfire Wisp + Lost Armor + Wheelchair Model x3,345526,69105.2
5,Ghostfire Wisp + New Flavor Out Now! x4,271403,54280.6
5,Ghostfire Wisp + New Flavor Out Now! x3 + Nine-Bite Snack Box,508866,101773.2
5,Ghostfire Wisp + New Flavor Out Now! x3 + Thud-Thud Hammer,368658,73731.6
5,Ghostfire Wisp + New Flavor Out Now! x3 + Wheelchair Model,295817,59163.4
5,Ghostfire Wisp + New Flavor Out Now! x2 + Nine-Bite Snack Box x2,746329,149265.8
5,Ghostfire Wisp + New Flavor Out Now! x2 + Nine-Bite Snack Box + Thud-Thud Hammer,606121,121224.2
5,Ghostfire Wisp + New Flavor Out Now! x2 + Nine-Bite Snack Box + Wheelchair Model,533280,106656.0
5,Ghostfire Wisp + New Flavor Out Now! x2 + Thud-Thud Hammer x2,465913,93182.6
5,Ghostfire Wisp + New Flavor Out Now! x2 + Thud-Thud Hammer + Wheelchair Model,393072,78614.4
5,Ghostfire Wisp + New Flavor Out Now! x2 + Wheelchair Model x2,320231,64046.2
5,Ghostfire Wisp + New Flavor Out Now! + Nine-Bite Snack Box x3,983792,196758.4
5,Ghostfire Wisp + New Flavor Out Now! + Nine-Bite Snack Box x2 + Thud-Thud Hammer,843584,168716.8
5,Ghostfire Wisp + New Flavor Out Now! + Nine-Bite Snack Box x2 + Wheelchair Model,770743,154148.6
5,Ghostfire Wisp + New Flavor Out Now! + Nine-Bite Snack Box + Thud-Thud Hammer x2,703376,140675.2
5,Ghostfire Wisp + New Flavor Out Now! + Nine-Bite Snack Box + Thud-Thud Hammer + Wheelchair Model,630535,126107.0
5,Ghostfire Wisp + New Flavor Out Now! + Nine-Bite Snack Box + Wheelchair Model x2,557694,111538.8
5,Ghostfire Wisp + New Flavor Out Now! + Thud-Thud Hammer x3,563168,112633.6
5,Ghostfire Wisp + New Flavor Out Now! + Thud-Thud Hammer x2 + Wheelchair Model,490327,98065.4
5,Ghostfire Wisp + New Flavor Out Now! + Thud-Thud Hammer + Wheelchair Model x2,417486,83497.2
5,Ghostfire Wisp + New Flavor Out Now! + Wheelchair Model x3,344645,68929.0
5,Ghostfire Wisp + Nine-Bite Snack Box x4,1221255,244251.0
5,Ghostfire Wisp + Nine-Bite Snack Box x3 + Thud-Thud Hammer,1081047,216209.4
5,Ghostfire Wisp + Nine-Bite Snack Box x3 + Wheelchair Model,1008206,201641.2
5,Ghostfire Wisp + Nine-Bite Snack Box x2 + Thud-Thud Hammer x2,940839,188167.8
5,Ghostfire Wisp + Nine-Bite Snack Box x2 + Thud-Thud Hammer + Wheelchair Model,867998,173599.6
5,Ghostfire Wisp + Nine-Bite Snack Box x2 + Wheelchair Model x2,795157,159031.4
5,Ghostfire Wisp + Nine-Bite Snack Box + Thud-Thud Hammer x3,800631,160126.2
5,Ghostfire Wisp + Nine-Bite Snack Box + Thud-Thud Hammer x2 + Wheelchair Model,727790,145558.0
5,Ghostfire Wisp + Nine-Bite Snack Box + Thud-Thud Hammer + Wheelchair Model x2,654949,130989.8
5,Ghostfire Wisp + Nine-Bite Snack Box + Wheelchair Model x3,582108,116421.6
5,Ghostfire Wisp + Thud-Thud Hammer x4,660423,132084.6
5,Ghostfire Wisp + Thud-Thud Hammer x3 + Wheelchair Model,587582,117516.4
5,Ghostfire Wisp + Thud-Thud Hammer x2 + Wheelchair Model x2,514741,102948.2
5,Ghostfire Wisp + Thud-Thud Hammer + Wheelchair Model x3,441900,88380.0
5,Ghostfire Wisp + Wheelchair Model x4,369059,73811.8
5,Lost Armor x5,18130,3626.0
5,Lost Armor x4 + New Flavor Out Now!,17249,3449.8
5,Lost Armor x4 + Nine-Bite Snack Box,254712,50942.4
5,Lost Armor x4 + Thud-Thud Hammer,114504,22900.8
5,Lost Armor x4 + Wheelchair Model,41663,8332.6
5,Lost Armor x3 + New Flavor Out Now! x2,16368,3273.6
5,Lost Armor x3 + New Flavor Out Now! + Nine-Bite Snack Box,253831,50766.2
5,Lost Armor x3 + New Flavor Out Now! + Thud-Thud Hammer,113623,22724.6
5,Lost Armor x3 + New Flavor Out Now! + Wheelchair Model,40782,8156.4
5,Lost Armor x3 + Nine-Bite Snack Box x2,491294,98258.8
5,Lost Armor x3 + Nine-Bite Snack Box + Thud-Thud Hammer,351086,70217.2
5,Lost Armor x3 + Nine-Bite Snack Box + Wheelchair Model,278245,55649.0
5,Lost Armor x3 + Thud-Thud Hammer x2,210878,42175.6
5,Lost Armor x3 + Thud-Thud Hammer + Wheelchair Model,138037,27607.4
5,Lost Armor x3 + Wheelchair Model x2,65196,13039.2
5,Lost Armor x2 + New Flavor Out Now! x3,15487,3097.4
5,Lost Armor x2 + New Flavor Out Now! x2 + Nine-Bite Snack Box,252950,50590.0
5,Lost Armor x2 + New Flavor Out Now! x2 + Thud-Thud Hammer,112742,22548.4
5,Lost Armor x2 + New Flavor Out Now! x2 + Wheelchair Model,39901,7980.2
5,Lost Armor x2 + New Flavor Out Now! + Nine-Bite Snack Box x2,490413,98082.6
5,Lost Armor x2 + New Flavor Out Now! + Nine-Bite Snack Box + Thud-Thud Hammer,350205,70041.0
5,Lost Armor x2 + New Flavor Out Now! + Nine-Bite Snack Box + Wheelchair Model,277364,55472.8
5,Lost Armor x2 + New Flavor Out Now! + Thud-Thud Hammer x2,209997,41999.4
5,Lost Armor x2 + New Flavor Out Now! + Thud-Thud Hammer + Wheelchair Model,137156,27431.2
5,Lost Armor x2 + New Flavor Out Now! + Wheelchair Model x2,64315,12863.0
5,Lost Armor x2 + Nine-Bite Snack Box x3,727876,145575.2
5,Lost Armor x2 + Nine-Bite Snack Box x2 + Thud-Thud Hammer,587668,117533.6
5,Lost Armor x2 + Nine-Bite Snack Box x2 + Wheelchair Model,514827,102965.4
5,Lost Armor x2 + Nine-Bite Snack Box + Thud-Thud Hammer x2,447460,89492.0
5,Lost Armor x2 + Nine-Bite Snack Box + Thud-Thud Hammer + Wheelchair Model,374619,74923.8
5,Lost Armor x2 + Nine-Bite Snack Box + Wheelchair Model x2,301778,60355.6
5,Lost Armor x2 + Thud-Thud Hammer x3,307252,61450.4
5,Lost Armor x2 + Thud-Thud Hammer x2 + Wheelchair Model,234411,46882.2
5,Lost Armor x2 + Thud-Thud Hammer + Wheelchair Model x2,161570,32314.0
5,Lost Armor x2 + Wheelchair Model x3,88729,17745.8
5,Lost Armor + New Flavor Out Now! x4,14606,2921.2
5,Lost Armor + New Flavor Out Now! x3 + Nine-Bite Snack Box,252069,50413.8
5,Lost Armor + New Flavor Out Now! x3 + Thud-Thud Hammer,111861,22372.2
5,Lost Armor + New Flavor Out Now! x3 + Wheelchair Model,39020,7804.0
5,Lost Armor + New Flavor Out Now! x2 + Nine-Bite Snack Box x2,489532,97906.4
5,Lost Armor + New Flavor Out Now! x2 + Nine-Bite Snack Box + Thud-Thud Hammer,349324,69864.8
5,Lost Armor + New Flavor Out Now! x2 + Nine-Bite Snack Box + Wheelchair Model,276483,55296.6
5,Lost Armor + New Flavor Out Now! x2 + Thud-Thud Hammer x2,209116,41823.2
5,Lost Armor + New Flavor Out Now! x2 + Thud-Thud Hammer + Wheelchair Model,136275,27255.0
5,Lost Armor + New Flavor Out Now! x2 + Wheelchair Model x2,63434,12686.8
5,Lost Armor + New Flavor Out Now! + Nine-Bite Snack Box x3,726995,145399.0
5,Lost Armor + New Flavor Out Now! + Nine-Bite Snack Box x2 + Thud-Thud Hammer,586787,117357.4
5,Lost Armor + New Flavor Out Now! + Nine-Bite Snack Box x2 + Wheelchair Model,513946,102789.2
5,Lost Armor + New Flavor Out Now! + Nine-Bite Snack Box + Thud-Thud Hammer x2,446579,89315.8
5,Lost Armor + New Flavor Out Now! + Nine-Bite Snack Box + Thud-Thud Hammer + Wheelchair Model,373738,74747.6
5,Lost Armor + New Flavor Out Now! + Nine-Bite Snack Box + Wheelchair Model x2,300897,60179.4
5,Lost Armor + New Flavor Out Now! + Thud-Thud Hammer x3,306371,61274.2
5,Lost Armor + New Flavor Out Now! + Thud-Thud Hammer x2 + Wheelchair Model,233530,46706.0
5,Lost Armor + New Flavor Out Now! + Thud-Thud Hammer + Wheelchair Model x2,160689,32137.8
5,Lost Armor + New Flavor Out Now! + Wheelchair Model x3,87848,17569.6
5,Lost Armor + Nine-Bite Snack Box x4,964458,192891.6
5,Lost Armor + Nine-Bite Snack Box x3 + Thud-Thud Hammer,824250,164850.0
5,Lost Armor + Nine-Bite Snack Box x3 + Wheelchair Model,751409,150281.8
5,Lost Armor + Nine-Bite Snack Box x2 + Thud-Thud Hammer x2,684042,136808.4
5,Lost Armor + Nine-Bite Snack Box x2 + Thud-Thud Hammer + Wheelchair Model,611201,122240.2
5,Lost Armor + Nine-Bite Snack Box x2 + Wheelchair Model x2,538360,107672.0
5,Lost Armor + Nine-Bite Snack Box + Thud-Thud Hammer x3,543834,108766.8
5,Lost Armor + Nine-Bite Snack Box + Thud-Thud Hammer x2 + Wheelchair Model,470993,94198.6
5,Lost Armor + Nine-Bite Snack Box + Thud-Thud Hammer + Wheelchair Model x2,398152,79630.4
5,Lost Armor + Nine-Bite Snack Box + Wheelchair Model x3,325311,65062.2
5,Lost Armor + Thud-Thud Hammer x4,403626,80725.2
5,Lost Armor + Thud-Thud Hammer x3 + Wheelchair Model,330785,66157.0
5,Lost Armor + Thud-Thud Hammer x2 + Wheelchair Model x2,257944,51588.8
5,Lost Armor + Thud-Thud Hammer + Wheelchair Model x3,185103,37020.6
5,Lost Armor + Wheelchair Model x4,112262,22452.4
5,New Flavor Out Now! x5,13725,2745.0
5,New Flavor Out Now! x4 + Nine-Bite Snack Box,251188,50237.6
5,New Flavor Out Now! x4 + Thud-Thud Hammer,110980,22196.0
5,New Flavor Out Now! x4 + Wheelchair Model,38139,7627.8
5,New Flavor Out Now! x3 + Nine-Bite Snack Box x2,488651,97730.2
5,New Flavor Out Now! x3 + Nine-Bite Snack Box + Thud-Thud Hammer,348443,69688.6
5,New Flavor Out Now! x3 + Nine-Bite Snack Box + Wheelchair Model,275602,55120.4
5,New Flavor Out Now! x3 + Thud-Thud Hammer x2,208235,41647.0
5,New Flavor Out Now! x3 + Thud-Thud Hammer + Wheelchair Model,135394,27078.8
5,New Flavor Out Now! x3 + Wheelchair Model x2,62553,12510.6
5,New Flavor Out Now! x2 + Nine-Bite Snack Box x3,726114,145222.8
5,New Flavor Out Now! x2 + Nine-Bite Snack Box x2 + Thud-Thud Hammer,585906,117181.2
5,New Flavor Out Now! x2 + Nine-Bite Snack Box x2 + Wheelchair Model,513065,102613.0
5,New Flavor Out Now! x2 + Nine-Bite Snack Box + Thud-Thud Hammer x2,445698,89139.6
5,New Flavor Out Now! x2 + Nine-Bite Snack Box + Thud-Thud Hammer + Wheelchair Model,372857,74571.4
5,New Flavor Out Now! x2 + Nine-Bite Snack Box + Wheelchair Model x2,300016,60003.2
5,New Flavor Out Now! x2 + Thud-Thud Hammer x3,305490,61098.0
5,New Flavor Out Now! x2 + Thud-Thud Hammer x2 + Wheelchair Model,232649,46529.8
5,New Flavor Out Now! x2 + Thud-Thud Hammer + Wheelchair Model x2,159808,31961.6
5,New Flavor Out Now! x2 + Wheelchair Model x3,86967,17393.4
5,New Flavor Out Now! + Nine-Bite Snack Box x4,963577,192715.4
5,New Flavor Out Now! + Nine-Bite Snack Box x3 + Thud-Thud Hammer,823369,164673.8
5,New Flavor Out Now! + Nine-Bite Snack Box x3 + Wheelchair Model,750528,150105.6
5,New Flavor Out Now! + Nine-Bite Snack Box x2 + Thud-Thud Hammer x2,683161,136632.2
5,New Flavor Out Now! + Nine-Bite Snack Box x2 + Thud-Thud Hammer + Wheelchair Model,610320,122064.0
5,New Flavor Out Now! + Nine-Bite Snack Box x2 + Wheelchair Model x2,537479,107495.8
5,New Flavor Out Now! + Nine-Bite Snack Box + Thud-Thud Hammer x3,542953,108590.6
5,New Flavor Out Now! + Nine-Bite Snack Box + Thud-Thud Hammer x2 + Wheelchair Model,470112,94022.4
5,New Flavor Out Now! + Nine-Bite Snack Box + Thud-Thud Hammer + Wheelchair Model x2,397271,79454.2
5,New Flavor Out Now! + Nine-Bite Snack Box + Wheelchair Model x3,324430,64886.0
5,New Flavor Out Now! + Thud-Thud Hammer x4,402745,80549.0
5,New Flavor Out Now! + Thud-Thud Hammer x3 + Wheelchair Model,329904,65980.8
5,New Flavor Out Now! + Thud-Thud Hammer x2 + Wheelchair Model x2,257063,51412.6
5,New Flavor Out Now! + Thud-Thud Hammer + Wheelchair Model x3,184222,36844.4
5,New Flavor Out Now! + Wheelchair Model x4,111381,22276.2
5,Nine-Bite Snack Box x5,1201040,240208.0
5,Nine-Bite Snack Box x4 + Thud-Thud Hammer,1060832,212166.4
5,Nine-Bite Snack Box x4 + Wheelchair Model,987991,197598.2
5,Nine-Bite Snack Box x3 + Thud-Thud Hammer x2,920624,184124.8
5,Nine-Bite Snack Box x3 + Thud-Thud Hammer + Wheelchair Model,847783,169556.6
5,Nine-Bite Snack Box x3 + Wheelchair Model x2,774942,154988.4
5,Nine-Bite Snack Box x2 + Thud-Thud Hammer x3,780416,156083.2
5,Nine-Bite Snack Box x2 + Thud-Thud Hammer x2 + Wheelchair Model,707575,141515.0
5,Nine-Bite Snack Box x2 + Thud-Thud Hammer + Wheelchair Model x2,634734,126946.8
5,Nine-Bite Snack Box x2 + Wheelchair Model x3,561893,112378.6
5,Nine-Bite Snack Box + Thud-Thud Hammer x4,640208,128041.6
5,Nine-Bite Snack Box + Thud-Thud Hammer x3 + Wheelchair Model,567367,113473.4
5,Nine-Bite Snack Box + Thud-Thud Hammer x2 + Wheelchair Model x2,494526,98905.2
5,Nine-Bite Snack Box + Thud-Thud Hammer + Wheelchair Model x3,421685,84337.0
5,Nine-Bite Snack Box + Wheelchair Model x4,348844,69768.8
5,Thud-Thud Hammer x5,500000,100000.0
5,Thud-Thud Hammer x4 + Wheelchair Model,427159,85431.8
5,Thud-Thud Hammer x3 + Wheelchair Model x2,354318,70863.6
5,Thud-Thud Hammer x2 + Wheelchair Model x3,281477,56295.4
5,Thud-Thud Hammer + Wheelchair Model x4,208636,41727.2
5,Wheelchair Model x5,135795,27159.0
6,Artwork: Deep Forest x6,36414,6069.0
6,Artwork: Deep Forest x5 + Asahi Inori Figurine,60609,10101.5
6,Artwork: Deep Forest x5 + Ghostfire Wisp,290768,48461.333333
6,Artwork: Deep Forest x5 + Lost Armor,33971,5661.833333
6,Artwork: Deep Forest x5 + New Flavor Out Now!,33090,5515.0
6,Artwork: Deep Forest x5 + Nine-Bite Snack Box,270553,45092.166667
6,Artwork: Deep Forest x5 + Thud-Thud Hammer,130345,21724.166667
6,Artwork: Deep Forest x5 + Wheelchair Model,57504,9584.0
6,Artwork: Deep Forest x4 + Asahi Inori Figurine x2,84804,14134.0
6,Artwork: Deep Forest x4 + Asahi Inori Figurine + Ghostfire Wisp,314963,52493.833333
6,Artwork: Deep Forest x4 + Asahi Inori Figurine + Lost Armor,58166,9694.333333
6,Artwork: Deep Forest x4 + Asahi Inori Figurine + New Flavor Out Now!,57285,9547.5
6,Artwork: Deep Forest x4 + Asahi Inori Figurine + Nine-Bite Snack Box,294748,49124.666667
6,Artwork: Deep Forest x4 + Asahi Inori Figurine + Thud-Thud Hammer,154540,25756.666667
6,Artwork: Deep Forest x4 + Asahi Inori Figurine + Wheelchair Model,81699,13616.5
6,Artwork: Deep Forest x4 + Ghostfire Wisp x2,545122,90853.666667
6,Artwork: Deep Forest x4 + Ghostfire Wisp + Lost Armor,288325,48054.166667
6,Artwork: Deep Forest x4 + Ghostfire Wisp + New Flavor Out Now!,287444,47907.333333
6,Artwork: Deep Forest x4 + Ghostfire Wisp + Nine-Bite Snack Box,524907,87484.5
6,Artwork: Deep Forest x4 + Ghostfire Wisp + Thud-Thud Hammer,384699,64116.5
6,Artwork: Deep Forest x4 + Ghostfire Wisp + Wheelchair Model,311858,51976.333333
6,Artwork: Deep Forest x4 + Lost Armor x2,31528,5254.666667
6,Artwork: Deep Forest x4 + Lost Armor + New Flavor Out Now!,30647,5107.833333
6,Artwork: Deep Forest x4 + Lost Armor + Nine-Bite Snack Box,268110,44685.0
6,Artwork: Deep Forest x4 + Lost Armor + Thud-Thud Hammer,127902,21317.0
6,Artwork: Deep Forest x4 + Lost Armor + Wheelchair Model,55061,9176.833333
6,Artwork: Deep Forest x4 + New Flavor Out Now! x2,29766,4961.0
6,Artwork: Deep Forest x4 + New Flavor Out Now! + Nine-Bite Snack Box,267229,44538.166667
6,Artwork: Deep Forest x4 + New Flavor Out Now! + Thud-Thud Hammer,127021,21170.166667
6,Artwork: Deep Forest x4 + New Flavor Out Now! + Wheelchair Model,54180,9030.0
6,Artwork: Deep Forest x4 + Nine-Bite Snack Box x2,504692,84115.333333
6,Artwork: Deep Forest x4 + Nine-Bite Snack Box + Thud-Thud Hammer,364484,60747.333333
6,Artwork: Deep Forest x4 + Nine-Bite Snack Box + Wheelchair Model,291643,48607.166667
6,Artwork: Deep Forest x4 + Thud-Thud Hammer x2,224276,37379.333333
6,Artwork: Deep Forest x4 + Thud-Thud Hammer + Wheelchair Model,151435,25239.166667
6,Artwork: Deep Forest x4 + Wheelchair Model x2,78594,13099.0
6,Artwork: Deep Forest x3 + Asahi Inori Figurine x3,108999,18166.5
6,Artwork: Deep Forest x3 + Asahi Inori Figurine x2 + Ghostfire Wisp,339158,56526.333333
6,Artwork: Deep Forest x3 + Asahi Inori Figurine x2 + Lost Armor,82361,13726.833333
6,Artwork: Deep Forest x3 + Asahi Inori Figurine x2 + New Flavor Out Now!,81480,13580.0
6,Artwork: Deep Forest x3 + Asahi Inori Figurine x2 + Nine-Bite Snack Box,318943,53157.166667
6,Artwork: Deep Forest x3 + Asahi Inori Figurine x2 + Thud-Thud Hammer,178735,29789.166667
6,Artwork: Deep Forest x3 + Asahi Inori Figurine x2 + Wheelchair Model,105894,17649.0
6,Artwork: Deep Forest x3 + Asahi Inori Figurine + Ghostfire Wisp x2,569317,94886.166667
6,Artwork: Deep Forest x3 + Asahi Inori Figurine + Ghostfire Wisp + Lost Armor,312520,52086.666667
6,Artwork: Deep Forest x3 + Asahi Inori Figurine + Ghostfire Wisp + New Flavor Out Now!,311639,51939.833333
6,Artwork: Deep Forest x3 + Asahi Inori Figurine + Ghostfire Wisp + Nine-Bite Snack Box,549102,91517.0
6,Artwork: Deep Forest x3 + Asahi Inori Figurine + Ghostfire Wisp + Thud-Thud Hammer,408894,68149.0
6,Artwork: Deep Forest x3 + Asahi Inori Figurine + Ghostfire Wisp + Wheelchair Model,336053,56008.833333
6,Artwork: Deep Forest x3 + Asahi Inori Figurine + Lost Armor x2,55723,9287.166667
6,Artwork: Deep Forest x3 + Asahi Inori Figurine + Lost Armor + New Flavor Out Now!,54842,9140.333333
6,Artwork: Deep Forest x3 + Asahi Inori Figurine + Lost Armor + Nine-Bite Snack Box,292305,48717.5
6,Artwork: Deep Forest x3 + Asahi Inori Figurine + Lost Armor + Thud-Thud Hammer,152097,25349.5
6,Artwork: Deep Forest x3 + Asahi Inori Figurine + Lost Armor + Wheelchair Model,79256,13209.333333
6,Artwork: Deep Forest x3 + Asahi Inori Figurine + New Flavor Out Now! x2,53961,8993.5
6,Artwork: Deep Forest x3 + Asahi Inori Figurine + New Flavor Out Now! + Nine-Bite Snack Box,291424,48570.666667
6,Artwork: Deep Forest x3 + Asahi Inori Figurine + New Flavor Out Now! + Thud-Thud Hammer,151216,25202.666667
6,Artwork: Deep Forest x3 + Asahi Inori Figurine + New Flavor Out Now! + Wheelchair Model,78375,13062.5
6,Artwork: Deep Forest x3 + Asahi Inori Figurine + Nine-Bite Snack Box x2,528887,88147.833333
6,Artwork: Deep Forest x3 + Asahi Inori Figurine + Nine-Bite Snack Box + Thud-Thud Hammer,388679,64779.833333
6,Artwork: Deep Forest x3 + Asahi Inori Figurine + Nine-Bite Snack Box + Wheelchair Model,315838,52639.666667
6,Artwork: Deep Forest x3 + Asahi Inori Figurine + Thud-Thud Hammer x2,248471,41411.833333
6,Artwork: Deep Forest x3 + Asahi Inori Figurine + Thud-Thud Hammer + Wheelchair Model,175630,29271.666667
6,Artwork: Deep Forest x3 + Asahi Inori Figurine + Wheelchair Model x2,102789,17131.5
6,Artwork: Deep Forest x3 + Ghostfire Wisp x3,799476,133246.0
6,Artwork: Deep Forest x3 + Ghostfire Wisp x2 + Lost Armor,542679,90446.5
6,Artwork: Deep Forest x3 + Ghostfire Wisp x2 + New Flavor Out Now!,541798,90299.666667
6,Artwork: Deep Forest x3 + Ghostfire Wisp x2 + Nine-Bite Snack Box,779261,129876.833333
6,Artwork: Deep Forest x3 + Ghostfire Wisp x2 + Thud-Thud Hammer,639053,106508.833333
6,Artwork: Deep Forest x3 + Ghostfire Wisp x2 + Wheelchair Model,566212,94368.666667
6,Artwork: Deep Forest x3 + Ghostfire Wisp + Lost Armor x2,285882,47647.0
6,Artwork: Deep Forest x3 + Ghostfire Wisp + Lost Armor + New Flavor Out Now!,285001,47500.166667
6,Artwork: Deep Forest x3 + Ghostfire Wisp + Lost Armor + Nine-Bite Snack Box,522464,87077.333333
6,Artwork: Deep Forest x3 + Ghostfire Wisp + Lost Armor + Thud-Thud Hammer,382256,63709.333333
6,Artwork: Deep Forest x3 + Ghostfire Wisp + Lost Armor + Wheelchair Model,309415,51569.166667
6,Artwork: Deep Forest x3 + Ghostfire Wisp + New Flavor Out Now! x2,284120,47353.333333
6,Artwork: Deep Forest x3 + Ghostfire Wisp + New Flavor Out Now! + Nine-Bite Snack Box,521583,86930.5
6,Artwork: Deep Forest x3 + Ghostfire Wisp + New Flavor Out Now! + Thud-Thud Hammer,381375,63562.5
6,Artwork: Deep Forest x3 + Ghostfire Wisp + New Flavor Out Now! + Wheelchair Model,308534,51422.333333
6,Artwork: Deep Forest x3 + Ghostfire Wisp + Nine-Bite Snack Box x2,759046,126507.666667
6,Artwork: Deep Forest x3 + Ghostfire Wisp + Nine-Bite Snack Box + Thud-Thud Hammer,618838,103139.666667
6,Artwork: Deep Forest x3 + Ghostfire Wisp + Nine-Bite Snack Box + Wheelchair Model,545997,90999.5
6,Artwork: Deep Forest x3 + Ghostfire Wisp + Thud-Thud Hammer x2,478630,79771.666667
6,Artwork: Deep Forest x3 + Ghostfire Wisp + Thud-Thud Hammer + Wheelchair Model,405789,67631.5
6,Artwork: Deep Forest x3 + Ghostfire Wisp + Wheelchair Model x2,332948,55491.333333
6,Artwork: Deep Forest x3 + Lost Armor x3,29085,4847.5
6,Artwork: Deep Forest x3 + Lost Armor x2 + New Flavor Out Now!,28204,4700.666667
6,Artwork: Deep Forest x3 + Lost Armor x2 + Nine-Bite Snack Box,265667,44277.833333
6,Artwork: Deep Forest x3 + Lost Armor x2 + Thud-Thud Hammer,125459,20909.833333
6,Artwork: Deep Forest x3 + Lost Armor x2 + Wheelchair Model,52618,8769.666667
6,Artwork: Deep Forest x3 + Lost Armor + New Flavor Out Now! x2,27323,4553.833333
6,Artwork: Deep Forest x3 + Lost Armor + New Flavor Out Now! + Nine-Bite Snack Box,264786,44131.0
6,Artwork: Deep Forest x3 + Lost Armor + New Flavor Out Now! + Thud-Thud Hammer,124578,20763.0
6,Artwork: Deep Forest x3 + Lost Armor + New Flavor Out Now! + Wheelchair Model,51737,8622.833333
6,Artwork: Deep Forest x3 + Lost Armor + Nine-Bite Snack Box x2,502249,83708.166667
6,Artwork: Deep Forest x3 + Lost Armor + Nine-Bite Snack Box + Thud-Thud Hammer,362041,60340.166667
6,Artwork: Deep Forest x3 + Lost Armor + Nine-Bite Snack Box + Wheelchair Model,289200,48200.0
6,Artwork: Deep Forest x3 + Lost Armor + Thud-Thud Hammer x2,221833,36972.166667
6,Artwork: Deep Forest x3 + Lost Armor + Thud-Thud Hammer + Wheelchair Model,148992,24832.0
6,Artwork: Deep Forest x3 + Lost Armor + Wheelchair Model x2,76151,12691.833333
6,Artwork: Deep Forest x3 + New Flavor Out Now! x3,26442,4407.0
6,Artwork: Deep Forest x3 + New Flavor Out Now! x2 + Nine-Bite Snack Box,263905,43984.166667
6,Artwork: Deep Forest x3 + New Flavor Out Now! x2 + Thud-Thud Hammer,123697,20616.166667
6,Artwork: Deep Forest x3 + New Flavor Out Now! x2 + Wheelchair Model,50856,8476.0
6,Artwork: Deep Forest x3 + New Flavor Out Now! + Nine-Bite Snack Box x2,501368,83561.333333
6,Artwork: Deep Forest x3 + New Flavor Out Now! + Nine-Bite Snack Box + Thud-Thud Hammer,361160,60193.333333
6,Artwork: Deep Forest x3 + New Flavor Out Now! + Nine-Bite Snack Box + Wheelchair Model,288319,48053.166667
6,Artwork: Deep Forest x3 + New Flavor Out Now! + Thud-Thud Hammer x2,220952,36825.333333
6,Artwork: Deep Forest x3 + New Flavor Out Now! + Thud-Thud Hammer + Wheelchair Model,148111,24685.166667
6,Artwork: Deep Forest x3 + New Flavor Out Now! + Wheelchair Model x2,75270,12545.0
6,Artwork: Deep Forest x3 + Nine-Bite Snack Box x3,738831,123138.5
6,Artwork: Deep Forest x3 + Nine-Bite Snack Box x2 + Thud-Thud Hammer,598623,99770.5
6,Artwork: Deep Forest x3 + Nine-Bite Snack Box x2 + Wheelchair Model,525782,87630.333333
6,Artwork: Deep Forest x3 + Nine-Bite Snack Box + Thud-Thud Hammer x2,458415,76402.5
6,Artwork: Deep Forest x3 + Nine-Bite Snack Box + Thud-Thud Hammer + Wheelchair Model,385574,64262.333333
6,Artwork: Deep Forest x3 + Nine-Bite Snack Box + Wheelchair Model x2,312733,52122.166667
6,Artwork: Deep Forest x3 + Thud-Thud Hammer x3,318207,53034.5
6,Artwork: Deep Forest x3 + Thud-Thud Hammer x2 + Wheelchair Model,245366,40894.333333
6,Artwork: Deep Forest x3 + Thud-Thud Hammer + Wheelchair Model x2,172525,28754.166667
6,Artwork: Deep Forest x3 + Wheelchair Model x3,99684,16614.0
6,Artwork: Deep Forest x2 + Asahi Inori Figurine x4,133194,22199.0
6,Artwork: Deep Forest x2 + Asahi Inori Figurine x3 + Ghostfire Wisp,363353,60558.833333
6,Artwork: Deep Forest x2 + Asahi Inori Figurine x3 + Lost Armor,106556,17759.333333
6,Artwork: Deep Forest x2 + Asahi Inori Figurine x3 + New Flavor Out Now!,105675,17612.5
6,Artwork: Deep Forest x2 + Asahi Inori Figurine x3 + Nine-Bite Snack Box,343138,57189.666667
6,Artwork: Deep Forest x2 + Asahi Inori Figurine x3 + Thud-Thud Hammer,202930,33821.666667
6,Artwork: Deep Forest x2 + Asahi Inori Figurine x3 + Wheelchair Model,130089,21681.5
6,Artwork: Deep Forest x2 + Asahi Inori Figurine x2 + Ghostfire Wisp x2,593512,98918.666667
6,Artwork: Deep Forest x2 + Asahi Inori Figurine x2 + Ghostfire Wisp + Lost Armor,336715,56119.166667
6,Artwork: Deep Forest x2 + Asahi Inori Figurine x2 + Ghostfire Wisp + New Flavor Out Now!,335834,55972.333333
6,Artwork: Deep Forest x2 + Asahi Inori Figurine x2 + Ghostfire Wisp + Nine-Bite Snack Box,573297,95549.5
6,Artwork: Deep Forest x2 + Asahi Inori Figurine x2 + Ghostfire Wisp + Thud-Thud Hammer,433089,72181.5
6,Artwork: Deep Forest x2 + Asahi Inori Figurine x2 + Ghostfire Wisp + Wheelchair Model,360248,60041.333333
6,Artwork: Deep Forest x2 + Asahi Inori Figurine x2 + Lost Armor x2,79918,13319.666667
6,Artwork: Deep Forest x2 + Asahi Inori Figurine x2 + Lost Armor + New Flavor Out Now!,79037,13172.833333
6,Artwork: Deep Forest x2 + Asahi Inori Figurine x2 + Lost Armor + Nine-Bite Snack Box,316500,52750.0
6,Artwork: Deep Forest x2 + Asahi Inori Figurine x2 + Lost Armor + Thud-Thud Hammer,176292,29382.0
6,Artwork: Deep Forest x2 + Asahi Inori Figurine x2 + Lost Armor + Wheelchair Model,103451,17241.833333
6,Artwork: Deep Forest x2 + Asahi Inori Figurine x2 + New Flavor Out Now! x2,78156,13026.0
6,Artwork: Deep Forest x2 + Asahi Inori Figurine x2 + New Flavor Out Now! + Nine-Bite Snack Box,315619,52603.166667
6,Artwork: Deep Forest x2 + Asahi Inori Figurine x2 + New Flavor Out Now! + Thud-Thud Hammer,175411,29235.166667
6,Artwork: Deep Forest x2 + Asahi Inori Figurine x2 + New Flavor Out Now! + Wheelchair Model,102570,17095.0
6,Artwork: Deep Forest x2 + Asahi Inori Figurine x2 + Nine-Bite Snack Box x2,553082,92180.333333
6,Artwork: Deep Forest x2 + Asahi Inori Figurine x2 + Nine-Bite Snack Box + Thud-Thud Hammer,412874,68812.333333
6,Artwork: Deep Forest x2 + Asahi Inori Figurine x2 + Nine-Bite Snack Box + Wheelchair Model,340033,56672.166667
6,Artwork: Deep Forest x2 + Asahi Inori Figurine x2 + Thud-Thud Hammer x2,272666,45444.333333
6,Artwork: Deep Forest x2 + Asahi Inori Figurine x2 + Thud-Thud Hammer + Wheelchair Model,199825,33304.166667
6,Artwork: Deep Forest x2 + Asahi Inori Figurine x2 + Wheelchair Model x2,126984,21164.0
6,Artwork: Deep Forest x2 + Asahi Inori Figurine + Ghostfire Wisp x3,823671,137278.5
6,Artwork: Deep Forest x2 + Asahi Inori Figurine + Ghostfire Wisp x2 + Lost Armor,566874,94479.0
6,Artwork: Deep Forest x2 + Asahi Inori Figurine + Ghostfire Wisp x2 + New Flavor Out Now!,565993,94332.166667
6,Artwork: Deep Forest x2 + Asahi Inori Figurine + Ghostfire Wisp x2 + Nine-Bite Snack Box,803456,133909.333333
6,Artwork: Deep Forest x2 + Asahi Inori Figurine + Ghostfire Wisp x2 + Thud-Thud Hammer,663248,110541.333333
6,Artwork: Deep Forest x2 + Asahi Inori Figurine + Ghostfire Wisp x2 + Wheelchair Model,590407,98401.166667
6,Artwork: Deep Forest x2 + Asahi Inori Figurine + Ghostfire Wisp + Lost Armor x2,310077,51679.5
6,Artwork: Deep Forest x2 + Asahi Inori Figurine + Ghostfire Wisp + Lost Armor + New Flavor Out Now!,309196,51532.666667
6,Artwork: Deep Forest x2 + Asahi Inori Figurine + Ghostfire Wisp + Lost Armor + Nine-Bite Snack Box,546659,91109.833333
6,Artwork: Deep Forest x2 + Asahi Inori Figurine + Ghostfire Wisp + Lost Armor + Thud-Thud Hammer,406451,67741.833333
6,Artwork: Deep Forest x2 + Asahi Inori Figurine + Ghostfire Wisp + Lost Armor + Wheelchair Model,333610,55601.666667
6,Artwork: Deep Forest x2 + Asahi Inori Figurine + Ghostfire Wisp + New Flavor Out Now! x2,308315,51385.833333
6,Artwork: Deep Forest x2 + Asahi Inori Figurine + Ghostfire Wisp + New Flavor Out Now! + Nine-Bite Snack Box,545778,90963.0
6,Artwork: Deep Forest x2 + Asahi Inori Figurine + Ghostfire Wisp + New Flavor Out Now! + Thud-Thud Hammer,405570,67595.0
6,Artwork: Deep Forest x2 + Asahi Inori Figurine + Ghostfire Wisp + New Flavor Out Now! + Wheelchair Model,332729,55454.833333
6,Artwork: Deep Forest x2 + Asahi Inori Figurine + Ghostfire Wisp + Nine-Bite Snack Box x2,783241,130540.166667
6,Artwork: Deep Forest x2 + Asahi Inori Figurine + Ghostfire Wisp + Nine-Bite Snack Box + Thud-Thud Hammer,643033,107172.166667
6,Artwork: Deep Forest x2 + Asahi Inori Figurine + Ghostfire Wisp + Nine-Bite Snack Box + Wheelchair Model,570192,95032.0
6,Artwork: Deep Forest x2 + Asahi Inori Figurine + Ghostfire Wisp + Thud-Thud Hammer x2,502825,83804.166667
6,Artwork: Deep Forest x2 + Asahi Inori Figurine + Ghostfire Wisp + Thud-Thud Hammer + Wheelchair Model,429984,71664.0
6,Artwork: Deep Forest x2 + Asahi Inori Figurine + Ghostfire Wisp + Wheelchair Model x2,357143,59523.833333
6,Artwork: Deep Forest x2 + Asahi Inori Figurine + Lost Armor x3,53280,8880.0
6,Artwork: Deep Forest x2 + Asahi Inori Figurine + Lost Armor x2 + New Flavor Out Now!,52399,8733.166667
6,Artwork: Deep Forest x2 + Asahi Inori Figurine + Lost Armor x2 + Nine-Bite Snack Box,289862,48310.333333
6,Artwork: Deep Forest x2 + Asahi Inori Figurine + Lost Armor x2 + Thud-Thud Hammer,149654,24942.333333
6,Artwork: Deep Forest x2 + Asahi Inori Figurine + Lost Armor x2 + Wheelchair Model,76813,12802.166667
6,Artwork: Deep Forest x2 + Asahi Inori Figurine + Lost Armor + New Flavor Out Now! x2,51518,8586.333333
6,Artwork: Deep Forest x2 + Asahi Inori Figurine + Lost Armor + New Flavor Out Now! + Nine-Bite Snack Box,288981,48163.5
6,Artwork: Deep Forest x2 + Asahi Inori Figurine + Lost Armor + New Flavor Out Now! + Thud-Thud Hammer,148773,24795.5
6,Artwork: Deep Forest x2 + Asahi Inori Figurine + Lost Armor + New Flavor Out Now! + Wheelchair Model,75932,12655.333333
6,Artwork: Deep Forest x2 + Asahi Inori Figurine + Lost Armor + Nine-Bite Snack Box x2,526444,87740.666667
6,Artwork: Deep Forest x2 + Asahi Inori Figurine + Lost Armor + Nine-Bite Snack Box + Thud-Thud Hammer,386236,64372.666667
6,Artwork: Deep Forest x2 + Asahi Inori Figurine + Lost Armor + Nine-Bite Snack Box + Wheelchair Model,313395,52232.5
6,Artwork: Deep Forest x2 + Asahi Inori Figurine + Lost Armor + Thud-Thud Hammer x2,246028,41004.666667
6,Artwork: Deep Forest x2 + Asahi Inori Figurine + Lost Armor + Thud-Thud Hammer + Wheelchair Model,173187,28864.5
6,Artwork: Deep Forest x2 + Asahi Inori Figurine + Lost Armor + Wheelchair Model x2,100346,16724.333333
6,Artwork: Deep Forest x2 + Asahi Inori Figurine + New Flavor Out Now! x3,50637,8439.5
6,Artwork: Deep Forest x2 + Asahi Inori Figurine + New Flavor Out Now! x2 + Nine-Bite Snack Box,288100,48016.666667
6,Artwork: Deep Forest x2 + Asahi Inori Figurine + New Flavor Out Now! x2 + Thud-Thud Hammer,147892,24648.666667
6,Artwork: Deep Forest x2 + Asahi Inori Figurine + New Flavor Out Now! x2 + Wheelchair Model,75051,12508.5
6,Artwork: Deep Forest x2 + Asahi Inori Figurine + New Flavor Out Now! + Nine-Bite Snack Box x2,525563,87593.833333
6,Artwork: Deep Forest x2 + Asahi Inori Figurine + New Flavor Out Now! + Nine-Bite Snack Box + Thud-Thud Hammer,385355,64225.833333
6,Artwork: Deep Forest x2 + Asahi Inori Figurine + New Flavor Out Now! + Nine-Bite Snack Box + Wheelchair Model,312514,52085.666667
6,Artwork: Deep Forest x2 + Asahi Inori Figurine + New Flavor Out Now! + Thud-Thud Hammer x2,245147,40857.833333
6,Artwork: Deep Forest x2 + Asahi Inori Figurine + New Flavor Out Now! + Thud-Thud Hammer + Wheelchair Model,172306,28717.666667
6,Artwork: Deep Forest x2 + Asahi Inori Figurine + New Flavor Out Now! + Wheelchair Model x2,99465,16577.5
6,Artwork: Deep Forest x2 + Asahi Inori Figurine + Nine-Bite Snack Box x3,763026,127171.0
6,Artwork: Deep Forest x2 + Asahi Inori Figurine + Nine-Bite Snack Box x2 + Thud-Thud Hammer,622818,103803.0
6,Artwork: Deep Forest x2 + Asahi Inori Figurine + Nine-Bite Snack Box x2 + Wheelchair Model,549977,91662.833333
6,Artwork: Deep Forest x2 + Asahi Inori Figurine + Nine-Bite Snack Box + Thud-Thud Hammer x2,482610,80435.0
6,Artwork: Deep Forest x2 + Asahi Inori Figurine + Nine-Bite Snack Box + Thud-Thud Hammer + Wheelchair Model,409769,68294.833333
6,Artwork: Deep Forest x2 + Asahi Inori Figurine + Nine-Bite Snack Box + Wheelchair Model x2,336928,56154.666667
6,Artwork: Deep Forest x2 + Asahi Inori Figurine + Thud-Thud Hammer x3,342402,57067.0
6,Artwork: Deep Forest x2 + Asahi Inori Figurine + Thud-Thud Hammer x2 + Wheelchair Model,269561,44926.833333
6,Artwork: Deep Forest x2 + Asahi Inori Figurine + Thud-Thud Hammer + Wheelchair Model x2,196720,32786.666667
6,Artwork: Deep Forest x2 + Asahi Inori Figurine + Wheelchair Model x3,123879,20646.5
6,Artwork: Deep Forest x2 + Ghostfire Wisp x4,1053830,175638.333333
6,Artwork: Deep Forest x2 + Ghostfire Wisp x3 + Lost Armor,797033,132838.833333
6,Artwork: Deep Forest x2 + Ghostfire Wisp x3 + New Flavor Out Now!,796152,132692.0
6,Artwork: Deep Forest x2 + Ghostfire Wisp x3 + Nine-Bite Snack Box,1033615,172269.166667
6,Artwork: Deep Forest x2 + Ghostfire Wisp x3 + Thud-Thud Hammer,893407,148901.166667
6,Artwork: Deep Forest x2 + Ghostfire Wisp x3 + Wheelchair Model,820566,136761.0
6,Artwork: Deep Forest x2 + Ghostfire Wisp x2 + Lost Armor x2,540236,90039.333333
6,Artwork: Deep Forest x2 + Ghostfire Wisp x2 + Lost Armor + New Flavor Out Now!,539355,89892.5
6,Artwork: Deep Forest x2 + Ghostfire Wisp x2 + Lost Armor + Nine-Bite Snack Box,776818,129469.666667
6,Artwork: Deep Forest x2 + Ghostfire Wisp x2 + Lost Armor + Thud-Thud Hammer,636610,106101.666667
6,Artwork: Deep Forest x2 + Ghostfire Wisp x2 + Lost Armor + Wheelchair Model,563769,93961.5
6,Artwork: Deep Forest x2 + Ghostfire Wisp x2 + New Flavor Out Now! x2,538474,89745.666667
6,Artwork: Deep Forest x2 + Ghostfire Wisp x2 + New Flavor Out Now! + Nine-Bite Snack Box,775937,129322.833333
6,Artwork: Deep Forest x2 + Ghostfire Wisp x2 + New Flavor Out Now! + Thud-Thud Hammer,635729,105954.833333
6,Artwork: Deep Forest x2 + Ghostfire Wisp x2 + New Flavor Out Now! + Wheelchair Model,562888,93814.666667
6,Artwork: Deep Forest x2 + Ghostfire Wisp x2 + Nine-Bite Snack Box x2,1013400,168900.0
6,Artwork: Deep Forest x2 + Ghostfire Wisp x2 + Nine-Bite Snack Box + Thud-Thud Hammer,873192,145532.0
6,Artwork: Deep Forest x2 + Ghostfire Wisp x2 + Nine-Bite Snack Box + Wheelchair Model,800351,133391.833333
6,Artwork: Deep Forest x2 + Ghostfire Wisp x2 + Thud-Thud Hammer x2,732984,122164.0
6,Artwork: Deep Forest x2 + Ghostfire Wisp x2 + Thud-Thud Hammer + Wheelchair Model,660143,110023.833333
6,Artwork: Deep Forest x2 + Ghostfire Wisp x2 + Wheelchair Model x2,587302,97883.666667
6,Artwork: Deep Forest x2 + Ghostfire Wisp + Lost Armor x3,283439,47239.833333
6,Artwork: Deep Forest x2 + Ghostfire Wisp + Lost Armor x2 + New Flavor Out Now!,282558,47093.0
6,Artwork: Deep Forest x2 + Ghostfire Wisp + Lost Armor x2 + Nine-Bite Snack Box,520021,86670.166667
6,Artwork: Deep Forest x2 + Ghostfire Wisp + Lost Armor x2 + Thud-Thud Hammer,379813,63302.166667
6,Artwork: Deep Forest x2 + Ghostfire Wisp + Lost Armor x2 + Wheelchair Model,306972,51162.0
6,Artwork: Deep Forest x2 + Ghostfire Wisp + Lost Armor + New Flavor Out Now! x2,281677,46946.166667
6,Artwork: Deep Forest x2 + Ghostfire Wisp + Lost Armor + New Flavor Out Now! + Nine-Bite Snack Box,519140,86523.333333
6,Artwork: Deep Forest x2 + Ghostfire Wisp + Lost Armor + New Flavor Out Now! + Thud-Thud Hammer,378932,63155.333333
6,Artwork: Deep Forest x2 + Ghostfire Wisp + Lost Armor + New Flavor Out Now! + Wheelchair Model,306091,51015.166667
6,Artwork: Deep Forest x2 + Ghostfire Wisp + Lost Armor + Nine-Bite Snack Box x2,756603,126100.5
6,Artwork: Deep Forest x2 + Ghostfire Wisp + Lost Armor + Nine-Bite Snack Box + Thud-Thud Hammer,616395,102732.5
6,Artwork: Deep Forest x2 + Ghostfire Wisp + Lost Armor + Nine-Bite Snack Box + Wheelchair Model,543554,90592.333333
6,Artwork: Deep Forest x2 + Ghostfire Wisp + Lost Armor + Thud-Thud Hammer x2,476187,79364.5
6,Artwork: Deep Forest x2 + Ghostfire Wisp + Lost Armor + Thud-Thud Hammer + Wheelchair Model,403346,67224.333333
6,Artwork: Deep Forest x2 + Ghostfire Wisp + Lost Armor + Wheelchair Model x2,330505,55084.166667
6,Artwork: Deep Forest x2 + Ghostfire Wisp + New Flavor Out Now! x3,280796,46799.333333
6,Artwork: Deep Forest x2 + Ghostfire Wisp + New Flavor Out Now! x2 + Nine-Bite Snack Box,518259,86376.5
6,Artwork: Deep Forest x2 + Ghostfire Wisp + New Flavor Out Now! x2 + Thud-Thud Hammer,378051,63008.5
6,Artwork: Deep Forest x2 + Ghostfire Wisp + New Flavor Out Now! x2 + Wheelchair Model,305210,50868.333333
6,Artwork: Deep Forest x2 + Ghostfire Wisp + New Flavor Out Now! + Nine-Bite Snack Box x2,755722,125953.666667
6,Artwork: Deep Forest x2 + Ghostfire Wisp + New Flavor Out Now! + Nine-Bite Snack Box + Thud-Thud Hammer,615514,102585.666667
6,Artwork: Deep Forest x2 + Ghostfire Wisp + New Flavor Out Now! + Nine-Bite Snack Box + Wheelchair Model,542673,90445.5
6,Artwork: Deep Forest x2 + Ghostfire Wisp + New Flavor Out Now! + Thud-Thud Hammer x2,475306,79217.666667
6,Artwork: Deep Forest x2 + Ghostfire Wisp + New Flavor Out Now! + Thud-Thud Hammer + Wheelchair Model,402465,67077.5
6,Artwork: Deep Forest x2 + Ghostfire Wisp + New Flavor Out Now! + Wheelchair Model x2,329624,54937.333333
6,Artwork: Deep Forest x2 + Ghostfire Wisp + Nine-Bite Snack Box x3,993185,165530.833333
6,Artwork: Deep Forest x2 + Ghostfire Wisp + Nine-Bite Snack Box x2 + Thud-Thud Hammer,852977,142162.833333
6,Artwork: Deep Forest x2 + Ghostfire Wisp + Nine-Bite Snack Box x2 + Wheelchair Model,780136,130022.666667
6,Artwork: Deep Forest x2 + Ghostfire Wisp + Nine-Bite Snack Box + Thud-Thud Hammer x2,712769,118794.833333
6,Artwork: Deep Forest x2 + Ghostfire Wisp + Nine-Bite Snack Box + Thud-Thud Hammer + Wheelchair Model,639928,106654.666667
6,Artwork: Deep Forest x2 + Ghostfire Wisp + Nine-Bite Snack Box + Wheelchair Model x2,567087,94514.5
6,Artwork: Deep Forest x2 + Ghostfire Wisp + Thud-Thud Hammer x3,572561,95426.833333
6,Artwork: Deep Forest x2 + Ghostfire Wisp + Thud-Thud Hammer x2 + Wheelchair Model,499720,83286.666667
6,Artwork: Deep Forest x2 + Ghostfire Wisp + Thud-Thud Hammer + Wheelchair Model x2,426879,71146.5
6,Artwork: Deep Forest x2 + Ghostfire Wisp + Wheelchair Model x3,354038,59006.333333
6,Artwork: Deep Forest x2 + Lost Armor x4,26642,4440.333333
6,Artwork: Deep Forest x2 + Lost Armor x3 + New Flavor Out Now!,25761,4293.5
6,Artwork: Deep Forest x2 + Lost Armor x3 + Nine-Bite Snack Box,263224,43870.666667
6,Artwork: Deep Forest x2 + Lost Armor x3 + Thud-Thud Hammer,123016,20502.666667
6,Artwork: Deep Forest x2 + Lost Armor x3 + Wheelchair Model,50175,8362.5
6,Artwork: Deep Forest x2 + Lost Armor x2 + New Flavor Out Now! x2,24880,4146.666667
6,Artwork: Deep Forest x2 + Lost Armor x2 + New Flavor Out Now! + Nine-Bite Snack Box,262343,43723.833333
6,Artwork: Deep Forest x2 + Lost Armor x2 + New Flavor Out Now! + Thud-Thud Hammer,122135,20355.833333
6,Artwork: Deep Forest x2 + Lost Armor x2 + New Flavor Out Now! + Wheelchair Model,49294,8215.666667
6,Artwork: Deep Forest x2 + Lost Armor x2 + Nine-Bite Snack Box x2,499806,83301.0
6,Artwork: Deep Forest x2 + Lost Armor x2 + Nine-Bite Snack Box + Thud-Thud Hammer,359598,59933.0
6,Artwork: Deep Forest x2 + Lost Armor x2 + Nine-Bite Snack Box + Wheelchair Model,286757,47792.833333
6,Artwork: Deep Forest x2 + Lost Armor x2 + Thud-Thud Hammer x2,219390,36565.0
6,Artwork: Deep Forest x2 + Lost Armor x2 + Thud-Thud Hammer + Wheelchair Model,146549,24424.833333
6,Artwork: Deep Forest x2 + Lost Armor x2 + Wheelchair Model x2,73708,12284.666667
6,Artwork: Deep Forest x2 + Lost Armor + New Flavor Out Now! x3,23999,3999.833333
6,Artwork: Deep Forest x2 + Lost Armor + New Flavor Out Now! x2 + Nine-Bite Snack Box,261462,43577.0
6,Artwork: Deep Forest x2 + Lost Armor + New Flavor Out Now! x2 + Thud-Thud Hammer,121254,20209.0
6,Artwork: Deep Forest x2 + Lost Armor + New Flavor Out Now! x2 + Wheelchair Model,48413,8068.833333
6,Artwork: Deep Forest x2 + Lost Armor + New Flavor Out Now! + Nine-Bite Snack Box x2,498925,83154.166667
6,Artwork: Deep Forest x2 + Lost Armor + New Flavor Out Now! + Nine-Bite Snack Box + Thud-Thud Hammer,358717,59786.166667
6,Artwork: Deep Forest x2 + Lost Armor + New Flavor Out Now! + Nine-Bite Snack Box + Wheelchair Model,285876,47646.0
6,Artwork: Deep Forest x2 + Lost Armor + New Flavor Out Now! + Thud-Thud Hammer x2,218509,36418.166667
6,Artwork: Deep Forest x2 + Lost Armor + New Flavor Out Now! + Thud-Thud Hammer + Wheelchair Model,145668,24278.0
6,Artwork: Deep Forest x2 + Lost Armor + New Flavor Out Now! + Wheelchair Model x2,72827,12137.833333
6,Artwork: Deep Forest x2 + Lost Armor + Nine-Bite Snack Box x3,736388,122731.333333
6,Artwork: Deep Forest x2 + Lost Armor + Nine-Bite Snack Box x2 + Thud-Thud Hammer,596180,99363.333333
6,Artwork: Deep Forest x2 + Lost Armor + Nine-Bite Snack Box x2 + Wheelchair Model,523339,87223.166667
6,Artwork: Deep Forest x2 + Lost Armor + Nine-Bite Snack Box + Thud-Thud Hammer x2,455972,75995.333333
6,Artwork: Deep Forest x2 + Lost Armor + Nine-Bite Snack Box + Thud-Thud Hammer + Wheelchair Model,383131,63855.166667
6,Artwork: Deep Forest x2 + Lost Armor + Nine-Bite Snack Box + Wheelchair Model x2,310290,51715.0
6,Artwork: Deep Forest x2 + Lost Armor + Thud-Thud Hammer x3,315764,52627.333333
6,Artwork: Deep Forest x2 + Lost Armor + Thud-Thud Hammer x2 + Wheelchair Model,242923,40487.166667
6,Artwork: Deep Forest x2 + Lost Armor + Thud-Thud Hammer + Wheelchair Model x2,170082,28347.0
6,Artwork: Deep Forest x2 + Lost Armor + Wheelchair Model x3,97241,16206.833333
6,Artwork: Deep Forest x2 + New Flavor Out Now! x4,23118,3853.0
6,Artwork: Deep Forest x2 + New Flavor Out Now! x3 + Nine-Bite Snack Box,260581,43430.166667
6,Artwork: Deep Forest x2 + New Flavor Out Now! x3 + Thud-Thud Hammer,120373,20062.166667
6,Artwork: Deep Forest x2 + New Flavor Out Now! x3 + Wheelchair Model,47532,7922.0
6,Artwork: Deep Forest x2 + New Flavor Out Now! x2 + Nine-Bite Snack Box x2,498044,83007.333333
6,Artwork: Deep Forest x2 + New Flavor Out Now! x2 + Nine-Bite Snack Box + Thud-Thud Hammer,357836,59639.333333
6,Artwork: Deep Forest x2 + New Flavor Out Now! x2 + Nine-Bite Snack Box + Wheelchair Model,284995,47499.166667
6,Artwork: Deep Forest x2 + New Flavor Out Now! x2 + Thud-Thud Hammer x2,217628,36271.333333
6,Artwork: Deep Forest x2 + New Flavor Out Now! x2 + Thud-Thud Hammer + Wheelchair Model,144787,24131.166667
6,Artwork: Deep Forest x2 + New Flavor Out Now! x2 + Wheelchair Model x2,71946,11991.0
6,Artwork: Deep Forest x2 + New Flavor Out Now! + Nine-Bite Snack Box x3,735507,122584.5
6,Artwork: Deep Forest x2 + New Flavor Out Now! + Nine-Bite Snack Box x2 + Thud-Thud Hammer,595299,99216.5
6,Artwork: Deep Forest x2 + New Flavor Out Now! + Nine-Bite Snack Box x2 + Wheelchair Model,522458,87076.333333
6,Artwork: Deep Forest x2 + New Flavor Out Now! + Nine-Bite Snack Box + Thud-Thud Hammer x2,455091,75848.5
6,Artwork: Deep Forest x2 + New Flavor Out Now! + Nine-Bite Snack Box + Thud-Thud Hammer + Wheelchair Model,382250,63708.333333
6,Artwork: Deep Forest x2 + New Flavor Out Now! + Nine-Bite Snack Box + Wheelchair Model x2,309409,51568.166667
6,Artwork: Deep Forest x2 + New Flavor Out Now! + Thud-Thud Hammer x3,314883,52480.5
6,Artwork: Deep Forest x2 + New Flavor Out Now! + Thud-Thud Hammer x2 + Wheelchair Model,242042,40340.333333
6,Artwork: Deep Forest x2 + New Flavor Out Now! + Thud-Thud Hammer + Wheelchair Model x2,169201,28200.166667
6,Artwork: Deep Forest x2 + New Flavor Out Now! + Wheelchair Model x3,96360,16060.0
6,Artwork: Deep Forest x2 + Nine-Bite Snack Box x4,972970,162161.666667
6,Artwork: Deep Forest x2 + Nine-Bite Snack Box x3 + Thud-Thud Hammer,832762,138793.666667
6,Artwork: Deep Forest x2 + Nine-Bite Snack Box x3 + Wheelchair Model,759921,126653.5
6,Artwork: Deep Forest x2 + Nine-Bite Snack Box x2 + Thud-Thud Hammer x2,692554,115425.666667
6,Artwork: Deep Forest x2 + Nine-Bite Snack Box x2 + Thud-Thud Hammer + Wheelchair Model,619713,103285.5
6,Artwork: Deep Forest x2 + Nine-Bite Snack Box x2 + Wheelchair Model x2,546872,91145.333333
6,Artwork: Deep Forest x2 + Nine-Bite Snack Box + Thud-Thud Hammer x3,552346,92057.666667
6,Artwork: Deep Forest x2 + Nine-Bite Snack Box + Thud-Thud Hammer x2 + Wheelchair Model,479505,79917.5
6,Artwork: Deep Forest x2 + Nine-Bite Snack Box + Thud-Thud Hammer + Wheelchair Model x2,406664,67777.333333
6,Artwork: Deep Forest x2 + Nine-Bite Snack Box + Wheelchair Model x3,333823,55637.166667
6,Artwork: Deep Forest x2 + Thud-Thud Hammer x4,412138,68689.666667
6,Artwork: Deep Forest x2 + Thud-Thud Hammer x3 + Wheelchair Model,339297,56549.5
6,Artwork: Deep Forest x2 + Thud-Thud Hammer x2 + Wheelchair Model x2,266456,44409.333333
6,Artwork: Deep Forest x2 + Thud-Thud Hammer + Wheelchair Model x3,193615,32269.166667
6,Artwork: Deep Forest x2 + Wheelchair Model x4,120774,20129.0
6,Artwork: Deep Forest + Asahi Inori Figurine x5,157389,26231.5
6,Artwork: Deep Forest + Asahi Inori Figurine x4 + Ghostfire Wisp,387548,64591.333333
6,Artwork: Deep Forest + Asahi Inori Figurine x4 + Lost Armor,130751,21791.833333
6,Artwork: Deep Forest + Asahi Inori Figurine x4 + New Flavor Out Now!,129870,21645.0
6,Artwork: Deep Forest + Asahi Inori Figurine x4 + Nine-Bite Snack Box,367333,61222.166667
6,Artwork: Deep Forest + Asahi Inori Figurine x4 + Thud-Thud Hammer,227125,37854.166667
6,Artwork: Deep Forest + Asahi Inori Figurine x4 + Wheelchair Model,154284,25714.0
6,Artwork: Deep Forest + Asahi Inori Figurine x3 + Ghostfire Wisp x2,617707,102951.166667
6,Artwork: Deep Forest + Asahi Inori Figurine x3 + Ghostfire Wisp + Lost Armor,360910,60151.666667
6,Artwork: Deep Forest + Asahi Inori Figurine x3 + Ghostfire Wisp + New Flavor Out Now!,360029,60004.833333
6,Artwork: Deep Forest + Asahi Inori Figurine x3 + Ghostfire Wisp + Nine-Bite Snack Box,597492,99582.0
6,Artwork: Deep Forest + Asahi Inori Figurine x3 + Ghostfire Wisp + Thud-Thud Hammer,457284,76214.0
6,Artwork: Deep Forest + Asahi Inori Figurine x3 + Ghostfire Wisp + Wheelchair Model,384443,64073.833333
6,Artwork: Deep Forest + Asahi Inori Figurine x3 + Lost Armor x2,104113,17352.166667
6,Artwork: Deep Forest + Asahi Inori Figurine x3 + Lost Armor + New Flavor Out Now!,103232,17205.333333
6,Artwork: Deep Forest + Asahi Inori Figurine x3 + Lost Armor + Nine-Bite Snack Box,340695,56782.5
6,Artwork: Deep Forest + Asahi Inori Figurine x3 + Lost Armor + Thud-Thud Hammer,200487,33414.5
6,Artwork: Deep Forest + Asahi Inori Figurine x3 + Lost Armor + Wheelchair Model,127646,21274.333333
6,Artwork: Deep Forest + Asahi Inori Figurine x3 + New Flavor Out Now! x2,102351,17058.5
6,Artwork: Deep Forest + Asahi Inori Figurine x3 + New Flavor Out Now! + Nine-Bite Snack Box,339814,56635.666667
6,Artwork: Deep Forest + Asahi Inori Figurine x3 + New Flavor Out Now! + Thud-Thud Hammer,199606,33267.666667
6,Artwork: Deep Forest + Asahi Inori Figurine x3 + New Flavor Out Now! + Wheelchair Model,126765,21127.5
6,Artwork: Deep Forest + Asahi Inori Figurine x3 + Nine-Bite Snack Box x2,577277,96212.833333
6,Artwork: Deep Forest + Asahi Inori Figurine x3 + Nine-Bite Snack Box + Thud-Thud Hammer,437069,72844.833333
6,Artwork: Deep Forest + Asahi Inori Figurine x3 + Nine-Bite Snack Box + Wheelchair Model,364228,60704.666667
6,Artwork: Deep Forest + Asahi Inori Figurine x3 + Thud-Thud Hammer x2,296861,49476.833333
6,Artwork: Deep Forest + Asahi Inori Figurine x3 + Thud-Thud Hammer + Wheelchair Model,224020,37336.666667
6,Artwork: Deep Forest + Asahi Inori Figurine x3 + Wheelchair Model x2,151179,25196.5
6,Artwork: Deep Forest + Asahi Inori Figurine x2 + Ghostfire Wisp x3,847866,141311.0
6,Artwork: Deep Forest + Asahi Inori Figurine x2 + Ghostfire Wisp x2 + Lost Armor,591069,98511.5
6,Artwork: Deep Forest + Asahi Inori Figurine x2 + Ghostfire Wisp x2 + New Flavor Out Now!,590188,98364.666667
6,Artwork: Deep Forest + Asahi Inori Figurine x2 + Ghostfire Wisp x2 + Nine-Bite Snack Box,827651,137941.833333
6,Artwork: Deep Forest + Asahi Inori Figurine x2 + Ghostfire Wisp x2 + Thud-Thud Hammer,687443,114573.833333
6,Artwork: Deep Forest + Asahi Inori Figurine x2 + Ghostfire Wisp x2 + Wheelchair Model,614602,102433.666667
6,Artwork: Deep Forest + Asahi Inori Figurine x2 + Ghostfire Wisp + Lost Armor x2,334272,55712.0
6,Artwork: Deep Forest + Asahi Inori Figurine x2 + Ghostfire Wisp + Lost Armor + New Flavor Out Now!,333391,55565.166667
6,Artwork: Deep Forest + Asahi Inori Figurine x2 + Ghostfire Wisp + Lost Armor + Nine-Bite Snack Box,570854,95142.333333
6,Artwork: Deep Forest + Asahi Inori Figurine x2 + Ghostfire Wisp + Lost Armor + Thud-Thud Hammer,430646,71774.333333
6,Artwork: Deep Forest + Asahi Inori Figurine x2 + Ghostfire Wisp + Lost Armor + Wheelchair Model,357805,59634.166667
6,Artwork: Deep Forest + Asahi Inori Figurine x2 + Ghostfire Wisp + New Flavor Out Now! x2,332510,55418.333333
6,Artwork: Deep Forest + Asahi Inori Figurine x2 + Ghostfire Wisp + New Flavor Out Now! + Nine-Bite Snack Box,569973,94995.5
6,Artwork: Deep Forest + Asahi Inori Figurine x2 + Ghostfire Wisp + New Flavor Out Now! + Thud-Thud Hammer,429765,71627.5
6,Artwork: Deep Forest + Asahi Inori Figurine x2 + Ghostfire Wisp + New Flavor Out Now! + Wheelchair Model,356924,59487.333333
6,Artwork: Deep Forest + Asahi Inori Figurine x2 + Ghostfire Wisp + Nine-Bite Snack Box x2,807436,134572.666667
6,Artwork: Deep Forest + Asahi Inori Figurine x2 + Ghostfire Wisp + Nine-Bite Snack Box + Thud-Thud Hammer,667228,111204.666667
6,Artwork: Deep Forest + Asahi Inori Figurine x2 + Ghostfire Wisp + Nine-Bite Snack Box + Wheelchair Model,594387,99064.5
6,Artwork: Deep Forest + Asahi Inori Figurine x2 + Ghostfire Wisp + Thud-Thud Hammer x2,527020,87836.666667
6,Artwork: Deep Forest + Asahi Inori Figurine x2 + Ghostfire Wisp + Thud-Thud Hammer + Wheelchair Model,454179,75696.5
6,Artwork: Deep Forest + Asahi Inori Figurine x2 + Ghostfire Wisp + Wheelchair Model x2,381338,63556.333333
6,Artwork: Deep Forest + Asahi Inori Figurine x2 + Lost Armor x3,77475,12912.5
6,Artwork: Deep Forest + Asahi Inori Figurine x2 + Lost Armor x2 + New Flavor Out Now!,76594,12765.666667
6,Artwork: Deep Forest + Asahi Inori Figurine x2 + Lost Armor x2 + Nine-Bite Snack Box,314057,52342.833333
6,Artwork: Deep Forest + Asahi Inori Figurine x2 + Lost Armor x2 + Thud-Thud Hammer,173849,28974.833333
6,Artwork: Deep Forest + Asahi Inori Figurine x2 + Lost Armor x2 + Wheelchair Model,101008,16834.666667
6,Artwork: Deep Forest + Asahi Inori Figurine x2 + Lost Armor + New Flavor Out Now! x2,75713,12618.833333
6,Artwork: Deep Forest + Asahi Inori Figurine x2 + Lost Armor + New Flavor Out Now! + Nine-Bite Snack Box,313176,52196.0
6,Artwork: Deep Forest + Asahi Inori Figurine x2 + Lost Armor + New Flavor Out Now! + Thud-Thud Hammer,172968,28828.0
6,Artwork: Deep Forest + Asahi Inori Figurine x2 + Lost Armor + New Flavor Out Now! + Wheelchair Model,100127,16687.833333
6,Artwork: Deep Forest + Asahi Inori Figurine x2 + Lost Armor + Nine-Bite Snack Box x2,550639,91773.166667
6,Artwork: Deep Forest + Asahi Inori Figurine x2 + Lost Armor + Nine-Bite Snack Box + Thud-Thud Hammer,410431,68405.166667
6,Artwork: Deep Forest + Asahi Inori Figurine x2 + Lost Armor + Nine-Bite Snack Box + Wheelchair Model,337590,56265.0
6,Artwork: Deep Forest + Asahi Inori Figurine x2 + Lost Armor + Thud-Thud Hammer x2,270223,45037.166667
6,Artwork: Deep Forest + Asahi Inori Figurine x2 + Lost Armor + Thud-Thud Hammer + Wheelchair Model,197382,32897.0
6,Artwork: Deep Forest + Asahi Inori Figurine x2 + Lost Armor + Wheelchair Model x2,124541,20756.833333
6,Artwork: Deep Forest + Asahi Inori Figurine x2 + New Flavor Out Now! x3,74832,12472.0
6,Artwork: Deep Forest + Asahi Inori Figurine x2 + New Flavor Out Now! x2 + Nine-Bite Snack Box,312295,52049.166667
6,Artwork: Deep Forest + Asahi Inori Figurine x2 + New Flavor Out Now! x2 + Thud-Thud Hammer,172087,28681.166667
6,Artwork: Deep Forest + Asahi Inori Figurine x2 + New Flavor Out Now! x2 + Wheelchair Model,99246,16541.0
6,Artwork: Deep Forest + Asahi Inori Figurine x2 + New Flavor Out Now! + Nine-Bite Snack Box x2,549758,91626.333333
6,Artwork: Deep Forest + Asahi Inori Figurine x2 + New Flavor Out Now! + Nine-Bite Snack Box + Thud-Thud Hammer,409550,68258.333333
6,Artwork: Deep Forest + Asahi Inori Figurine x2 + New Flavor Out Now! + Nine-Bite Snack Box + Wheelchair Model,336709,56118.166667
6,Artwork: Deep Forest + Asahi Inori Figurine x2 + New Flavor Out Now! + Thud-Thud Hammer x2,269342,44890.333333
6,Artwork: Deep Forest + Asahi Inori Figurine x2 + New Flavor Out Now! + Thud-Thud Hammer + Wheelchair Model,196501,32750.166667
6,Artwork: Deep Forest + Asahi Inori Figurine x2 + New Flavor Out Now! + Wheelchair Model x2,123660,20610.0
6,Artwork: Deep Forest + Asahi Inori Figurine x2 + Nine-Bite Snack Box x3,787221,131203.5
6,Artwork: Deep Forest + Asahi Inori Figurine x2 + Nine-Bite Snack Box x2 + Thud-Thud Hammer,647013,107835.5
6,Artwork: Deep Forest + Asahi Inori Figurine x2 + Nine-Bite Snack Box x2 + Wheelchair Model,574172,95695.333333
6,Artwork: Deep Forest + Asahi Inori Figurine x2 + Nine-Bite Snack Box + Thud-Thud Hammer x2,506805,84467.5
6,Artwork: Deep Forest + Asahi Inori Figurine x2 + Nine-Bite Snack Box + Thud-Thud Hammer + Wheelchair Model,433964,72327.333333
6,Artwork: Deep Forest + Asahi Inori Figurine x2 + Nine-Bite Snack Box + Wheelchair Model x2,361123,60187.166667
6,Artwork: Deep Forest + Asahi Inori Figurine x2 + Thud-Thud Hammer x3,366597,61099.5
6,Artwork: Deep Forest + Asahi Inori Figurine x2 + Thud-Thud Hammer x2 + Wheelchair Model,293756,48959.333333
6,Artwork: Deep Forest + Asahi Inori Figurine x2 + Thud-Thud Hammer + Wheelchair Model x2,220915,36819.166667
6,Artwork: Deep Forest + Asahi Inori Figurine x2 + Wheelchair Model x3,148074,24679.0
6,Artwork: Deep Forest + Asahi Inori Figurine + Ghostfire Wisp x4,1078025,179670.833333
6,Artwork: Deep Forest + Asahi Inori Figurine + Ghostfire Wisp x3 + Lost Armor,821228,136871.333333
6,Artwork: Deep Forest + Asahi Inori Figurine + Ghostfire Wisp x3 + New Flavor Out Now!,820347,136724.5
6,Artwork: Deep Forest + Asahi Inori Figurine + Ghostfire Wisp x3 + Nine-Bite Snack Box,1057810,176301.666667
6,Artwork: Deep Forest + Asahi Inori Figurine + Ghostfire Wisp x3 + Thud-Thud Hammer,917602,152933.666667
6,Artwork: Deep Forest + Asahi Inori Figurine + Ghostfire Wisp x3 + Wheelchair Model,844761,140793.5
6,Artwork: Deep Forest + Asahi Inori Figurine + Ghostfire Wisp x2 + Lost Armor x2,564431,94071.833333
6,Artwork: Deep Forest + Asahi Inori Figurine + Ghostfire Wisp x2 + Lost Armor + New Flavor Out Now!,563550,93925.0
6,Artwork: Deep Forest + Asahi Inori Figurine + Ghostfire Wisp x2 + Lost Armor + Nine-Bite Snack Box,801013,133502.166667
6,Artwork: Deep Forest + Asahi Inori Figurine + Ghostfire Wisp x2 + Lost Armor + Thud-Thud Hammer,660805,110134.166667
6,Artwork: Deep Forest + Asahi Inori Figurine + Ghostfire Wisp x2 + Lost Armor + Wheelchair Model,587964,97994.0
6,Artwork: Deep Forest + Asahi Inori Figurine + Ghostfire Wisp x2 + New Flavor Out Now! x2,562669,93778.166667
6,Artwork: Deep Forest + Asahi Inori Figurine + Ghostfire Wisp x2 + New Flavor Out Now! + Nine-Bite Snack Box,800132,133355.333333
6,Artwork: Deep Forest + Asahi Inori Figurine + Ghostfire Wisp x2 + New Flavor Out Now! + Thud-Thud Hammer,659924,109987.333333
6,Artwork: Deep Forest + Asahi Inori Figurine + Ghostfire Wisp x2 + New Flavor Out Now! + Wheelchair Model,587083,97847.166667
6,Artwork: Deep Forest + Asahi Inori Figurine + Ghostfire Wisp x2 + Nine-Bite Snack Box x2,1037595,172932.5
6,Artwork: Deep Forest + Asahi Inori Figurine + Ghostfire Wisp x2 + Nine-Bite Snack Box + Thud-Thud Hammer,897387,149564.5
6,Artwork: Deep Forest + Asahi Inori Figurine + Ghostfire Wisp x2 + Nine-Bite Snack Box + Wheelchair Model,824546,137424.333333
6,Artwork: Deep Forest + Asahi Inori Figurine + Ghostfire Wisp x2 + Thud-Thud Hammer x2,757179,126196.5
6,Artwork: Deep Forest + Asahi Inori Figurine + Ghostfire Wisp x2 + Thud-Thud Hammer + Wheelchair Model,684338,114056.333333
6,Artwork: Deep Forest + Asahi Inori Figurine + Ghostfire Wisp x2 + Wheelchair Model x2,611497,101916.166667
6,Artwork: Deep Forest + Asahi Inori Figurine + Ghostfire Wisp + Lost Armor x3,307634,51272.333333
6,Artwork: Deep Forest + Asahi Inori Figurine + Ghostfire Wisp + Lost Armor x2 + New Flavor Out Now!,306753,51125.5
6,Artwork: Deep Forest + Asahi Inori Figurine + Ghostfire Wisp + Lost Armor x2 + Nine-Bite Snack Box,544216,90702.666667
6,Artwork: Deep Forest + Asahi Inori Figurine + Ghostfire Wisp + Lost Armor x2 + Thud-Thud Hammer,404008,67334.666667
6,Artwork: Deep Forest + Asahi Inori Figurine + Ghostfire Wisp + Lost Armor x2 + Wheelchair Model,331167,55194.5
6,Artwork: Deep Forest + Asahi Inori Figurine + Ghostfire Wisp + Lost Armor + New Flavor Out Now! x2,305872,50978.666667
6,Artwork: Deep Forest + Asahi Inori Figurine + Ghostfire Wisp + Lost Armor + New Flavor Out Now! + Nine-Bite Snack Box,543335,90555.833333
6,Artwork: Deep Forest + Asahi Inori Figurine + Ghostfire Wisp + Lost Armor + New Flavor Out Now! + Thud-Thud Hammer,403127,67187.833333
6,Artwork: Deep Forest + Asahi Inori Figurine + Ghostfire Wisp + Lost Armor + New Flavor Out Now! + Wheelchair Model,330286,55047.666667
6,Artwork: Deep Forest + Asahi Inori Figurine + Ghostfire Wisp + Lost Armor + Nine-Bite Snack Box x2,780798,130133.0
6,Artwork: Deep Forest + Asahi Inori Figurine + Ghostfire Wisp + Lost Armor + Nine-Bite Snack Box + Thud-Thud Hammer,640590,106765.0
6,Artwork: Deep Forest + Asahi Inori Figurine + Ghostfire Wisp + Lost Armor + Nine-Bite Snack Box + Wheelchair Model,567749,94624.833333
6,Artwork: Deep Forest + Asahi Inori Figurine + Ghostfire Wisp + Lost Armor + Thud-Thud Hammer x2,500382,83397.0
6,Artwork: Deep Forest + Asahi Inori Figurine + Ghostfire Wisp + Lost Armor + Thud-Thud Hammer + Wheelchair Model,427541,71256.833333
6,Artwork: Deep Forest + Asahi Inori Figurine + Ghostfire Wisp + Lost Armor + Wheelchair Model x2,354700,59116.666667
6,Artwork: Deep Forest + Asahi Inori Figurine + Ghostfire Wisp + New Flavor Out Now! x3,304991,50831.833333
6,Artwork: Deep Forest + Asahi Inori Figurine + Ghostfire Wisp + New Flavor Out Now! x2 + Nine-Bite Snack Box,542454,90409.0
6,Artwork: Deep Forest + Asahi Inori Figurine + Ghostfire Wisp + New Flavor Out Now! x2 + Thud-Thud Hammer,402246,67041.0
6,Artwork: Deep Forest + Asahi Inori Figurine + Ghostfire Wisp + New Flavor Out Now! x2 + Wheelchair Model,329405,54900.833333
6,Artwork: Deep Forest + Asahi Inori Figurine + Ghostfire Wisp + New Flavor Out Now! + Nine-Bite Snack Box x2,779917,129986.166667
6,Artwork: Deep Forest + Asahi Inori Figurine + Ghostfire Wisp + New Flavor Out Now! + Nine-Bite Snack Box + Thud-Thud Hammer,639709,106618.166667
6,Artwork: Deep Forest + Asahi Inori Figurine + Ghostfire Wisp + New Flavor Out Now! + Nine-Bite Snack Box + Wheelchair Model,566868,94478.0
6,Artwork: Deep Forest + Asahi Inori Figurine + Ghostfire Wisp + New Flavor Out Now! + Thud-Thud Hammer x2,499501,83250.166667
6,Artwork: Deep Forest + Asahi Inori Figurine + Ghostfire Wisp + New Flavor Out Now! + Thud-Thud Hammer + Wheelchair Model,426660,71110.0
6,Artwork: Deep Forest + Asahi Inori Figurine + Ghostfire Wisp + New Flavor Out Now! + Wheelchair Model x2,353819,58969.833333
6,Artwork: Deep Forest + Asahi Inori Figurine + Ghostfire Wisp + Nine-Bite Snack Box x3,1017380,169563.333333
6,Artwork: Deep Forest + Asahi Inori Figurine + Ghostfire Wisp + Nine-Bite Snack Box x2 + Thud-Thud Hammer,877172,146195.333333
6,Artwork: Deep Forest + Asahi Inori Figurine + Ghostfire Wisp + Nine-Bite Snack Box x2 + Wheelchair Model,804331,134055.166667
6,Artwork: Deep Forest + Asahi Inori Figurine + Ghostfire Wisp + Nine-Bite Snack Box + Thud-Thud Hammer x2,736964,122827.333333
6,Artwork: Deep Forest + Asahi Inori Figurine + Ghostfire Wisp + Nine-Bite Snack Box + Thud-Thud Hammer + Wheelchair Model,664123,110687.166667
6,Artwork: Deep Forest + Asahi Inori Figurine + Ghostfire Wisp + Nine-Bite Snack Box + Wheelchair Model x2,591282,98547.0
6,Artwork: Deep Forest + Asahi Inori Figurine + Ghostfire Wisp + Thud-Thud Hammer x3,596756,99459.333333
6,Artwork: Deep Forest + Asahi Inori Figurine + Ghostfire Wisp + Thud-Thud Hammer x2 + Wheelchair Model,523915,87319.166667
6,Artwork: Deep Forest + Asahi Inori Figurine + Ghostfire Wisp + Thud-Thud Hammer + Wheelchair Model x2,451074,75179.0
6,Artwork: Deep Forest + Asahi Inori Figurine + Ghostfire Wisp + Wheelchair Model x3,378233,63038.833333
6,Artwork: Deep Forest + Asahi Inori Figurine + Lost Armor x4,50837,8472.833333
6,Artwork: Deep Forest + Asahi Inori Figurine + Lost Armor x3 + New Flavor Out Now!,49956,8326.0
6,Artwork: Deep Forest + Asahi Inori Figurine + Lost Armor x3 + Nine-Bite Snack Box,287419,47903.166667
6,Artwork: Deep Forest + Asahi Inori Figurine + Lost Armor x3 + Thud-Thud Hammer,147211,24535.166667
6,Artwork: Deep Forest + Asahi Inori Figurine + Lost Armor x3 + Wheelchair Model,74370,12395.0
6,Artwork: Deep Forest + Asahi Inori Figurine + Lost Armor x2 + New Flavor Out Now! x2,49075,8179.166667
6,Artwork: Deep Forest + Asahi Inori Figurine + Lost Armor x2 + New Flavor Out Now! + Nine-Bite Snack Box,286538,47756.333333
6,Artwork: Deep Forest + Asahi Inori Figurine + Lost Armor x2 + New Flavor Out Now! + Thud-Thud Hammer,146330,24388.333333
6,Artwork: Deep Forest + Asahi Inori Figurine + Lost Armor x2 + New Flavor Out Now! + Wheelchair Model,73489,12248.166667
6,Artwork: Deep Forest + Asahi Inori Figurine + Lost Armor x2 + Nine-Bite Snack Box x2,524001,87333.5
6,Artwork: Deep Forest + Asahi Inori Figurine + Lost Armor x2 + Nine-Bite Snack Box + Thud-Thud Hammer,383793,63965.5
6,Artwork: Deep Forest + Asahi Inori Figurine + Lost Armor x2 + Nine-Bite Snack Box + Wheelchair Model,310952,51825.333333
6,Artwork: Deep Forest + Asahi Inori Figurine + Lost Armor x2 + Thud-Thud Hammer x2,243585,40597.5
6,Artwork: Deep Forest + Asahi Inori Figurine + Lost Armor x2 + Thud-Thud Hammer + Wheelchair Model,170744,28457.333333
6,Artwork: Deep Forest + Asahi Inori Figurine + Lost Armor x2 + Wheelchair Model x2,97903,16317.166667
6,Artwork: Deep Forest + Asahi Inori Figurine + Lost Armor + New Flavor Out Now! x3,48194,8032.333333
6,Artwork: Deep Forest + Asahi Inori Figurine + Lost Armor + New Flavor Out Now! x2 + Nine-Bite Snack Box,285657,47609.5
6,Artwork: Deep Forest + Asahi Inori Figurine + Lost Armor + New Flavor Out Now! x2 + Thud-Thud Hammer,145449,24241.5
6,Artwork: Deep Forest + Asahi Inori Figurine + Lost Armor + New Flavor Out Now! x2 + Wheelchair Model,72608,12101.333333
6,Artwork: Deep Forest + Asahi Inori Figurine + Lost Armor + New Flavor Out Now! + Nine-Bite Snack Box x2,523120,87186.666667
6,Artwork: Deep Forest + Asahi Inori Figurine + Lost Armor + New Flavor Out Now! + Nine-Bite Snack Box + Thud-Thud Hammer,382912,63818.666667
6,Artwork: Deep Forest + Asahi Inori Figurine + Lost Armor + New Flavor Out Now! + Nine-Bite Snack Box + Wheelchair Model,310071,51678.5
6,Artwork: Deep Forest + Asahi Inori Figurine + Lost Armor + New Flavor Out Now! + Thud-Thud Hammer x2,242704,40450.666667
6,Artwork: Deep Forest + Asahi Inori Figurine + Lost Armor + New Flavor Out Now! + Thud-Thud Hammer + Wheelchair Model,169863,28310.5
6,Artwork: Deep Forest + Asahi Inori Figurine + Lost Armor + New Flavor Out Now! + Wheelchair Model x2,97022,16170.333333
6,Artwork: Deep Forest + Asahi Inori Figurine + Lost Armor + Nine-Bite Snack Box x3,760583,126763.833333
6,Artwork: Deep Forest + Asahi Inori Figurine + Lost Armor + Nine-Bite Snack Box x2 + Thud-Thud Hammer,620375,103395.833333
6,Artwork: Deep Forest + Asahi Inori Figurine + Lost Armor + Nine-Bite Snack Box x2 + Wheelchair Model,547534,91255.666667
6,Artwork: Deep Forest + Asahi Inori Figurine + Lost Armor + Nine-Bite Snack Box + Thud-Thud Hammer x2,480167,80027.833333
6,Artwork: Deep Forest + Asahi Inori Figurine + Lost Armor + Nine-Bite Snack Box + Thud-Thud Hammer + Wheelchair Model,407326,67887.666667
6,Artwork: Deep Forest + Asahi Inori Figurine + Lost Armor + Nine-Bite Snack Box + Wheelchair Model x2,334485,55747.5
6,Artwork: Deep Forest + Asahi Inori Figurine + Lost Armor + Thud-Thud Hammer x3,339959,56659.833333
6,Artwork: Deep Forest + Asahi Inori Figurine + Lost Armor + Thud-Thud Hammer x2 + Wheelchair Model,267118,44519.666667
6,Artwork: Deep Forest + Asahi Inori Figurine + Lost Armor + Thud-Thud Hammer + Wheelchair Model x2,194277,32379.5
6,Artwork: Deep Forest + Asahi Inori Figurine + Lost Armor + Wheelchair Model x3,121436,20239.333333
6,Artwork: Deep Forest + Asahi Inori Figurine + New Flavor Out Now! x4,47313,7885.5
6,Artwork: Deep Forest + Asahi Inori Figurine + New Flavor Out Now! x3 + Nine-Bite Snack Box,284776,47462.666667
6,Artwork: Deep Forest + Asahi Inori Figurine + New Flavor Out Now! x3 + Thud-Thud Hammer,144568,24094.666667
6,Artwork: Deep Forest + Asahi Inori Figurine + New Flavor Out Now! x3 + Wheelchair Model,71727,11954.5
6,Artwork: Deep Forest + Asahi Inori Figurine + New Flavor Out Now! x2 + Nine-Bite Snack Box x2,522239,87039.833333
6,Artwork: Deep Forest + Asahi Inori Figurine + New Flavor Out Now! x2 + Nine-Bite Snack Box + Thud-Thud Hammer,382031,63671.833333
6,Artwork: Deep Forest + Asahi Inori Figurine + New Flavor Out Now! x2 + Nine-Bite Snack Box + Wheelchair Model,309190,51531.666667
6,Artwork: Deep Forest + Asahi Inori Figurine + New Flavor Out Now! x2 + Thud-Thud Hammer x2,241823,40303.833333
6,Artwork: Deep Forest + Asahi Inori Figurine + New Flavor Out Now! x2 + Thud-Thud Hammer + Wheelchair Model,168982,28163.666667
6,Artwork: Deep Forest + Asahi Inori Figurine + New Flavor Out Now! x2 + Wheelchair Model x2,96141,16023.5
6,Artwork: Deep Forest + Asahi Inori Figurine + New Flavor Out Now! + Nine-Bite Snack Box x3,759702,126617.0
6,Artwork: Deep Forest + Asahi Inori Figurine + New Flavor Out Now! + Nine-Bite Snack Box x2 + Thud-Thud Hammer,619494,103249.0
6,Artwork: Deep Forest + Asahi Inori Figurine + New Flavor Out Now! + Nine-Bite Snack Box x2 + Wheelchair Model,546653,91108.833333
6,Artwork: Deep Forest + Asahi Inori Figurine + New Flavor Out Now! + Nine-Bite Snack Box + Thud-Thud Hammer x2,479286,79881.0
6,Artwork: Deep Forest + Asahi Inori Figurine + New Flavor Out Now! + Nine-Bite Snack Box + Thud-Thud Hammer + Wheelchair Model,406445,67740.833333
6,Artwork: Deep Forest + Asahi Inori Figurine + New Flavor Out Now! + Nine-Bite Snack Box + Wheelchair Model x2,333604,55600.666667
6,Artwork: Deep Forest + Asahi Inori Figurine + New Flavor Out Now! + Thud-Thud Hammer x3,339078,56513.0
6,Artwork: Deep Forest + Asahi Inori Figurine + New Flavor Out Now! + Thud-Thud Hammer x2 + Wheelchair Model,266237,44372.833333
6,Artwork: Deep Forest + Asahi Inori Figurine + New Flavor Out Now! + Thud-Thud Hammer + Wheelchair Model x2,193396,32232.666667
6,Artwork: Deep Forest + Asahi Inori Figurine + New Flavor Out Now! + Wheelchair Model x3,120555,20092.5
6,Artwork: Deep Forest + Asahi Inori Figurine + Nine-Bite Snack Box x4,997165,166194.166667
6,Artwork: Deep Forest + Asahi Inori Figurine + Nine-Bite Snack Box x3 + Thud-Thud Hammer,856957,142826.166667
6,Artwork: Deep Forest + Asahi Inori Figurine + Nine-Bite Snack Box x3 + Wheelchair Model,784116,130686.0
6,Artwork: Deep Forest + Asahi Inori Figurine + Nine-Bite Snack Box x2 + Thud-Thud Hammer x2,716749,119458.166667
6,Artwork: Deep Forest + Asahi Inori Figurine + Nine-Bite Snack Box x2 + Thud-Thud Hammer + Wheelchair Model,643908,107318.0
6,Artwork: Deep Forest + Asahi Inori Figurine + Nine-Bite Snack Box x2 + Wheelchair Model x2,571067,95177.833333
6,Artwork: Deep Forest + Asahi Inori Figurine + Nine-Bite Snack Box + Thud-Thud Hammer x3,576541,96090.166667
6,Artwork: Deep Forest + Asahi Inori Figurine + Nine-Bite Snack Box + Thud-Thud Hammer x2 + Wheelchair Model,503700,83950.0
6,Artwork: Deep Forest + Asahi Inori Figurine + Nine-Bite Snack Box + Thud-Thud Hammer + Wheelchair Model x2,430859,71809.833333
6,Artwork: Deep Forest + Asahi Inori Figurine + Nine-Bite Snack Box + Wheelchair Model x3,358018,59669.666667
6,Artwork: Deep Forest + Asahi Inori Figurine + Thud-Thud Hammer x4,436333,72722.166667
6,Artwork: Deep Forest + Asahi Inori Figurine + Thud-Thud Hammer x3 + Wheelchair Model,363492,60582.0
6,Artwork: Deep Forest + Asahi Inori Figurine + Thud-Thud Hammer x2 + Wheelchair Model x2,290651,48441.833333
6,Artwork: Deep Forest + Asahi Inori Figurine + Thud-Thud Hammer + Wheelchair Model x3,217810,36301.666667
6,Artwork: Deep Forest + Asahi Inori Figurine + Wheelchair Model x4,144969,24161.5
6,Artwork: Deep Forest + Ghostfire Wisp x5,1308184,218030.666667
6,Artwork: Deep Forest + Ghostfire Wisp x4 + Lost Armor,1051387,175231.166667
6,Artwork: Deep Forest + Ghostfire Wisp x4 + New Flavor Out Now!,1050506,175084.333333
6,Artwork: Deep Forest + Ghostfire Wisp x4 + Nine-Bite Snack Box,1287969,214661.5
6,Artwork: Deep Forest + Ghostfire Wisp x4 + Thud-Thud Hammer,1147761,191293.5
6,Artwork: Deep Forest + Ghostfire Wisp x4 + Wheelchair Model,1074920,179153.333333
6,Artwork: Deep Forest + Ghostfire Wisp x3 + Lost Armor x2,794590,132431.666667
6,Artwork: Deep Forest + Ghostfire Wisp x3 + Lost Armor + New Flavor Out Now!,793709,132284.833333
6,Artwork: Deep Forest + Ghostfire Wisp x3 + Lost Armor + Nine-Bite Snack Box,1031172,171862.0
6,Artwork: Deep Forest + Ghostfire Wisp x3 + Lost Armor + Thud-Thud Hammer,890964,148494.0
6,Artwork: Deep Forest + Ghostfire Wisp x3 + Lost Armor + Wheelchair Model,818123,136353.833333
6,Artwork: Deep Forest + Ghostfire Wisp x3 + New Flavor Out Now! x2,792828,132138.0
6,Artwork: Deep Forest + Ghostfire Wisp x3 + New Flavor Out Now! + Nine-Bite Snack Box,1030291,171715.166667
6,Artwork: Deep Forest + Ghostfire Wisp x3 + New Flavor Out Now! + Thud-Thud Hammer,890083,148347.166667
6,Artwork: Deep Forest + Ghostfire Wisp x3 + New Flavor Out Now! + Wheelchair Model,817242,136207.0
6,Artwork: Deep Forest + Ghostfire Wisp x3 + Nine-Bite Snack Box x2,1267754,211292.333333
6,Artwork: Deep Forest + Ghostfire Wisp x3 + Nine-Bite Snack Box + Thud-Thud Hammer,1127546,187924.333333
6,Artwork: Deep Forest + Ghostfire Wisp x3 + Nine-Bite Snack Box + Wheelchair Model,1054705,175784.166667
6,Artwork: Deep Forest + Ghostfire Wisp x3 + Thud-Thud Hammer x2,987338,164556.333333
6,Artwork: Deep Forest + Ghostfire Wisp x3 + Thud-Thud Hammer + Wheelchair Model,914497,152416.166667
6,Artwork: Deep Forest + Ghostfire Wisp x3 + Wheelchair Model x2,841656,140276.0
6,Artwork: Deep Forest + Ghostfire Wisp x2 + Lost Armor x3,537793,89632.166667
6,Artwork: Deep Forest + Ghostfire Wisp x2 + Lost Armor x2 + New Flavor Out Now!,536912,89485.333333
6,Artwork: Deep Forest + Ghostfire Wisp x2 + Lost Armor x2 + Nine-Bite Snack Box,774375,129062.5
6,Artwork: Deep Forest + Ghostfire Wisp x2 + Lost Armor x2 + Thud-Thud Hammer,634167,105694.5
6,Artwork: Deep Forest + Ghostfire Wisp x2 + Lost Armor x2 + Wheelchair Model,561326,93554.333333
6,Artwork: Deep Forest + Ghostfire Wisp x2 + Lost Armor + New Flavor Out Now! x2,536031,89338.5
6,Artwork: Deep Forest + Ghostfire Wisp x2 + Lost Armor + New Flavor Out Now! + Nine-Bite Snack Box,773494,128915.666667
6,Artwork: Deep Forest + Ghostfire Wisp x2 + Lost Armor + New Flavor Out Now! + Thud-Thud Hammer,633286,105547.666667
6,Artwork: Deep Forest + Ghostfire Wisp x2 + Lost Armor + New Flavor Out Now! + Wheelchair Model,560445,93407.5
6,Artwork: Deep Forest + Ghostfire Wisp x2 + Lost Armor + Nine-Bite Snack Box x2,1010957,168492.833333
6,Artwork: Deep Forest + Ghostfire Wisp x2 + Lost Armor + Nine-Bite Snack Box + Thud-Thud Hammer,870749,145124.833333
6,Artwork: Deep Forest + Ghostfire Wisp x2 + Lost Armor + Nine-Bite Snack Box + Wheelchair Model,797908,132984.666667
6,Artwork: Deep Forest + Ghostfire Wisp x2 + Lost Armor + Thud-Thud Hammer x2,730541,121756.833333
6,Artwork: Deep Forest + Ghostfire Wisp x2 + Lost Armor + Thud-Thud Hammer + Wheelchair Model,657700,109616.666667
6,Artwork: Deep Forest + Ghostfire Wisp x2 + Lost Armor + Wheelchair Model x2,584859,97476.5
6,Artwork: Deep Forest + Ghostfire Wisp x2 + New Flavor Out Now! x3,535150,89191.666667
6,Artwork: Deep Forest + Ghostfire Wisp x2 + New Flavor Out Now! x2 + Nine-Bite Snack Box,772613,128768.833333
6,Artwork: Deep Forest + Ghostfire Wisp x2 + New Flavor Out Now! x2 + Thud-Thud Hammer,632405,105400.833333
6,Artwork: Deep Forest + Ghostfire Wisp x2 + New Flavor Out Now! x2 + Wheelchair Model,559564,93260.666667
6,Artwork: Deep Forest + Ghostfire Wisp x2 + New Flavor Out Now! + Nine-Bite Snack Box x2,1010076,168346.0
6,Artwork: Deep Forest + Ghostfire Wisp x2 + New Flavor Out Now! + Nine-Bite Snack Box + Thud-Thud Hammer,869868,144978.0
6,Artwork: Deep Forest + Ghostfire Wisp x2 + New Flavor Out Now! + Nine-Bite Snack Box + Wheelchair Model,797027,132837.833333
6,Artwork: Deep Forest + Ghostfire Wisp x2 + New Flavor Out Now! + Thud-Thud Hammer x2,729660,121610.0
6,Artwork: Deep Forest + Ghostfire Wisp x2 + New Flavor Out Now! + Thud-Thud Hammer + Wheelchair Model,656819,109469.833333
6,Artwork: Deep Forest + Ghostfire Wisp x2 + New Flavor Out Now! + Wheelchair Model x2,583978,97329.666667
6,Artwork: Deep Forest + Ghostfire Wisp x2 + Nine-Bite Snack Box x3,1247539,207923.166667
6,Artwork: Deep Forest + Ghostfire Wisp x2 + Nine-Bite Snack Box x2 + Thud-Thud Hammer,1107331,184555.166667
6,Artwork: Deep Forest + Ghostfire Wisp x2 + Nine-Bite Snack Box x2 + Wheelchair Model,1034490,172415.0
6,Artwork: Deep Forest + Ghostfire Wisp x2 + Nine-Bite Snack Box + Thud-Thud Hammer x2,967123,161187.166667
6,Artwork: Deep Forest + Ghostfire Wisp x2 + Nine-Bite Snack Box + Thud-Thud Hammer + Wheelchair Model,894282,149047.0
6,Artwork: Deep Forest + Ghostfire Wisp x2 + Nine-Bite Snack Box + Wheelchair Model x2,821441,136906.833333
6,Artwork: Deep Forest + Ghostfire Wisp x2 + Thud-Thud Hammer x3,826915,137819.166667
6,Artwork: Deep Forest + Ghostfire Wisp x2 + Thud-Thud Hammer x2 + Wheelchair Model,754074,125679.0
6,Artwork: Deep Forest + Ghostfire Wisp x2 + Thud-Thud Hammer + Wheelchair Model x2,681233,113538.833333
6,Artwork: Deep Forest + Ghostfire Wisp x2 + Wheelchair Model x3,608392,101398.666667
6,Artwork: Deep Forest + Ghostfire Wisp + Lost Armor x4,280996,46832.666667
6,Artwork: Deep Forest + Ghostfire Wisp + Lost Armor x3 + New Flavor Out Now!,280115,46685.833333
6,Artwork: Deep Forest + Ghostfire Wisp + Lost Armor x3 + Nine-Bite Snack Box,517578,86263.0
6,Artwork: Deep Forest + Ghostfire Wisp + Lost Armor x3 + Thud-Thud Hammer,377370,62895.0
6,Artwork: Deep Forest + Ghostfire Wisp + Lost Armor x3 + Wheelchair Model,304529,50754.833333
6,Artwork: Deep Forest + Ghostfire Wisp + Lost Armor x2 + New Flavor Out Now! x2,279234,46539.0
6,Artwork: Deep Forest + Ghostfire Wisp + Lost Armor x2 + New Flavor Out Now! + Nine-Bite Snack Box,516697,86116.166667
6,Artwork: Deep Forest + Ghostfire Wisp + Lost Armor x2 + New Flavor Out Now! + Thud-Thud Hammer,376489,62748.166667
6,Artwork: Deep Forest + Ghostfire Wisp + Lost Armor x2 + New Flavor Out Now! + Wheelchair Model,303648,50608.0
6,Artwork: Deep Forest + Ghostfire Wisp + Lost Armor x2 + Nine-Bite Snack Box x2,754160,125693.333333
6,Artwork: Deep Forest + Ghostfire Wisp + Lost Armor x2 + Nine-Bite Snack Box + Thud-Thud Hammer,613952,102325.333333
6,Artwork: Deep Forest + Ghostfire Wisp + Lost Armor x2 + Nine-Bite Snack Box + Wheelchair Model,541111,90185.166667
6,Artwork: Deep Forest + Ghostfire Wisp + Lost Armor x2 + Thud-Thud Hammer x2,473744,78957.333333
6,Artwork: Deep Forest + Ghostfire Wisp + Lost Armor x2 + Thud-Thud Hammer + Wheelchair Model,400903,66817.166667
6,Artwork: Deep Forest + Ghostfire Wisp + Lost Armor x2 + Wheelchair Model x2,328062,54677.0
6,Artwork: Deep Forest + Ghostfire Wisp + Lost Armor + New Flavor Out Now! x3,278353,46392.166667
6,Artwork: Deep Forest + Ghostfire Wisp + Lost Armor + New Flavor Out Now! x2 + Nine-Bite Snack Box,515816,85969.333333
6,Artwork: Deep Forest + Ghostfire Wisp + Lost Armor + New Flavor Out Now! x2 + Thud-Thud Hammer,375608,62601.333333
6,Artwork: Deep Forest + Ghostfire Wisp + Lost Armor + New Flavor Out Now! x2 + Wheelchair Model,302767,50461.166667
6,Artwork: Deep Forest + Ghostfire Wisp + Lost Armor + New Flavor Out Now! + Nine-Bite Snack Box x2,753279,125546.5
6,Artwork: Deep Forest + Ghostfire Wisp + Lost Armor + New Flavor Out Now! + Nine-Bite Snack Box + Thud-Thud Hammer,613071,102178.5
6,Artwork: Deep Forest + Ghostfire Wisp + Lost Armor + New Flavor Out Now! + Nine-Bite Snack Box + Wheelchair Model,540230,90038.333333
6,Artwork: Deep Forest + Ghostfire Wisp + Lost Armor + New Flavor Out Now! + Thud-Thud Hammer x2,472863,78810.5
6,Artwork: Deep Forest + Ghostfire Wisp + Lost Armor + New Flavor Out Now! + Thud-Thud Hammer + Wheelchair Model,400022,66670.333333
6,Artwork: Deep Forest + Ghostfire Wisp + Lost Armor + New Flavor Out Now! + Wheelchair Model x2,327181,54530.166667
6,Artwork: Deep Forest + Ghostfire Wisp + Lost Armor + Nine-Bite Snack Box x3,990742,165123.666667
6,Artwork: Deep Forest + Ghostfire Wisp + Lost Armor + Nine-Bite Snack Box x2 + Thud-Thud Hammer,850534,141755.666667
6,Artwork: Deep Forest + Ghostfire Wisp + Lost Armor + Nine-Bite Snack Box x2 + Wheelchair Model,777693,129615.5
6,Artwork: Deep Forest + Ghostfire Wisp + Lost Armor + Nine-Bite Snack Box + Thud-Thud Hammer x2,710326,118387.666667
6,Artwork: Deep Forest + Ghostfire Wisp + Lost Armor + Nine-Bite Snack Box + Thud-Thud Hammer + Wheelchair Model,637485,106247.5
6,Artwork: Deep Forest + Ghostfire Wisp + Lost Armor + Nine-Bite Snack Box + Wheelchair Model x2,564644,94107.333333
6,Artwork: Deep Forest + Ghostfire Wisp + Lost Armor + Thud-Thud Hammer x3,570118,95019.666667
6,Artwork: Deep Forest + Ghostfire Wisp + Lost Armor + Thud-Thud Hammer x2 + Wheelchair Model,497277,82879.5
6,Artwork: Deep Forest + Ghostfire Wisp + Lost Armor + Thud-Thud Hammer + Wheelchair Model x2,424436,70739.333333
6,Artwork: Deep Forest + Ghostfire Wisp + Lost Armor + Wheelchair Model x3,351595,58599.166667
6,Artwork: Deep Forest + Ghostfire Wisp + New Flavor Out Now! x4,277472,46245.333333
6,Artwork: Deep Forest + Ghostfire Wisp + New Flavor Out Now! x3 + Nine-Bite Snack Box,514935,85822.5
6,Artwork: Deep Forest + Ghostfire Wisp + New Flavor Out Now! x3 + Thud-Thud Hammer,374727,62454.5
6,Artwork: Deep Forest + Ghostfire Wisp + New Flavor Out Now! x3 + Wheelchair Model,301886,50314.333333
6,Artwork: Deep Forest + Ghostfire Wisp + New Flavor Out Now! x2 + Nine-Bite Snack Box x2,752398,125399.666667
6,Artwork: Deep Forest + Ghostfire Wisp + New Flavor Out Now! x2 + Nine-Bite Snack Box + Thud-Thud Hammer,612190,102031.666667
6,Artwork: Deep Forest + Ghostfire Wisp + New Flavor Out Now! x2 + Nine-Bite Snack Box + Wheelchair Model,539349,89891.5
6,Artwork: Deep Forest + Ghostfire Wisp + New Flavor Out Now! x2 + Thud-Thud Hammer x2,471982,78663.666667
6,Artwork: Deep Forest + Ghostfire Wisp + New Flavor Out Now! x2 + Thud-Thud Hammer + Wheelchair Model,399141,66523.5
6,Artwork: Deep Forest + Ghostfire Wisp + New Flavor Out Now! x2 + Wheelchair Model x2,326300,54383.333333
6,Artwork: Deep Forest + Ghostfire Wisp + New Flavor Out Now! + Nine-Bite Snack Box x3,989861,164976.833333
6,Artwork: Deep Forest + Ghostfire Wisp + New Flavor Out Now! + Nine-Bite Snack Box x2 + Thud-Thud Hammer,849653,141608.833333
6,Artwork: Deep Forest + Ghostfire Wisp + New Flavor Out Now! + Nine-Bite Snack Box x2 + Wheelchair Model,776812,129468.666667
6,Artwork: Deep Forest + Ghostfire Wisp + New Flavor Out Now! + Nine-Bite Snack Box + Thud-Thud Hammer x2,709445,118240.833333
6,Artwork: Deep Forest + Ghostfire Wisp + New Flavor Out Now! + Nine-Bite Snack Box + Thud-Thud Hammer + Wheelchair Model,636604,106100.666667
6,Artwork: Deep Forest + Ghostfire Wisp + New Flavor Out Now! + Nine-Bite Snack Box + Wheelchair Model x2,563763,93960.5
6,Artwork: Deep Forest + Ghostfire Wisp + New Flavor Out Now! + Thud-Thud Hammer x3,569237,94872.833333
6,Artwork: Deep Forest + Ghostfire Wisp + New Flavor Out Now! + Thud-Thud Hammer x2 + Wheelchair Model,496396,82732.666667
6,Artwork: Deep Forest + Ghostfire Wisp + New Flavor Out Now! + Thud-Thud Hammer + Wheelchair Model x2,423555,70592.5
6,Artwork: Deep Forest + Ghostfire Wisp + New Flavor Out Now! + Wheelchair Model x3,350714,58452.333333
6,Artwork: Deep Forest + Ghostfire Wisp + Nine-Bite Snack Box x4,1227324,204554.0
6,Artwork: Deep Forest + Ghostfire Wisp + Nine-Bite Snack Box x3 + Thud-Thud Hammer,1087116,181186.0
6,Artwork: Deep Forest + Ghostfire Wisp + Nine-Bite Snack Box x3 + Wheelchair Model,1014275,169045.833333
6,Artwork: Deep Forest + Ghostfire Wisp + Nine-Bite Snack Box x2 + Thud-Thud Hammer x2,946908,157818.0
6,Artwork: Deep Forest + Ghostfire Wisp + Nine-Bite Snack Box x2 + Thud-Thud Hammer + Wheelchair Model,874067,145677.833333
6,Artwork: Deep Forest + Ghostfire Wisp + Nine-Bite Snack Box x2 + Wheelchair Model x2,801226,133537.666667
6,Artwork: Deep Forest + Ghostfire Wisp + Nine-Bite Snack Box + Thud-Thud Hammer x3,806700,134450.0
6,Artwork: Deep Forest + Ghostfire Wisp + Nine-Bite Snack Box + Thud-Thud Hammer x2 + Wheelchair Model,733859,122309.833333
6,Artwork: Deep Forest + Ghostfire Wisp + Nine-Bite Snack Box + Thud-Thud Hammer + Wheelchair Model x2,661018,110169.666667
6,Artwork: Deep Forest + Ghostfire Wisp + Nine-Bite Snack Box + Wheelchair Model x3,588177,98029.5
6,Artwork: Deep Forest + Ghostfire Wisp + Thud-Thud Hammer x4,666492,111082.0
6,Artwork: Deep Forest + Ghostfire Wisp + Thud-Thud Hammer x3 + Wheelchair Model,593651,98941.833333
6,Artwork: Deep Forest + Ghostfire Wisp + Thud-Thud Hammer x2 + Wheelchair Model x2,520810,86801.666667
6,Artwork: Deep Forest + Ghostfire Wisp + Thud-Thud Hammer + Wheelchair Model x3,447969,74661.5
6,Artwork: Deep Forest + Ghostfire Wisp + Wheelchair Model x4,375128,62521.333333
6,Artwork: Deep Forest + Lost Armor x5,24199,4033.166667
6,Artwork: Deep Forest + Lost Armor x4 + New Flavor Out Now!,23318,3886.333333
6,Artwork: Deep Forest + Lost Armor x4 + Nine-Bite Snack Box,260781,43463.5
6,Artwork: Deep Forest + Lost Armor x4 + Thud-Thud Hammer,120573,20095.5
6,Artwork: Deep Forest + Lost Armor x4 + Wheelchair Model,47732,7955.333333
6,Artwork: Deep Forest + Lost Armor x3 + New Flavor Out Now! x2,22437,3739.5
6,Artwork: Deep Forest + Lost Armor x3 + New Flavor Out Now! + Nine-Bite Snack Box,259900,43316.666667
6,Artwork: Deep Forest + Lost Armor x3 + New Flavor Out Now! + Thud-Thud Hammer,119692,19948.666667
6,Artwork: Deep Forest + Lost Armor x3 + New Flavor Out Now! + Wheelchair Model,46851,7808.5
6,Artwork: Deep Forest + Lost Armor x3 + Nine-Bite Snack Box x2,497363,82893.833333
6,Artwork: Deep Forest + Lost Armor x3 + Nine-Bite Snack Box + Thud-Thud Hammer,357155,59525.833333
6,Artwork: Deep Forest + Lost Armor x3 + Nine-Bite Snack Box + Wheelchair Model,284314,47385.666667
6,Artwork: Deep Forest + Lost Armor x3 + Thud-Thud Hammer x2,216947,36157.833333
6,Artwork: Deep Forest + Lost Armor x3 + Thud-Thud Hammer + Wheelchair Model,144106,24017.666667
6,Artwork: Deep Forest + Lost Armor x3 + Wheelchair Model x2,71265,11877.5
6,Artwork: Deep Forest + Lost Armor x2 + New Flavor Out Now! x3,21556,3592.666667
6,Artwork: Deep Forest + Lost Armor x2 + New Flavor Out Now! x2 + Nine-Bite Snack Box,259019,43169.833333
6,Artwork: Deep Forest + Lost Armor x2 + New Flavor Out Now! x2 + Thud-Thud Hammer,118811,19801.833333
6,Artwork: Deep Forest + Lost Armor x2 + New Flavor Out Now! x2 + Wheelchair Model,45970,7661.666667
6,Artwork: Deep Forest + Lost Armor x2 + New Flavor Out Now! + Nine-Bite Snack Box x2,496482,82747.0
6,Artwork: Deep Forest + Lost Armor x2 + New Flavor Out Now! + Nine-Bite Snack Box + Thud-Thud Hammer,356274,59379.0
6,Artwork: Deep Forest + Lost Armor x2 + New Flavor Out Now! + Nine-Bite Snack Box + Wheelchair Model,283433,47238.833333
6,Artwork: Deep Forest + Lost Armor x2 + New Flavor Out Now! + Thud-Thud Hammer x2,216066,36011.0
6,Artwork: Deep Forest + Lost Armor x2 + New Flavor Out Now! + Thud-Thud Hammer + Wheelchair Model,143225,23870.833333
6,Artwork: Deep Forest + Lost Armor x2 + New Flavor Out Now! + Wheelchair Model x2,70384,11730.666667
6,Artwork: Deep Forest + Lost Armor x2 + Nine-Bite Snack Box x3,733945,122324.166667
6,Artwork: Deep Forest + Lost Armor x2 + Nine-Bite Snack Box x2 + Thud-Thud Hammer,593737,98956.166667
6,Artwork: Deep Forest + Lost Armor x2 + Nine-Bite Snack Box x2 + Wheelchair Model,520896,86816.0
6,Artwork: Deep Forest + Lost Armor x2 + Nine-Bite Snack Box + Thud-Thud Hammer x2,453529,75588.166667
6,Artwork: Deep Forest + Lost Armor x2 + Nine-Bite Snack Box + Thud-Thud Hammer + Wheelchair Model,380688,63448.0
6,Artwork: Deep Forest + Lost Armor x2 + Nine-Bite Snack Box + Wheelchair Model x2,307847,51307.833333
6,Artwork: Deep Forest + Lost Armor x2 + Thud-Thud Hammer x3,313321,52220.166667
6,Artwork: Deep Forest + Lost Armor x2 + Thud-Thud Hammer x2 + Wheelchair Model,240480,40080.0
6,Artwork: Deep Forest + Lost Armor x2 + Thud-Thud Hammer + Wheelchair Model x2,167639,27939.833333
6,Artwork: Deep Forest + Lost Armor x2 + Wheelchair Model x3,94798,15799.666667
6,Artwork: Deep Forest + Lost Armor + New Flavor Out Now! x4,20675,3445.833333
6,Artwork: Deep Forest + Lost Armor + New Flavor Out Now! x3 + Nine-Bite Snack Box,258138,43023.0
6,Artwork: Deep Forest + Lost Armor + New Flavor Out Now! x3 + Thud-Thud Hammer,117930,19655.0
6,Artwork: Deep Forest + Lost Armor + New Flavor Out Now! x3 + Wheelchair Model,45089,7514.833333
6,Artwork: Deep Forest + Lost Armor + New Flavor Out Now! x2 + Nine-Bite Snack Box x2,495601,82600.166667
6,Artwork: Deep Forest + Lost Armor + New Flavor Out Now! x2 + Nine-Bite Snack Box + Thud-Thud Hammer,355393,59232.166667
6,Artwork: Deep Forest + Lost Armor + New Flavor Out Now! x2 + Nine-Bite Snack Box + Wheelchair Model,282552,47092.0
6,Artwork: Deep Forest + Lost Armor + New Flavor Out Now! x2 + Thud-Thud Hammer x2,215185,35864.166667
6,Artwork: Deep Forest + Lost Armor + New Flavor Out Now! x2 + Thud-Thud Hammer + Wheelchair Model,142344,23724.0
6,Artwork: Deep Forest + Lost Armor + New Flavor Out Now! x2 + Wheelchair Model x2,69503,11583.833333
6,Artwork: Deep Forest + Lost Armor + New Flavor Out Now! + Nine-Bite Snack Box x3,733064,122177.333333
6,Artwork: Deep Forest + Lost Armor + New Flavor Out Now! + Nine-Bite Snack Box x2 + Thud-Thud Hammer,592856,98809.333333
6,Artwork: Deep Forest + Lost Armor + New Flavor Out Now! + Nine-Bite Snack Box x2 + Wheelchair Model,520015,86669.166667
6,Artwork: Deep Forest + Lost Armor + New Flavor Out Now! + Nine-Bite Snack Box + Thud-Thud Hammer x2,452648,75441.333333
6,Artwork: Deep Forest + Lost Armor + New Flavor Out Now! + Nine-Bite Snack Box + Thud-Thud Hammer + Wheelchair Model,379807,63301.166667
6,Artwork: Deep Forest + Lost Armor + New Flavor Out Now! + Nine-Bite Snack Box + Wheelchair Model x2,306966,51161.0
6,Artwork: Deep Forest + Lost Armor + New Flavor Out Now! + Thud-Thud Hammer x3,312440,52073.333333
6,Artwork: Deep Forest + Lost Armor + New Flavor Out Now! + Thud-Thud Hammer x2 + Wheelchair Model,239599,39933.166667
6,Artwork: Deep Forest + Lost Armor + New Flavor Out Now! + Thud-Thud Hammer + Wheelchair Model x2,166758,27793.0
6,Artwork: Deep Forest + Lost Armor + New Flavor Out Now! + Wheelchair Model x3,93917,15652.833333
6,Artwork: Deep Forest + Lost Armor + Nine-Bite Snack Box x4,970527,161754.5
6,Artwork: Deep Forest + Lost Armor + Nine-Bite Snack Box x3 + Thud-Thud Hammer,830319,138386.5
6,Artwork: Deep Forest + Lost Armor + Nine-Bite Snack Box x3 + Wheelchair Model,757478,126246.333333
6,Artwork: Deep Forest + Lost Armor + Nine-Bite Snack Box x2 + Thud-Thud Hammer x2,690111,115018.5
6,Artwork: Deep Forest + Lost Armor + Nine-Bite Snack Box x2 + Thud-Thud Hammer + Wheelchair Model,617270,102878.333333
6,Artwork: Deep Forest + Lost Armor + Nine-Bite Snack Box x2 + Wheelchair Model x2,544429,90738.166667
6,Artwork: Deep Forest + Lost Armor + Nine-Bite Snack Box + Thud-Thud Hammer x3,549903,91650.5
6,Artwork: Deep Forest + Lost Armor + Nine-Bite Snack Box + Thud-Thud Hammer x2 + Wheelchair Model,477062,79510.333333
6,Artwork: Deep Forest + Lost Armor + Nine-Bite Snack Box + Thud-Thud Hammer + Wheelchair Model x2,404221,67370.166667
6,Artwork: Deep Forest + Lost Armor + Nine-Bite Snack Box + Wheelchair Model x3,331380,55230.0
6,Artwork: Deep Forest + Lost Armor + Thud-Thud Hammer x4,409695,68282.5
6,Artwork: Deep Forest + Lost Armor + Thud-Thud Hammer x3 + Wheelchair Model,336854,56142.333333
6,Artwork: Deep Forest + Lost Armor + Thud-Thud Hammer x2 + Wheelchair Model x2,264013,44002.166667
6,Artwork: Deep Forest + Lost Armor + Thud-Thud Hammer + Wheelchair Model x3,191172,31862.0
6,Artwork: Deep Forest + Lost Armor + Wheelchair Model x4,118331,19721.833333
6,Artwork: Deep Forest + New Flavor Out Now! x5,19794,3299.0
6,Artwork: Deep Forest + New Flavor Out Now! x4 + Nine-Bite Snack Box,257257,42876.166667
6,Artwork: Deep Forest + New Flavor Out Now! x4 + Thud-Thud Hammer,117049,19508.166667
6,Artwork: Deep Forest + New Flavor Out Now! x4 + Wheelchair Model,44208,7368.0
6,Artwork: Deep Forest + New Flavor Out Now! x3 + Nine-Bite Snack Box x2,494720,82453.333333
6,Artwork: Deep Forest + New Flavor Out Now! x3 + Nine-Bite Snack Box + Thud-Thud Hammer,354512,59085.333333
6,Artwork: Deep Forest + New Flavor Out Now! x3 + Nine-Bite Snack Box + Wheelchair Model,281671,46945.166667
6,Artwork: Deep Forest + New Flavor Out Now! x3 + Thud-Thud Hammer x2,214304,35717.333333
6,Artwork: Deep Forest + New Flavor Out Now! x3 + Thud-Thud Hammer + Wheelchair Model,141463,23577.166667
6,Artwork: Deep Forest + New Flavor Out Now! x3 + Wheelchair Model x2,68622,11437.0
6,Artwork: Deep Forest + New Flavor Out Now! x2 + Nine-Bite Snack Box x3,732183,122030.5
6,Artwork: Deep Forest + New Flavor Out Now! x2 + Nine-Bite Snack Box x2 + Thud-Thud Hammer,591975,98662.5
6,Artwork: Deep Forest + New Flavor Out Now! x2 + Nine-Bite Snack Box x2 + Wheelchair Model,519134,86522.333333
6,Artwork: Deep Forest + New Flavor Out Now! x2 + Nine-Bite Snack Box + Thud-Thud Hammer x2,451767,75294.5
6,Artwork: Deep Forest + New Flavor Out Now! x2 + Nine-Bite Snack Box + Thud-Thud Hammer + Wheelchair Model,378926,63154.333333
6,Artwork: Deep Forest + New Flavor Out Now! x2 + Nine-Bite Snack Box + Wheelchair Model x2,306085,51014.166667
6,Artwork: Deep Forest + New Flavor Out Now! x2 + Thud-Thud Hammer x3,311559,51926.5
6,Artwork: Deep Forest + New Flavor Out Now! x2 + Thud-Thud Hammer x2 + Wheelchair Model,238718,39786.333333
6,Artwork: Deep Forest + New Flavor Out Now! x2 + Thud-Thud Hammer + Wheelchair Model x2,165877,27646.166667
6,Artwork: Deep Forest + New Flavor Out Now! x2 + Wheelchair Model x3,93036,15506.0
6,Artwork: Deep Forest + New Flavor Out Now! + Nine-Bite Snack Box x4,969646,161607.666667
6,Artwork: Deep Forest + New Flavor Out Now! + Nine-Bite Snack Box x3 + Thud-Thud Hammer,829438,138239.666667
6,Artwork: Deep Forest + New Flavor Out Now! + Nine-Bite Snack Box x3 + Wheelchair Model,756597,126099.5
6,Artwork: Deep Forest + New Flavor Out Now! + Nine-Bite Snack Box x2 + Thud-Thud Hammer x2,689230,114871.666667
6,Artwork: Deep Forest + New Flavor Out Now! + Nine-Bite Snack Box x2 + Thud-Thud Hammer + Wheelchair Model,616389,102731.5
6,Artwork: Deep Forest + New Flavor Out Now! + Nine-Bite Snack Box x2 + Wheelchair Model x2,543548,90591.333333
6,Artwork: Deep Forest + New Flavor Out Now! + Nine-Bite Snack Box + Thud-Thud Hammer x3,549022,91503.666667
6,Artwork: Deep Forest + New Flavor Out Now! + Nine-Bite Snack Box + Thud-Thud Hammer x2 + Wheelchair Model,476181,79363.5
6,Artwork: Deep Forest + New Flavor Out Now! + Nine-Bite Snack Box + Thud-Thud Hammer + Wheelchair Model x2,403340,67223.333333
6,Artwork: Deep Forest + New Flavor Out Now! + Nine-Bite Snack Box + Wheelchair Model x3,330499,55083.166667
6,Artwork: Deep Forest + New Flavor Out Now! + Thud-Thud Hammer x4,408814,68135.666667
6,Artwork: Deep Forest + New Flavor Out Now! + Thud-Thud Hammer x3 + Wheelchair Model,335973,55995.5
6,Artwork: Deep Forest + New Flavor Out Now! + Thud-Thud Hammer x2 + Wheelchair Model x2,263132,43855.333333
6,Artwork: Deep Forest + New Flavor Out Now! + Thud-Thud Hammer + Wheelchair Model x3,190291,31715.166667
6,Artwork: Deep Forest + New Flavor Out Now! + Wheelchair Model x4,117450,19575.0
6,Artwork: Deep Forest + Nine-Bite Snack Box x5,1207109,201184.833333
6,Artwork: Deep Forest + Nine-Bite Snack Box x4 + Thud-Thud Hammer,1066901,177816.833333
6,Artwork: Deep Forest + Nine-Bite Snack Box x4 + Wheelchair Model,994060,165676.666667
6,Artwork: Deep Forest + Nine-Bite Snack Box x3 + Thud-Thud Hammer x2,926693,154448.833333
6,Artwork: Deep Forest + Nine-Bite Snack Box x3 + Thud-Thud Hammer + Wheelchair Model,853852,142308.666667
6,Artwork: Deep Forest + Nine-Bite Snack Box x3 + Wheelchair Model x2,781011,130168.5
6,Artwork: Deep Forest + Nine-Bite Snack Box x2 + Thud-Thud Hammer x3,786485,131080.833333
6,Artwork: Deep Forest + Nine-Bite Snack Box x2 + Thud-Thud Hammer x2 + Wheelchair Model,713644,118940.666667
6,Artwork: Deep Forest + Nine-Bite Snack Box x2 + Thud-Thud Hammer + Wheelchair Model x2,640803,106800.5
6,Artwork: Deep Forest + Nine-Bite Snack Box x2 + Wheelchair Model x3,567962,94660.333333
6,Artwork: Deep Forest + Nine-Bite Snack Box + Thud-Thud Hammer x4,646277,107712.833333
6,Artwork: Deep Forest + Nine-Bite Snack Box + Thud-Thud Hammer x3 + Wheelchair Model,573436,95572.666667
6,Artwork: Deep Forest + Nine-Bite Snack Box + Thud-Thud Hammer x2 + Wheelchair Model x2,500595,83432.5
6,Artwork: Deep Forest + Nine-Bite Snack Box + Thud-Thud Hammer + Wheelchair Model x3,427754,71292.333333
6,Artwork: Deep Forest + Nine-Bite Snack Box + Wheelchair Model x4,354913,59152.166667
6,Artwork: Deep Forest + Thud-Thud Hammer x5,506069,84344.833333
6,Artwork: Deep Forest + Thud-Thud Hammer x4 + Wheelchair Model,433228,72204.666667
6,Artwork: Deep Forest + Thud-Thud Hammer x3 + Wheelchair Model x2,360387,60064.5
6,Artwork: Deep Forest + Thud-Thud Hammer x2 + Wheelchair Model x3,287546,47924.333333
6,Artwork: Deep Forest + Thud-Thud Hammer + Wheelchair Model x4,214705,35784.166667
6,Artwork: Deep Forest + Wheelchair Model x5,141864,23644.0
6,Asahi Inori Figurine x6,181584,30264.0
6,Asahi Inori Figurine x5 + Ghostfire Wisp,411743,68623.833333
6,Asahi Inori Figurine x5 + Lost Armor,154946,25824.333333
6,Asahi Inori Figurine x5 + New Flavor Out Now!,154065,25677.5
6,Asahi Inori Figurine x5 + Nine-Bite Snack Box,391528,65254.666667
6,Asahi Inori Figurine x5 + Thud-Thud Hammer,251320,41886.666667
6,Asahi Inori Figurine x5 + Wheelchair Model,178479,29746.5
6,Asahi Inori Figurine x4 + Ghostfire Wisp x2,641902,106983.666667
6,Asahi Inori Figurine x4 + Ghostfire Wisp + Lost Armor,385105,64184.166667
6,Asahi Inori Figurine x4 + Ghostfire Wisp + New Flavor Out Now!,384224,64037.333333
6,Asahi Inori Figurine x4 + Ghostfire Wisp + Nine-Bite Snack Box,621687,103614.5
6,Asahi Inori Figurine x4 + Ghostfire Wisp + Thud-Thud Hammer,481479,80246.5
6,Asahi Inori Figurine x4 + Ghostfire Wisp + Wheelchair Model,408638,68106.333333
6,Asahi Inori Figurine x4 + Lost Armor x2,128308,21384.666667
6,Asahi Inori Figurine x4 + Lost Armor + New Flavor Out Now!,127427,21237.833333
6,Asahi Inori Figurine x4 + Lost Armor + Nine-Bite Snack Box,364890,60815.0
6,Asahi Inori Figurine x4 + Lost Armor + Thud-Thud Hammer,224682,37447.0
6,Asahi Inori Figurine x4 + Lost Armor + Wheelchair Model,151841,25306.833333
6,Asahi Inori Figurine x4 + New Flavor Out Now! x2,126546,21091.0
6,Asahi Inori Figurine x4 + New Flavor Out Now! + Nine-Bite Snack Box,364009,60668.166667
6,Asahi Inori Figurine x4 + New Flavor Out Now! + Thud-Thud Hammer,223801,37300.166667
6,Asahi Inori Figurine x4 + New Flavor Out Now! + Wheelchair Model,150960,25160.0
6,Asahi Inori Figurine x4 + Nine-Bite Snack Box x2,601472,100245.333333
6,Asahi Inori Figurine x4 + Nine-Bite Snack Box + Thud-Thud Hammer,461264,76877.333333
6,Asahi Inori Figurine x4 + Nine-Bite Snack Box + Wheelchair Model,388423,64737.166667
6,Asahi Inori Figurine x4 + Thud-Thud Hammer x2,321056,53509.333333
6,Asahi Inori Figurine x4 + Thud-Thud Hammer + Wheelchair Model,248215,41369.166667
6,Asahi Inori Figurine x4 + Wheelchair Model x2,175374,29229.0
6,Asahi Inori Figurine x3 + Ghostfire Wisp x3,872061,145343.5
6,Asahi Inori Figurine x3 + Ghostfire Wisp x2 + Lost Armor,615264,102544.0
6,Asahi Inori Figurine x3 + Ghostfire Wisp x2 + New Flavor Out Now!,614383,102397.166667
6,Asahi Inori Figurine x3 + Ghostfire Wisp x2 + Nine-Bite Snack Box,851846,141974.333333
6,Asahi Inori Figurine x3 + Ghostfire Wisp x2 + Thud-Thud Hammer,711638,118606.333333
6,Asahi Inori Figurine x3 + Ghostfire Wisp x2 + Wheelchair Model,638797,106466.166667
6,Asahi Inori Figurine x3 + Ghostfire Wisp + Lost Armor x2,358467,59744.5
6,Asahi Inori Figurine x3 + Ghostfire Wisp + Lost Armor + New Flavor Out Now!,357586,59597.666667
6,Asahi Inori Figurine x3 + Ghostfire Wisp + Lost Armor + Nine-Bite Snack Box,595049,99174.833333
6,Asahi Inori Figurine x3 + Ghostfire Wisp + Lost Armor + Thud-Thud Hammer,454841,75806.833333
6,Asahi Inori Figurine x3 + Ghostfire Wisp + Lost Armor + Wheelchair Model,382000,63666.666667
6,Asahi Inori Figurine x3 + Ghostfire Wisp + New Flavor Out Now! x2,356705,59450.833333
6,Asahi Inori Figurine x3 + Ghostfire Wisp + New Flavor Out Now! + Nine-Bite Snack Box,594168,99028.0
6,Asahi Inori Figurine x3 + Ghostfire Wisp + New Flavor Out Now! + Thud-Thud Hammer,453960,75660.0
6,Asahi Inori Figurine x3 + Ghostfire Wisp + New Flavor Out Now! + Wheelchair Model,381119,63519.833333
6,Asahi Inori Figurine x3 + Ghostfire Wisp + Nine-Bite Snack Box x2,831631,138605.166667
6,Asahi Inori Figurine x3 + Ghostfire Wisp + Nine-Bite Snack Box + Thud-Thud Hammer,691423,115237.166667
6,Asahi Inori Figurine x3 + Ghostfire Wisp + Nine-Bite Snack Box + Wheelchair Model,618582,103097.0
6,Asahi Inori Figurine x3 + Ghostfire Wisp + Thud-Thud Hammer x2,551215,91869.166667
6,Asahi Inori Figurine x3 + Ghostfire Wisp + Thud-Thud Hammer + Wheelchair Model,478374,79729.0
6,Asahi Inori Figurine x3 + Ghostfire Wisp + Wheelchair Model x2,405533,67588.833333
6,Asahi Inori Figurine x3 + Lost Armor x3,101670,16945.0
6,Asahi Inori Figurine x3 + Lost Armor x2 + New Flavor Out Now!,100789,16798.166667
6,Asahi Inori Figurine x3 + Lost Armor x2 + Nine-Bite Snack Box,338252,56375.333333
6,Asahi Inori Figurine x3 + Lost Armor x2 + Thud-Thud Hammer,198044,33007.333333
6,Asahi Inori Figurine x3 + Lost Armor x2 + Wheelchair Model,125203,20867.166667
6,Asahi Inori Figurine x3 + Lost Armor + New Flavor Out Now! x2,99908,16651.333333
6,Asahi Inori Figurine x3 + Lost Armor + New Flavor Out Now! + Nine-Bite Snack Box,337371,56228.5
6,Asahi Inori Figurine x3 + Lost Armor + New Flavor Out Now! + Thud-Thud Hammer,197163,32860.5
6,Asahi Inori Figurine x3 + Lost Armor + New Flavor Out Now! + Wheelchair Model,124322,20720.333333
6,Asahi Inori Figurine x3 + Lost Armor + Nine-Bite Snack Box x2,574834,95805.666667
6,Asahi Inori Figurine x3 + Lost Armor + Nine-Bite Snack Box + Thud-Thud Hammer,434626,72437.666667
6,Asahi Inori Figurine x3 + Lost Armor + Nine-Bite Snack Box + Wheelchair Model,361785,60297.5
6,Asahi Inori Figurine x3 + Lost Armor + Thud-Thud Hammer x2,294418,49069.666667
6,Asahi Inori Figurine x3 + Lost Armor + Thud-Thud Hammer + Wheelchair Model,221577,36929.5
6,Asahi Inori Figurine x3 + Lost Armor + Wheelchair Model x2,148736,24789.333333
6,Asahi Inori Figurine x3 + New Flavor Out Now! x3,99027,16504.5
6,Asahi Inori Figurine x3 + New Flavor Out Now! x2 + Nine-Bite Snack Box,336490,56081.666667
6,Asahi Inori Figurine x3 + New Flavor Out Now! x2 + Thud-Thud Hammer,196282,32713.666667
6,Asahi Inori Figurine x3 + New Flavor Out Now! x2 + Wheelchair Model,123441,20573.5
6,Asahi Inori Figurine x3 + New Flavor Out Now! + Nine-Bite Snack Box x2,573953,95658.833333
6,Asahi Inori Figurine x3 + New Flavor Out Now! + Nine-Bite Snack Box + Thud-Thud Hammer,433745,72290.833333
6,Asahi Inori Figurine x3 + New Flavor Out Now! + Nine-Bite Snack Box + Wheelchair Model,360904,60150.666667
6,Asahi Inori Figurine x3 + New Flavor Out Now! + Thud-Thud Hammer x2,293537,48922.833333
6,Asahi Inori Figurine x3 + New Flavor Out Now! + Thud-Thud Hammer + Wheelchair Model,220696,36782.666667
6,Asahi Inori Figurine x3 + New Flavor Out Now! + Wheelchair Model x2,147855,24642.5
6,Asahi Inori Figurine x3 + Nine-Bite Snack Box x3,811416,135236.0
6,Asahi Inori Figurine x3 + Nine-Bite Snack Box x2 + Thud-Thud Hammer,671208,111868.0
6,Asahi Inori Figurine x3 + Nine-Bite Snack Box x2 + Wheelchair Model,598367,99727.833333
6,Asahi Inori Figurine x3 + Nine-Bite Snack Box + Thud-Thud Hammer x2,531000,88500.0
6,Asahi Inori Figurine x3 + Nine-Bite Snack Box + Thud-Thud Hammer + Wheelchair Model,458159,76359.833333
6,Asahi Inori Figurine x3 + Nine-Bite Snack Box + Wheelchair Model x2,385318,64219.666667
6,Asahi Inori Figurine x3 + Thud-Thud Hammer x3,390792,65132.0
6,Asahi Inori Figurine x3 + Thud-Thud Hammer x2 + Wheelchair Model,317951,52991.833333
6,Asahi Inori Figurine x3 + Thud-Thud Hammer + Wheelchair Model x2,245110,40851.666667
6,Asahi Inori Figurine x3 + Wheelchair Model x3,172269,28711.5
6,Asahi Inori Figurine x2 + Ghostfire Wisp x4,1102220,183703.333333
6,Asahi Inori Figurine x2 + Ghostfire Wisp x3 + Lost Armor,845423,140903.833333
6,Asahi Inori Figurine x2 + Ghostfire Wisp x3 + New Flavor Out Now!,844542,140757.0
6,Asahi Inori Figurine x2 + Ghostfire Wisp x3 + Nine-Bite Snack Box,1082005,180334.166667
6,Asahi Inori Figurine x2 + Ghostfire Wisp x3 + Thud-Thud Hammer,941797,156966.166667
6,Asahi Inori Figurine x2 + Ghostfire Wisp x3 + Wheelchair Model,868956,144826.0
6,Asahi Inori Figurine x2 + Ghostfire Wisp x2 + Lost Armor x2,588626,98104.333333
6,Asahi Inori Figurine x2 + Ghostfire Wisp x2 + Lost Armor + New Flavor Out Now!,587745,97957.5
6,Asahi Inori Figurine x2 + Ghostfire Wisp x2 + Lost Armor + Nine-Bite Snack Box,825208,137534.666667
6,Asahi Inori Figurine x2 + Ghostfire Wisp x2 + Lost Armor + Thud-Thud Hammer,685000,114166.666667
6,Asahi Inori Figurine x2 + Ghostfire Wisp x2 + Lost Armor + Wheelchair Model,612159,102026.5
6,Asahi Inori Figurine x2 + Ghostfire Wisp x2 + New Flavor Out Now! x2,586864,97810.666667
6,Asahi Inori Figurine x2 + Ghostfire Wisp x2 + New Flavor Out Now! + Nine-Bite Snack Box,824327,137387.833333
6,Asahi Inori Figurine x2 + Ghostfire Wisp x2 + New Flavor Out Now! + Thud-Thud Hammer,684119,114019.833333
6,Asahi Inori Figurine x2 + Ghostfire Wisp x2 + New Flavor Out Now! + Wheelchair Model,611278,101879.666667
6,Asahi Inori Figurine x2 + Ghostfire Wisp x2 + Nine-Bite Snack Box x2,1061790,176965.0
6,Asahi Inori Figurine x2 + Ghostfire Wisp x2 + Nine-Bite Snack Box + Thud-Thud Hammer,921582,153597.0
6,Asahi Inori Figurine x2 + Ghostfire Wisp x2 + Nine-Bite Snack Box + Wheelchair Model,848741,141456.833333
6,Asahi Inori Figurine x2 + Ghostfire Wisp x2 + Thud-Thud Hammer x2,781374,130229.0
6,Asahi Inori Figurine x2 + Ghostfire Wisp x2 + Thud-Thud Hammer + Wheelchair Model,708533,118088.833333
6,Asahi Inori Figurine x2 + Ghostfire Wisp x2 + Wheelchair Model x2,635692,105948.666667
6,Asahi Inori Figurine x2 + Ghostfire Wisp + Lost Armor x3,331829,55304.833333
6,Asahi Inori Figurine x2 + Ghostfire Wisp + Lost Armor x2 + New Flavor Out Now!,330948,55158.0
6,Asahi Inori Figurine x2 + Ghostfire Wisp + Lost Armor x2 + Nine-Bite Snack Box,568411,94735.166667
6,Asahi Inori Figurine x2 + Ghostfire Wisp + Lost Armor x2 + Thud-Thud Hammer,428203,71367.166667
6,Asahi Inori Figurine x2 + Ghostfire Wisp + Lost Armor x2 + Wheelchair Model,355362,59227.0
6,Asahi Inori Figurine x2 + Ghostfire Wisp + Lost Armor + New Flavor Out Now! x2,330067,55011.166667
6,Asahi Inori Figurine x2 + Ghostfire Wisp + Lost Armor + New Flavor Out Now! + Nine-Bite Snack Box,567530,94588.333333
6,Asahi Inori Figurine x2 + Ghostfire Wisp + Lost Armor + New Flavor Out Now! + Thud-Thud Hammer,427322,71220.333333
6,Asahi Inori Figurine x2 + Ghostfire Wisp + Lost Armor + New Flavor Out Now! + Wheelchair Model,354481,59080.166667
6,Asahi Inori Figurine x2 + Ghostfire Wisp + Lost Armor + Nine-Bite Snack Box x2,804993,134165.5
6,Asahi Inori Figurine x2 + Ghostfire Wisp + Lost Armor + Nine-Bite Snack Box + Thud-Thud Hammer,664785,110797.5
6,Asahi Inori Figurine x2 + Ghostfire Wisp + Lost Armor + Nine-Bite Snack Box + Wheelchair Model,591944,98657.333333
6,Asahi Inori Figurine x2 + Ghostfire Wisp + Lost Armor + Thud-Thud Hammer x2,524577,87429.5
6,Asahi Inori Figurine x2 + Ghostfire Wisp + Lost Armor + Thud-Thud Hammer + Wheelchair Model,451736,75289.333333
6,Asahi Inori Figurine x2 + Ghostfire Wisp + Lost Armor + Wheelchair Model x2,378895,63149.166667
6,Asahi Inori Figurine x2 + Ghostfire Wisp + New Flavor Out Now! x3,329186,54864.333333
6,Asahi Inori Figurine x2 + Ghostfire Wisp + New Flavor Out Now! x2 + Nine-Bite Snack Box,566649,94441.5
6,Asahi Inori Figurine x2 + Ghostfire Wisp + New Flavor Out Now! x2 + Thud-Thud Hammer,426441,71073.5
6,Asahi Inori Figurine x2 + Ghostfire Wisp + New Flavor Out Now! x2 + Wheelchair Model,353600,58933.333333
6,Asahi Inori Figurine x2 + Ghostfire Wisp + New Flavor Out Now! + Nine-Bite Snack Box x2,804112,134018.666667
6,Asahi Inori Figurine x2 + Ghostfire Wisp + New Flavor Out Now! + Nine-Bite Snack Box + Thud-Thud Hammer,663904,110650.666667
6,Asahi Inori Figurine x2 + Ghostfire Wisp + New Flavor Out Now! + Nine-Bite Snack Box + Wheelchair Model,591063,98510.5
6,Asahi Inori Figurine x2 + Ghostfire Wisp + New Flavor Out Now! + Thud-Thud Hammer x2,523696,87282.666667
6,Asahi Inori Figurine x2 + Ghostfire Wisp + New Flavor Out Now! + Thud-Thud Hammer + Wheelchair Model,450855,75142.5
6,Asahi Inori Figurine x2 + Ghostfire Wisp + New Flavor Out Now! + Wheelchair Model x2,378014,63002.333333
6,Asahi Inori Figurine x2 + Ghostfire Wisp + Nine-Bite Snack Box x3,1041575,173595.833333
6,Asahi Inori Figurine x2 + Ghostfire Wisp + Nine-Bite Snack Box x2 + Thud-Thud Hammer,901367,150227.833333
6,Asahi Inori Figurine x2 + Ghostfire Wisp + Nine-Bite Snack Box x2 + Wheelchair Model,828526,138087.666667
6,Asahi Inori Figurine x2 + Ghostfire Wisp + Nine-Bite Snack Box + Thud-Thud Hammer x2,761159,126859.833333
6,Asahi Inori Figurine x2 + Ghostfire Wisp + Nine-Bite Snack Box + Thud-Thud Hammer + Wheelchair Model,688318,114719.666667
6,Asahi Inori Figurine x2 + Ghostfire Wisp + Nine-Bite Snack Box + Wheelchair Model x2,615477,102579.5
6,Asahi Inori Figurine x2 + Ghostfire Wisp + Thud-Thud Hammer x3,620951,103491.833333
6,Asahi Inori Figurine x2 + Ghostfire Wisp + Thud-Thud Hammer x2 + Wheelchair Model,548110,91351.666667
6,Asahi Inori Figurine x2 + Ghostfire Wisp + Thud-Thud Hammer + Wheelchair Model x2,475269,79211.5
6,Asahi Inori Figurine x2 + Ghostfire Wisp + Wheelchair Model x3,402428,67071.333333
6,Asahi Inori Figurine x2 + Lost Armor x4,75032,12505.333333
6,Asahi Inori Figurine x2 + Lost Armor x3 + New Flavor Out Now!,74151,12358.5
6,Asahi Inori Figurine x2 + Lost Armor x3 + Nine-Bite Snack Box,311614,51935.666667
6,Asahi Inori Figurine x2 + Lost Armor x3 + Thud-Thud Hammer,171406,28567.666667
6,Asahi Inori Figurine x2 + Lost Armor x3 + Wheelchair Model,98565,16427.5
6,Asahi Inori Figurine x2 + Lost Armor x2 + New Flavor Out Now! x2,73270,12211.666667
6,Asahi Inori Figurine x2 + Lost Armor x2 + New Flavor Out Now! + Nine-Bite Snack Box,310733,51788.833333
6,Asahi Inori Figurine x2 + Lost Armor x2 + New Flavor Out Now! + Thud-Thud Hammer,170525,28420.833333
6,Asahi Inori Figurine x2 + Lost Armor x2 + New Flavor Out Now! + Wheelchair Model,97684,16280.666667
6,Asahi Inori Figurine x2 + Lost Armor x2 + Nine-Bite Snack Box x2,548196,91366.0
6,Asahi Inori Figurine x2 + Lost Armor x2 + Nine-Bite Snack Box + Thud-Thud Hammer,407988,67998.0
6,Asahi Inori Figurine x2 + Lost Armor x2 + Nine-Bite Snack Box + Wheelchair Model,335147,55857.833333
6,Asahi Inori Figurine x2 + Lost Armor x2 + Thud-Thud Hammer x2,267780,44630.0
6,Asahi Inori Figurine x2 + Lost Armor x2 + Thud-Thud Hammer + Wheelchair Model,194939,32489.833333
6,Asahi Inori Figurine x2 + Lost Armor x2 + Wheelchair Model x2,122098,20349.666667
6,Asahi Inori Figurine x2 + Lost Armor + New Flavor Out Now! x3,72389,12064.833333
6,Asahi Inori Figurine x2 + Lost Armor + New Flavor Out Now! x2 + Nine-Bite Snack Box,309852,51642.0
6,Asahi Inori Figurine x2 + Lost Armor + New Flavor Out Now! x2 + Thud-Thud Hammer,169644,28274.0
6,Asahi Inori Figurine x2 + Lost Armor + New Flavor Out Now! x2 + Wheelchair Model,96803,16133.833333
6,Asahi Inori Figurine x2 + Lost Armor + New Flavor Out Now! + Nine-Bite Snack Box x2,547315,91219.166667
6,Asahi Inori Figurine x2 + Lost Armor + New Flavor Out Now! + Nine-Bite Snack Box + Thud-Thud Hammer,407107,67851.166667
6,Asahi Inori Figurine x2 + Lost Armor + New Flavor Out Now! + Nine-Bite Snack Box + Wheelchair Model,334266,55711.0
6,Asahi Inori Figurine x2 + Lost Armor + New Flavor Out Now! + Thud-Thud Hammer x2,266899,44483.166667
6,Asahi Inori Figurine x2 + Lost Armor + New Flavor Out Now! + Thud-Thud Hammer + Wheelchair Model,194058,32343.0
6,Asahi Inori Figurine x2 + Lost Armor + New Flavor Out Now! + Wheelchair Model x2,121217,20202.833333
6,Asahi Inori Figurine x2 + Lost Armor + Nine-Bite Snack Box x3,784778,130796.333333
6,Asahi Inori Figurine x2 + Lost Armor + Nine-Bite Snack Box x2 + Thud-Thud Hammer,644570,107428.333333
6,Asahi Inori Figurine x2 + Lost Armor + Nine-Bite Snack Box x2 + Wheelchair Model,571729,95288.166667
6,Asahi Inori Figurine x2 + Lost Armor + Nine-Bite Snack Box + Thud-Thud Hammer x2,504362,84060.333333
6,Asahi Inori Figurine x2 + Lost Armor + Nine-Bite Snack Box + Thud-Thud Hammer + Wheelchair Model,431521,71920.166667
6,Asahi Inori Figurine x2 + Lost Armor + Nine-Bite Snack Box + Wheelchair Model x2,358680,59780.0
6,Asahi Inori Figurine x2 + Lost Armor + Thud-Thud Hammer x3,364154,60692.333333
6,Asahi Inori Figurine x2 + Lost Armor + Thud-Thud Hammer x2 + Wheelchair Model,291313,48552.166667
6,Asahi Inori Figurine x2 + Lost Armor + Thud-Thud Hammer + Wheelchair Model x2,218472,36412.0
6,Asahi Inori Figurine x2 + Lost Armor + Wheelchair Model x3,145631,24271.833333
6,Asahi Inori Figurine x2 + New Flavor Out Now! x4,71508,11918.0
6,Asahi Inori Figurine x2 + New Flavor Out Now! x3 + Nine-Bite Snack Box,308971,51495.166667
6,Asahi Inori Figurine x2 + New Flavor Out Now! x3 + Thud-Thud Hammer,168763,28127.166667
6,Asahi Inori Figurine x2 + New Flavor Out Now! x3 + Wheelchair Model,95922,15987.0
6,Asahi Inori Figurine x2 + New Flavor Out Now! x2 + Nine-Bite Snack Box x2,546434,91072.333333
6,Asahi Inori Figurine x2 + New Flavor Out Now! x2 + Nine-Bite Snack Box + Thud-Thud Hammer,406226,67704.333333
6,Asahi Inori Figurine x2 + New Flavor Out Now! x2 + Nine-Bite Snack Box + Wheelchair Model,333385,55564.166667
6,Asahi Inori Figurine x2 + New Flavor Out Now! x2 + Thud-Thud Hammer x2,266018,44336.333333
6,Asahi Inori Figurine x2 + New Flavor Out Now! x2 + Thud-Thud Hammer + Wheelchair Model,193177,32196.166667
6,Asahi Inori Figurine x2 + New Flavor Out Now! x2 + Wheelchair Model x2,120336,20056.0
6,Asahi Inori Figurine x2 + New Flavor Out Now! + Nine-Bite Snack Box x3,783897,130649.5
6,Asahi Inori Figurine x2 + New Flavor Out Now! + Nine-Bite Snack Box x2 + Thud-Thud Hammer,643689,107281.5
6,Asahi Inori Figurine x2 + New Flavor Out Now! + Nine-Bite Snack Box x2 + Wheelchair Model,570848,95141.333333
6,Asahi Inori Figurine x2 + New Flavor Out Now! + Nine-Bite Snack Box + Thud-Thud Hammer x2,503481,83913.5
6,Asahi Inori Figurine x2 + New Flavor Out Now! + Nine-Bite Snack Box + Thud-Thud Hammer + Wheelchair Model,430640,71773.333333
6,Asahi Inori Figurine x2 + New Flavor Out Now! + Nine-Bite Snack Box + Wheelchair Model x2,357799,59633.166667
6,Asahi Inori Figurine x2 + New Flavor Out Now! + Thud-Thud Hammer x3,363273,60545.5
6,Asahi Inori Figurine x2 + New Flavor Out Now! + Thud-Thud Hammer x2 + Wheelchair Model,290432,48405.333333
6,Asahi Inori Figurine x2 + New Flavor Out Now! + Thud-Thud Hammer + Wheelchair Model x2,217591,36265.166667
6,Asahi Inori Figurine x2 + New Flavor Out Now! + Wheelchair Model x3,144750,24125.0
6,Asahi Inori Figurine x2 + Nine-Bite Snack Box x4,1021360,170226.666667
6,Asahi Inori Figurine x2 + Nine-Bite Snack Box x3 + Thud-Thud Hammer,881152,146858.666667
6,Asahi Inori Figurine x2 + Nine-Bite Snack Box x3 + Wheelchair Model,808311,134718.5
6,Asahi Inori Figurine x2 + Nine-Bite Snack Box x2 + Thud-Thud Hammer x2,740944,123490.666667
6,Asahi Inori Figurine x2 + Nine-Bite Snack Box x2 + Thud-Thud Hammer + Wheelchair Model,668103,111350.5
6,Asahi Inori Figurine x2 + Nine-Bite Snack Box x2 + Wheelchair Model x2,595262,99210.333333
6,Asahi Inori Figurine x2 + Nine-Bite Snack Box + Thud-Thud Hammer x3,600736,100122.666667
6,Asahi Inori Figurine x2 + Nine-Bite Snack Box + Thud-Thud Hammer x2 + Wheelchair Model,527895,87982.5
6,Asahi Inori Figurine x2 + Nine-Bite Snack Box + Thud-Thud Hammer + Wheelchair Model x2,455054,75842.333333
6,Asahi Inori Figurine x2 + Nine-Bite Snack Box + Wheelchair Model x3,382213,63702.166667
6,Asahi Inori Figurine x2 + Thud-Thud Hammer x4,460528,76754.666667
6,Asahi Inori Figurine x2 + Thud-Thud Hammer x3 + Wheelchair Model,387687,64614.5
6,Asahi Inori Figurine x2 + Thud-Thud Hammer x2 + Wheelchair Model x2,314846,52474.333333
6,Asahi Inori Figurine x2 + Thud-Thud Hammer + Wheelchair Model x3,242005,40334.166667
6,Asahi Inori Figurine x2 + Wheelchair Model x4,169164,28194.0
6,Asahi Inori Figurine + Ghostfire Wisp x5,1332379,222063.166667
6,Asahi Inori Figurine + Ghostfire Wisp x4 + Lost Armor,1075582,179263.666667
6,Asahi Inori Figurine + Ghostfire Wisp x4 + New Flavor Out Now!,1074701,179116.833333
6,Asahi Inori Figurine + Ghostfire Wisp x4 + Nine-Bite Snack Box,1312164,218694.0
6,Asahi Inori Figurine + Ghostfire Wisp x4 + Thud-Thud Hammer,1171956,195326.0
6,Asahi Inori Figurine + Ghostfire Wisp x4 + Wheelchair Model,1099115,183185.833333
6,Asahi Inori Figurine + Ghostfire Wisp x3 + Lost Armor x2,818785,136464.166667
6,Asahi Inori Figurine + Ghostfire Wisp x3 + Lost Armor + New Flavor Out Now!,817904,136317.333333
6,Asahi Inori Figurine + Ghostfire Wisp x3 + Lost Armor + Nine-Bite Snack Box,1055367,175894.5
6,Asahi Inori Figurine + Ghostfire Wisp x3 + Lost Armor + Thud-Thud Hammer,915159,152526.5
6,Asahi Inori Figurine + Ghostfire Wisp x3 + Lost Armor + Wheelchair Model,842318,140386.333333
6,Asahi Inori Figurine + Ghostfire Wisp x3 + New Flavor Out Now! x2,817023,136170.5
6,Asahi Inori Figurine + Ghostfire Wisp x3 + New Flavor Out Now! + Nine-Bite Snack Box,1054486,175747.666667
6,Asahi Inori Figurine + Ghostfire Wisp x3 + New Flavor Out Now! + Thud-Thud Hammer,914278,152379.666667
6,Asahi Inori Figurine + Ghostfire Wisp x3 + New Flavor Out Now! + Wheelchair Model,841437,140239.5
6,Asahi Inori Figurine + Ghostfire Wisp x3 + Nine-Bite Snack Box x2,1291949,215324.833333
6,Asahi Inori Figurine + Ghostfire Wisp x3 + Nine-Bite Snack Box + Thud-Thud Hammer,1151741,191956.833333
6,Asahi Inori Figurine + Ghostfire Wisp x3 + Nine-Bite Snack Box + Wheelchair Model,1078900,179816.666667
6,Asahi Inori Figurine + Ghostfire Wisp x3 + Thud-Thud Hammer x2,1011533,168588.833333
6,Asahi Inori Figurine + Ghostfire Wisp x3 + Thud-Thud Hammer + Wheelchair Model,938692,156448.666667
6,Asahi Inori Figurine + Ghostfire Wisp x3 + Wheelchair Model x2,865851,144308.5
6,Asahi Inori Figurine + Ghostfire Wisp x2 + Lost Armor x3,561988,93664.666667
6,Asahi Inori Figurine + Ghostfire Wisp x2 + Lost Armor x2 + New Flavor Out Now!,561107,93517.833333
6,Asahi Inori Figurine + Ghostfire Wisp x2 + Lost Armor x2 + Nine-Bite Snack Box,798570,133095.0
6,Asahi Inori Figurine + Ghostfire Wisp x2 + Lost Armor x2 + Thud-Thud Hammer,658362,109727.0
6,Asahi Inori Figurine + Ghostfire Wisp x2 + Lost Armor x2 + Wheelchair Model,585521,97586.833333
6,Asahi Inori Figurine + Ghostfire Wisp x2 + Lost Armor + New Flavor Out Now! x2,560226,93371.0
6,Asahi Inori Figurine + Ghostfire Wisp x2 + Lost Armor + New Flavor Out Now! + Nine-Bite Snack Box,797689,132948.166667
6,Asahi Inori Figurine + Ghostfire Wisp x2 + Lost Armor + New Flavor Out Now! + Thud-Thud Hammer,657481,109580.166667
6,Asahi Inori Figurine + Ghostfire Wisp x2 + Lost Armor + New Flavor Out Now! + Wheelchair Model,584640,97440.0
6,Asahi Inori Figurine + Ghostfire Wisp x2 + Lost Armor + Nine-Bite Snack Box x2,1035152,172525.333333
6,Asahi Inori Figurine + Ghostfire Wisp x2 + Lost Armor + Nine-Bite Snack Box + Thud-Thud Hammer,894944,149157.333333
6,Asahi Inori Figurine + Ghostfire Wisp x2 + Lost Armor + Nine-Bite Snack Box + Wheelchair Model,822103,137017.166667
6,Asahi Inori Figurine + Ghostfire Wisp x2 + Lost Armor + Thud-Thud Hammer x2,754736,125789.333333
6,Asahi Inori Figurine + Ghostfire Wisp x2 + Lost Armor + Thud-Thud Hammer + Wheelchair Model,681895,113649.166667
6,Asahi Inori Figurine + Ghostfire Wisp x2 + Lost Armor + Wheelchair Model x2,609054,101509.0
6,Asahi Inori Figurine + Ghostfire Wisp x2 + New Flavor Out Now! x3,559345,93224.166667
6,Asahi Inori Figurine + Ghostfire Wisp x2 + New Flavor Out Now! x2 + Nine-Bite Snack Box,796808,132801.333333
6,Asahi Inori Figurine + Ghostfire Wisp x2 + New Flavor Out Now! x2 + Thud-Thud Hammer,656600,109433.333333
6,Asahi Inori Figurine + Ghostfire Wisp x2 + New Flavor Out Now! x2 + Wheelchair Model,583759,97293.166667
6,Asahi Inori Figurine + Ghostfire Wisp x2 + New Flavor Out Now! + Nine-Bite Snack Box x2,1034271,172378.5
6,Asahi Inori Figurine + Ghostfire Wisp x2 + New Flavor Out Now! + Nine-Bite Snack Box + Thud-Thud Hammer,894063,149010.5
6,Asahi Inori Figurine + Ghostfire Wisp x2 + New Flavor Out Now! + Nine-Bite Snack Box + Wheelchair Model,821222,136870.333333
6,Asahi Inori Figurine + Ghostfire Wisp x2 + New Flavor Out Now! + Thud-Thud Hammer x2,753855,125642.5
6,Asahi Inori Figurine + Ghostfire Wisp x2 + New Flavor Out Now! + Thud-Thud Hammer + Wheelchair Model,681014,113502.333333
6,Asahi Inori Figurine + Ghostfire Wisp x2 + New Flavor Out Now! + Wheelchair Model x2,608173,101362.166667
6,Asahi Inori Figurine + Ghostfire Wisp x2 + Nine-Bite Snack Box x3,1271734,211955.666667
6,Asahi Inori Figurine + Ghostfire Wisp x2 + Nine-Bite Snack Box x2 + Thud-Thud Hammer,1131526,188587.666667
6,Asahi Inori Figurine + Ghostfire Wisp x2 + Nine-Bite Snack Box x2 + Wheelchair Model,1058685,176447.5
6,Asahi Inori Figurine + Ghostfire Wisp x2 + Nine-Bite Snack Box + Thud-Thud Hammer x2,991318,165219.666667
6,Asahi Inori Figurine + Ghostfire Wisp x2 + Nine-Bite Snack Box + Thud-Thud Hammer + Wheelchair Model,918477,153079.5
6,Asahi Inori Figurine + Ghostfire Wisp x2 + Nine-Bite Snack Box + Wheelchair Model x2,845636,140939.333333
6,Asahi Inori Figurine + Ghostfire Wisp x2 + Thud-Thud Hammer x3,851110,141851.666667
6,Asahi Inori Figurine + Ghostfire Wisp x2 + Thud-Thud Hammer x2 + Wheelchair Model,778269,129711.5
6,Asahi Inori Figurine + Ghostfire Wisp x2 + Thud-Thud Hammer + Wheelchair Model x2,705428,117571.333333
6,Asahi Inori Figurine + Ghostfire Wisp x2 + Wheelchair Model x3,632587,105431.166667
6,Asahi Inori Figurine + Ghostfire Wisp + Lost Armor x4,305191,50865.166667
6,Asahi Inori Figurine + Ghostfire Wisp + Lost Armor x3 + New Flavor Out Now!,304310,50718.333333
6,Asahi Inori Figurine + Ghostfire Wisp + Lost Armor x3 + Nine-Bite Snack Box,541773,90295.5
6,Asahi Inori Figurine + Ghostfire Wisp + Lost Armor x3 + Thud-Thud Hammer,401565,66927.5
6,Asahi Inori Figurine + Ghostfire Wisp + Lost Armor x3 + Wheelchair Model,328724,54787.333333
6,Asahi Inori Figurine + Ghostfire Wisp + Lost Armor x2 + New Flavor Out Now! x2,303429,50571.5
6,Asahi Inori Figurine + Ghostfire Wisp + Lost Armor x2 + New Flavor Out Now! + Nine-Bite Snack Box,540892,90148.666667
6,Asahi Inori Figurine + Ghostfire Wisp + Lost Armor x2 + New Flavor Out Now! + Thud-Thud Hammer,400684,66780.666667
6,Asahi Inori Figurine + Ghostfire Wisp + Lost Armor x2 + New Flavor Out Now! + Wheelchair Model,327843,54640.5
6,Asahi Inori Figurine + Ghostfire Wisp + Lost Armor x2 + Nine-Bite Snack Box x2,778355,129725.833333
6,Asahi Inori Figurine + Ghostfire Wisp + Lost Armor x2 + Nine-Bite Snack Box + Thud-Thud Hammer,638147,106357.833333
6,Asahi Inori Figurine + Ghostfire Wisp + Lost Armor x2 + Nine-Bite Snack Box + Wheelchair Model,565306,94217.666667
6,Asahi Inori Figurine + Ghostfire Wisp + Lost Armor x2 + Thud-Thud Hammer x2,497939,82989.833333
6,Asahi Inori Figurine + Ghostfire Wisp + Lost Armor x2 + Thud-Thud Hammer + Wheelchair Model,425098,70849.666667
6,Asahi Inori Figurine + Ghostfire Wisp + Lost Armor x2 + Wheelchair Model x2,352257,58709.5
6,Asahi Inori Figurine + Ghostfire Wisp + Lost Armor + New Flavor Out Now! x3,302548,50424.666667
6,Asahi Inori Figurine + Ghostfire Wisp + Lost Armor + New Flavor Out Now! x2 + Nine-Bite Snack Box,540011,90001.833333
6,Asahi Inori Figurine + Ghostfire Wisp + Lost Armor + New Flavor Out Now! x2 + Thud-Thud Hammer,399803,66633.833333
6,Asahi Inori Figurine + Ghostfire Wisp + Lost Armor + New Flavor Out Now! x2 + Wheelchair Model,326962,54493.666667
6,Asahi Inori Figurine + Ghostfire Wisp + Lost Armor + New Flavor Out Now! + Nine-Bite Snack Box x2,777474,129579.0
6,Asahi Inori Figurine + Ghostfire Wisp + Lost Armor + New Flavor Out Now! + Nine-Bite Snack Box + Thud-Thud Hammer,637266,106211.0
6,Asahi Inori Figurine + Ghostfire Wisp + Lost Armor + New Flavor Out Now! + Nine-Bite Snack Box + Wheelchair Model,564425,94070.833333
6,Asahi Inori Figurine + Ghostfire Wisp + Lost Armor + New Flavor Out Now! + Thud-Thud Hammer x2,497058,82843.0
6,Asahi Inori Figurine + Ghostfire Wisp + Lost Armor + New Flavor Out Now! + Thud-Thud Hammer + Wheelchair Model,424217,70702.833333
6,Asahi Inori Figurine + Ghostfire Wisp + Lost Armor + New Flavor Out Now! + Wheelchair Model x2,351376,58562.666667
6,Asahi Inori Figurine + Ghostfire Wisp + Lost Armor + Nine-Bite Snack Box x3,1014937,169156.166667
6,Asahi Inori Figurine + Ghostfire Wisp + Lost Armor + Nine-Bite Snack Box x2 + Thud-Thud Hammer,874729,145788.166667
6,Asahi Inori Figurine + Ghostfire Wisp + Lost Armor + Nine-Bite Snack Box x2 + Wheelchair Model,801888,133648.0
6,Asahi Inori Figurine + Ghostfire Wisp + Lost Armor + Nine-Bite Snack Box + Thud-Thud Hammer x2,734521,122420.166667
6,Asahi Inori Figurine + Ghostfire Wisp + Lost Armor + Nine-Bite Snack Box + Thud-Thud Hammer + Wheelchair Model,661680,110280.0
6,Asahi Inori Figurine + Ghostfire Wisp + Lost Armor + Nine-Bite Snack Box + Wheelchair Model x2,588839,98139.833333
6,Asahi Inori Figurine + Ghostfire Wisp + Lost Armor + Thud-Thud Hammer x3,594313,99052.166667
6,Asahi Inori Figurine + Ghostfire Wisp + Lost Armor + Thud-Thud Hammer x2 + Wheelchair Model,521472,86912.0
6,Asahi Inori Figurine + Ghostfire Wisp + Lost Armor + Thud-Thud Hammer + Wheelchair Model x2,448631,74771.833333
6,Asahi Inori Figurine + Ghostfire Wisp + Lost Armor + Wheelchair Model x3,375790,62631.666667
6,Asahi Inori Figurine + Ghostfire Wisp + New Flavor Out Now! x4,301667,50277.833333
6,Asahi Inori Figurine + Ghostfire Wisp + New Flavor Out Now! x3 + Nine-Bite Snack Box,539130,89855.0
6,Asahi Inori Figurine + Ghostfire Wisp + New Flavor Out Now! x3 + Thud-Thud Hammer,398922,66487.0
6,Asahi Inori Figurine + Ghostfire Wisp + New Flavor Out Now! x3 + Wheelchair Model,326081,54346.833333
6,Asahi Inori Figurine + Ghostfire Wisp + New Flavor Out Now! x2 + Nine-Bite Snack Box x2,776593,129432.166667
6,Asahi Inori Figurine + Ghostfire Wisp + New Flavor Out Now! x2 + Nine-Bite Snack Box + Thud-Thud Hammer,636385,106064.166667
6,Asahi Inori Figurine + Ghostfire Wisp + New Flavor Out Now! x2 + Nine-Bite Snack Box + Wheelchair Model,563544,93924.0
6,Asahi Inori Figurine + Ghostfire Wisp + New Flavor Out Now! x2 + Thud-Thud Hammer x2,496177,82696.166667
6,Asahi Inori Figurine + Ghostfire Wisp + New Flavor Out Now! x2 + Thud-Thud Hammer + Wheelchair Model,423336,70556.0
6,Asahi Inori Figurine + Ghostfire Wisp + New Flavor Out Now! x2 + Wheelchair Model x2,350495,58415.833333
6,Asahi Inori Figurine + Ghostfire Wisp + New Flavor Out Now! + Nine-Bite Snack Box x3,1014056,169009.333333
6,Asahi Inori Figurine + Ghostfire Wisp + New Flavor Out Now! + Nine-Bite Snack Box x2 + Thud-Thud Hammer,873848,145641.333333
6,Asahi Inori Figurine + Ghostfire Wisp + New Flavor Out Now! + Nine-Bite Snack Box x2 + Wheelchair Model,801007,133501.166667
6,Asahi Inori Figurine + Ghostfire Wisp + New Flavor Out Now! + Nine-Bite Snack Box + Thud-Thud Hammer x2,733640,122273.333333
6,Asahi Inori Figurine + Ghostfire Wisp + New Flavor Out Now! + Nine-Bite Snack Box + Thud-Thud Hammer + Wheelchair Model,660799,110133.166667
6,Asahi Inori Figurine + Ghostfire Wisp + New Flavor Out Now! + Nine-Bite Snack Box + Wheelchair Model x2,587958,97993.0
6,Asahi Inori Figurine + Ghostfire Wisp + New Flavor Out Now! + Thud-Thud Hammer x3,593432,98905.333333
6,Asahi Inori Figurine + Ghostfire Wisp + New Flavor Out Now! + Thud-Thud Hammer x2 + Wheelchair Model,520591,86765.166667
6,Asahi Inori Figurine + Ghostfire Wisp + New Flavor Out Now! + Thud-Thud Hammer + Wheelchair Model x2,447750,74625.0
6,Asahi Inori Figurine + Ghostfire Wisp + New Flavor Out Now! + Wheelchair Model x3,374909,62484.833333
6,Asahi Inori Figurine + Ghostfire Wisp + Nine-Bite Snack Box x4,1251519,208586.5
6,Asahi Inori Figurine + Ghostfire Wisp + Nine-Bite Snack Box x3 + Thud-Thud Hammer,1111311,185218.5
6,Asahi Inori Figurine + Ghostfire Wisp + Nine-Bite Snack Box x3 + Wheelchair Model,1038470,173078.333333
6,Asahi Inori Figurine + Ghostfire Wisp + Nine-Bite Snack Box x2 + Thud-Thud Hammer x2,971103,161850.5
6,Asahi Inori Figurine + Ghostfire Wisp + Nine-Bite Snack Box x2 + Thud-Thud Hammer + Wheelchair Model,898262,149710.333333
6,Asahi Inori Figurine + Ghostfire Wisp + Nine-Bite Snack Box x2 + Wheelchair Model x2,825421,137570.166667
6,Asahi Inori Figurine + Ghostfire Wisp + Nine-Bite Snack Box + Thud-Thud Hammer x3,830895,138482.5
6,Asahi Inori Figurine + Ghostfire Wisp + Nine-Bite Snack Box + Thud-Thud Hammer x2 + Wheelchair Model,758054,126342.333333
6,Asahi Inori Figurine + Ghostfire Wisp + Nine-Bite Snack Box + Thud-Thud Hammer + Wheelchair Model x2,685213,114202.166667
6,Asahi Inori Figurine + Ghostfire Wisp + Nine-Bite Snack Box + Wheelchair Model x3,612372,102062.0
6,Asahi Inori Figurine + Ghostfire Wisp + Thud-Thud Hammer x4,690687,115114.5
6,Asahi Inori Figurine + Ghostfire Wisp + Thud-Thud Hammer x3 + Wheelchair Model,617846,102974.333333
6,Asahi Inori Figurine + Ghostfire Wisp + Thud-Thud Hammer x2 + Wheelchair Model x2,545005,90834.166667
6,Asahi Inori Figurine + Ghostfire Wisp + Thud-Thud Hammer + Wheelchair Model x3,472164,78694.0
6,Asahi Inori Figurine + Ghostfire Wisp + Wheelchair Model x4,399323,66553.833333
6,Asahi Inori Figurine + Lost Armor x5,48394,8065.666667
6,Asahi Inori Figurine + Lost Armor x4 + New Flavor Out Now!,47513,7918.833333
6,Asahi Inori Figurine + Lost Armor x4 + Nine-Bite Snack Box,284976,47496.0
6,Asahi Inori Figurine + Lost Armor x4 + Thud-Thud Hammer,144768,24128.0
6,Asahi Inori Figurine + Lost Armor x4 + Wheelchair Model,71927,11987.833333
6,Asahi Inori Figurine + Lost Armor x3 + New Flavor Out Now! x2,46632,7772.0
6,Asahi Inori Figurine + Lost Armor x3 + New Flavor Out Now! + Nine-Bite Snack Box,284095,47349.166667
6,Asahi Inori Figurine + Lost Armor x3 + New Flavor Out Now! + Thud-Thud Hammer,143887,23981.166667
6,Asahi Inori Figurine + Lost Armor x3 + New Flavor Out Now! + Wheelchair Model,71046,11841.0
6,Asahi Inori Figurine + Lost Armor x3 + Nine-Bite Snack Box x2,521558,86926.333333
6,Asahi Inori Figurine + Lost Armor x3 + Nine-Bite Snack Box + Thud-Thud Hammer,381350,63558.333333
6,Asahi Inori Figurine + Lost Armor x3 + Nine-Bite Snack Box + Wheelchair Model,308509,51418.166667
6,Asahi Inori Figurine + Lost Armor x3 + Thud-Thud Hammer x2,241142,40190.333333
6,Asahi Inori Figurine + Lost Armor x3 + Thud-Thud Hammer + Wheelchair Model,168301,28050.166667
6,Asahi Inori Figurine + Lost Armor x3 + Wheelchair Model x2,95460,15910.0
6,Asahi Inori Figurine + Lost Armor x2 + New Flavor Out Now! x3,45751,7625.166667
6,Asahi Inori Figurine + Lost Armor x2 + New Flavor Out Now! x2 + Nine-Bite Snack Box,283214,47202.333333
6,Asahi Inori Figurine + Lost Armor x2 + New Flavor Out Now! x2 + Thud-Thud Hammer,143006,23834.333333
6,Asahi Inori Figurine + Lost Armor x2 + New Flavor Out Now! x2 + Wheelchair Model,70165,11694.166667
6,Asahi Inori Figurine + Lost Armor x2 + New Flavor Out Now! + Nine-Bite Snack Box x2,520677,86779.5
6,Asahi Inori Figurine + Lost Armor x2 + New Flavor Out Now! + Nine-Bite Snack Box + Thud-Thud Hammer,380469,63411.5
6,Asahi Inori Figurine + Lost Armor x2 + New Flavor Out Now! + Nine-Bite Snack Box + Wheelchair Model,307628,51271.333333
6,Asahi Inori Figurine + Lost Armor x2 + New Flavor Out Now! + Thud-Thud Hammer x2,240261,40043.5
6,Asahi Inori Figurine + Lost Armor x2 + New Flavor Out Now! + Thud-Thud Hammer + Wheelchair Model,167420,27903.333333
6,Asahi Inori Figurine + Lost Armor x2 + New Flavor Out Now! + Wheelchair Model x2,94579,15763.166667
6,Asahi Inori Figurine + Lost Armor x2 + Nine-Bite Snack Box x3,758140,126356.666667
6,Asahi Inori Figurine + Lost Armor x2 + Nine-Bite Snack Box x2 + Thud-Thud Hammer,617932,102988.666667
6,Asahi Inori Figurine + Lost Armor x2 + Nine-Bite Snack Box x2 + Wheelchair Model,545091,90848.5
6,Asahi Inori Figurine + Lost Armor x2 + Nine-Bite Snack Box + Thud-Thud Hammer x2,477724,79620.666667
6,Asahi Inori Figurine + Lost Armor x2 + Nine-Bite Snack Box + Thud-Thud Hammer + Wheelchair Model,404883,67480.5
6,Asahi Inori Figurine + Lost Armor x2 + Nine-Bite Snack Box + Wheelchair Model x2,332042,55340.333333
6,Asahi Inori Figurine + Lost Armor x2 + Thud-Thud Hammer x3,337516,56252.666667
6,Asahi Inori Figurine + Lost Armor x2 + Thud-Thud Hammer x2 + Wheelchair Model,264675,44112.5
6,Asahi Inori Figurine + Lost Armor x2 + Thud-Thud Hammer + Wheelchair Model x2,191834,31972.333333
6,Asahi Inori Figurine + Lost Armor x2 + Wheelchair Model x3,118993,19832.166667
6,Asahi Inori Figurine + Lost Armor + New Flavor Out Now! x4,44870,7478.333333
6,Asahi Inori Figurine + Lost Armor + New Flavor Out Now! x3 + Nine-Bite Snack Box,282333,47055.5
6,Asahi Inori Figurine + Lost Armor + New Flavor Out Now! x3 + Thud-Thud Hammer,142125,23687.5
6,Asahi Inori Figurine + Lost Armor + New Flavor Out Now! x3 + Wheelchair Model,69284,11547.333333
6,Asahi Inori Figurine + Lost Armor + New Flavor Out Now! x2 + Nine-Bite Snack Box x2,519796,86632.666667
6,Asahi Inori Figurine + Lost Armor + New Flavor Out Now! x2 + Nine-Bite Snack Box + Thud-Thud Hammer,379588,63264.666667
6,Asahi Inori Figurine + Lost Armor + New Flavor Out Now! x2 + Nine-Bite Snack Box + Wheelchair Model,306747,51124.5
6,Asahi Inori Figurine + Lost Armor + New Flavor Out Now! x2 + Thud-Thud Hammer x2,239380,39896.666667
6,Asahi Inori Figurine + Lost Armor + New Flavor Out Now! x2 + Thud-Thud Hammer + Wheelchair Model,166539,27756.5
6,Asahi Inori Figurine + Lost Armor + New Flavor Out Now! x2 + Wheelchair Model x2,93698,15616.333333
6,Asahi Inori Figurine + Lost Armor + New Flavor Out Now! + Nine-Bite Snack Box x3,757259,126209.833333
6,Asahi Inori Figurine + Lost Armor + New Flavor Out Now! + Nine-Bite Snack Box x2 + Thud-Thud Hammer,617051,102841.833333
6,Asahi Inori Figurine + Lost Armor + New Flavor Out Now! + Nine-Bite Snack Box x2 + Wheelchair Model,544210,90701.666667
6,Asahi Inori Figurine + Lost Armor + New Flavor Out Now! + Nine-Bite Snack Box + Thud-Thud Hammer x2,476843,79473.833333
6,Asahi Inori Figurine + Lost Armor + New Flavor Out Now! + Nine-Bite Snack Box + Thud-Thud Hammer + Wheelchair Model,404002,67333.666667
6,Asahi Inori Figurine + Lost Armor + New Flavor Out Now! + Nine-Bite Snack Box + Wheelchair Model x2,331161,55193.5
6,Asahi Inori Figurine + Lost Armor + New Flavor Out Now! + Thud-Thud Hammer x3,336635,56105.833333
6,Asahi Inori Figurine + Lost Armor + New Flavor Out Now! + Thud-Thud Hammer x2 + Wheelchair Model,263794,43965.666667
6,Asahi Inori Figurine + Lost Armor + New Flavor Out Now! + Thud-Thud Hammer + Wheelchair Model x2,190953,31825.5
6,Asahi Inori Figurine + Lost Armor + New Flavor Out Now! + Wheelchair Model x3,118112,19685.333333
6,Asahi Inori Figurine + Lost Armor + Nine-Bite Snack Box x4,994722,165787.0
6,Asahi Inori Figurine + Lost Armor + Nine-Bite Snack Box x3 + Thud-Thud Hammer,854514,142419.0
6,Asahi Inori Figurine + Lost Armor + Nine-Bite Snack Box x3 + Wheelchair Model,781673,130278.833333
6,Asahi Inori Figurine + Lost Armor + Nine-Bite Snack Box x2 + Thud-Thud Hammer x2,714306,119051.0
6,Asahi Inori Figurine + Lost Armor + Nine-Bite Snack Box x2 + Thud-Thud Hammer + Wheelchair Model,641465,106910.833333
6,Asahi Inori Figurine + Lost Armor + Nine-Bite Snack Box x2 + Wheelchair Model x2,568624,94770.666667
6,Asahi Inori Figurine + Lost Armor + Nine-Bite Snack Box + Thud-Thud Hammer x3,574098,95683.0
6,Asahi Inori Figurine + Lost Armor + Nine-Bite Snack Box + Thud-Thud Hammer x2 + Wheelchair Model,501257,83542.833333
6,Asahi Inori Figurine + Lost Armor + Nine-Bite Snack Box + Thud-Thud Hammer + Wheelchair Model x2,428416,71402.666667
6,Asahi Inori Figurine + Lost Armor + Nine-Bite Snack Box + Wheelchair Model x3,355575,59262.5
6,Asahi Inori Figurine + Lost Armor + Thud-Thud Hammer x4,433890,72315.0
6,Asahi Inori Figurine + Lost Armor + Thud-Thud Hammer x3 + Wheelchair Model,361049,60174.833333
6,Asahi Inori Figurine + Lost Armor + Thud-Thud Hammer x2 + Wheelchair Model x2,288208,48034.666667
6,Asahi Inori Figurine + Lost Armor + Thud-Thud Hammer + Wheelchair Model x3,215367,35894.5
6,Asahi Inori Figurine + Lost Armor + Wheelchair Model x4,142526,23754.333333
6,Asahi Inori Figurine + New Flavor Out Now! x5,43989,7331.5
6,Asahi Inori Figurine + New Flavor Out Now! x4 + Nine-Bite Snack Box,281452,46908.666667
6,Asahi Inori Figurine + New Flavor Out Now! x4 + Thud-Thud Hammer,141244,23540.666667
6,Asahi Inori Figurine + New Flavor Out Now! x4 + Wheelchair Model,68403,11400.5
6,Asahi Inori Figurine + New Flavor Out Now! x3 + Nine-Bite Snack Box x2,518915,86485.833333
6,Asahi Inori Figurine + New Flavor Out Now! x3 + Nine-Bite Snack Box + Thud-Thud Hammer,378707,63117.833333
6,Asahi Inori Figurine + New Flavor Out Now! x3 + Nine-Bite Snack Box + Wheelchair Model,305866,50977.666667
6,Asahi Inori Figurine + New Flavor Out Now! x3 + Thud-Thud Hammer x2,238499,39749.833333
6,Asahi Inori Figurine + New Flavor Out Now! x3 + Thud-Thud Hammer + Wheelchair Model,165658,27609.666667
6,Asahi Inori Figurine + New Flavor Out Now! x3 + Wheelchair Model x2,92817,15469.5
6,Asahi Inori Figurine + New Flavor Out Now! x2 + Nine-Bite Snack Box x3,756378,126063.0
6,Asahi Inori Figurine + New Flavor Out Now! x2 + Nine-Bite Snack Box x2 + Thud-Thud Hammer,616170,102695.0
6,Asahi Inori Figurine + New Flavor Out Now! x2 + Nine-Bite Snack Box x2 + Wheelchair Model,543329,90554.833333
6,Asahi Inori Figurine + New Flavor Out Now! x2 + Nine-Bite Snack Box + Thud-Thud Hammer x2,475962,79327.0
6,Asahi Inori Figurine + New Flavor Out Now! x2 + Nine-Bite Snack Box + Thud-Thud Hammer + Wheelchair Model,403121,67186.833333
6,Asahi Inori Figurine + New Flavor Out Now! x2 + Nine-Bite Snack Box + Wheelchair Model x2,330280,55046.666667
6,Asahi Inori Figurine + New Flavor Out Now! x2 + Thud-Thud Hammer x3,335754,55959.0
6,Asahi Inori Figurine + New Flavor Out Now! x2 + Thud-Thud Hammer x2 + Wheelchair Model,262913,43818.833333
6,Asahi Inori Figurine + New Flavor Out Now! x2 + Thud-Thud Hammer + Wheelchair Model x2,190072,31678.666667
6,Asahi Inori Figurine + New Flavor Out Now! x2 + Wheelchair Model x3,117231,19538.5
6,Asahi Inori Figurine + New Flavor Out Now! + Nine-Bite Snack Box x4,993841,165640.166667
6,Asahi Inori Figurine + New Flavor Out Now! + Nine-Bite Snack Box x3 + Thud-Thud Hammer,853633,142272.166667
6,Asahi Inori Figurine + New Flavor Out Now! + Nine-Bite Snack Box x3 + Wheelchair Model,780792,130132.0
6,Asahi Inori Figurine + New Flavor Out Now! + Nine-Bite Snack Box x2 + Thud-Thud Hammer x2,713425,118904.166667
6,Asahi Inori Figurine + New Flavor Out Now! + Nine-Bite Snack Box x2 + Thud-Thud Hammer + Wheelchair Model,640584,106764.0
6,Asahi Inori Figurine + New Flavor Out Now! + Nine-Bite Snack Box x2 + Wheelchair Model x2,567743,94623.833333
6,Asahi Inori Figurine + New Flavor Out Now! + Nine-Bite Snack Box + Thud-Thud Hammer x3,573217,95536.166667
6,Asahi Inori Figurine + New Flavor Out Now! + Nine-Bite Snack Box + Thud-Thud Hammer x2 + Wheelchair Model,500376,83396.0
6,Asahi Inori Figurine + New Flavor Out Now! + Nine-Bite Snack Box + Thud-Thud Hammer + Wheelchair Model x2,427535,71255.833333
6,Asahi Inori Figurine + New Flavor Out Now! + Nine-Bite Snack Box + Wheelchair Model x3,354694,59115.666667
6,Asahi Inori Figurine + New Flavor Out Now! + Thud-Thud Hammer x4,433009,72168.166667
6,Asahi Inori Figurine + New Flavor Out Now! + Thud-Thud Hammer x3 + Wheelchair Model,360168,60028.0
6,Asahi Inori Figurine + New Flavor Out Now! + Thud-Thud Hammer x2 + Wheelchair Model x2,287327,47887.833333
6,Asahi Inori Figurine + New Flavor Out Now! + Thud-Thud Hammer + Wheelchair Model x3,214486,35747.666667
6,Asahi Inori Figurine + New Flavor Out Now! + Wheelchair Model x4,141645,23607.5
6,Asahi Inori Figurine + Nine-Bite Snack Box x5,1231304,205217.333333
6,Asahi Inori Figurine + Nine-Bite Snack Box x4 + Thud-Thud Hammer,1091096,181849.333333
6,Asahi Inori Figurine + Nine-Bite Snack Box x4 + Wheelchair Model,1018255,169709.166667
6,Asahi Inori Figurine + Nine-Bite Snack Box x3 + Thud-Thud Hammer x2,950888,158481.333333
6,Asahi Inori Figurine + Nine-Bite Snack Box x3 + Thud-Thud Hammer + Wheelchair Model,878047,146341.166667
6,Asahi Inori Figurine + Nine-Bite Snack Box x3 + Wheelchair Model x2,805206,134201.0
6,Asahi Inori Figurine + Nine-Bite Snack Box x2 + Thud-Thud Hammer x3,810680,135113.333333
6,Asahi Inori Figurine + Nine-Bite Snack Box x2 + Thud-Thud Hammer x2 + Wheelchair Model,737839,122973.166667
6,Asahi Inori Figurine + Nine-Bite Snack Box x2 + Thud-Thud Hammer + Wheelchair Model x2,664998,110833.0
6,Asahi Inori Figurine + Nine-Bite Snack Box x2 + Wheelchair Model x3,592157,98692.833333
6,Asahi Inori Figurine + Nine-Bite Snack Box + Thud-Thud Hammer x4,670472,111745.333333
6,Asahi Inori Figurine + Nine-Bite Snack Box + Thud-Thud Hammer x3 + Wheelchair Model,597631,99605.166667
6,Asahi Inori Figurine + Nine-Bite Snack Box + Thud-Thud Hammer x2 + Wheelchair Model x2,524790,87465.0
6,Asahi Inori Figurine + Nine-Bite Snack Box + Thud-Thud Hammer + Wheelchair Model x3,451949,75324.833333
6,Asahi Inori Figurine + Nine-Bite Snack Box + Wheelchair Model x4,379108,63184.666667
6,Asahi Inori Figurine + Thud-Thud Hammer x5,530264,88377.333333
6,Asahi Inori Figurine + Thud-Thud Hammer x4 + Wheelchair Model,457423,76237.166667
6,Asahi Inori Figurine + Thud-Thud Hammer x3 + Wheelchair Model x2,384582,64097.0
6,Asahi Inori Figurine + Thud-Thud Hammer x2 + Wheelchair Model x3,311741,51956.833333
6,Asahi Inori Figurine + Thud-Thud Hammer + Wheelchair Model x4,238900,39816.666667
6,Asahi Inori Figurine + Wheelchair Model x5,166059,27676.5
6,Ghostfire Wisp x6,1562538,260423.0
6,Ghostfire Wisp x5 + Lost Armor,1305741,217623.5
6,Ghostfire Wisp x5 + New Flavor Out Now!,1304860,217476.666667
6,Ghostfire Wisp x5 + Nine-Bite Snack Box,1542323,257053.833333
6,Ghostfire Wisp x5 + Thud-Thud Hammer,1402115,233685.833333
6,Ghostfire Wisp x5 + Wheelchair Model,1329274,221545.666667
6,Ghostfire Wisp x4 + Lost Armor x2,1048944,174824.0
6,Ghostfire Wisp x4 + Lost Armor + New Flavor Out Now!,1048063,174677.166667
6,Ghostfire Wisp x4 + Lost Armor + Nine-Bite Snack Box,1285526,214254.333333
6,Ghostfire Wisp x4 + Lost Armor + Thud-Thud Hammer,1145318,190886.333333
6,Ghostfire Wisp x4 + Lost Armor + Wheelchair Model,1072477,178746.166667
6,Ghostfire Wisp x4 + New Flavor Out Now! x2,1047182,174530.333333
6,Ghostfire Wisp x4 + New Flavor Out Now! + Nine-Bite Snack Box,1284645,214107.5
6,Ghostfire Wisp x4 + New Flavor Out Now! + Thud-Thud Hammer,1144437,190739.5
6,Ghostfire Wisp x4 + New Flavor Out Now! + Wheelchair Model,1071596,178599.333333
6,Ghostfire Wisp x4 + Nine-Bite Snack Box x2,1522108,253684.666667
6,Ghostfire Wisp x4 + Nine-Bite Snack Box + Thud-Thud Hammer,1381900,230316.666667
6,Ghostfire Wisp x4 + Nine-Bite Snack Box + Wheelchair Model,1309059,218176.5
6,Ghostfire Wisp x4 + Thud-Thud Hammer x2,1241692,206948.666667
6,Ghostfire Wisp x4 + Thud-Thud Hammer + Wheelchair Model,1168851,194808.5
6,Ghostfire Wisp x4 + Wheelchair Model x2,1096010,182668.333333
6,Ghostfire Wisp x3 + Lost Armor x3,792147,132024.5
6,Ghostfire Wisp x3 + Lost Armor x2 + New Flavor Out Now!,791266,131877.666667
6,Ghostfire Wisp x3 + Lost Armor x2 + Nine-Bite Snack Box,1028729,171454.833333
6,Ghostfire Wisp x3 + Lost Armor x2 + Thud-Thud Hammer,888521,148086.833333
6,Ghostfire Wisp x3 + Lost Armor x2 + Wheelchair Model,815680,135946.666667
6,Ghostfire Wisp x3 + Lost Armor + New Flavor Out Now! x2,790385,131730.833333
6,Ghostfire Wisp x3 + Lost Armor + New Flavor Out Now! + Nine-Bite Snack Box,1027848,171308.0
6,Ghostfire Wisp x3 + Lost Armor + New Flavor Out Now! + Thud-Thud Hammer,887640,147940.0
6,Ghostfire Wisp x3 + Lost Armor + New Flavor Out Now! + Wheelchair Model,814799,135799.833333
6,Ghostfire Wisp x3 + Lost Armor + Nine-Bite Snack Box x2,1265311,210885.166667
6,Ghostfire Wisp x3 + Lost Armor + Nine-Bite Snack Box + Thud-Thud Hammer,1125103,187517.166667
6,Ghostfire Wisp x3 + Lost Armor + Nine-Bite Snack Box + Wheelchair Model,1052262,175377.0
6,Ghostfire Wisp x3 + Lost Armor + Thud-Thud Hammer x2,984895,164149.166667
6,Ghostfire Wisp x3 + Lost Armor + Thud-Thud Hammer + Wheelchair Model,912054,152009.0
6,Ghostfire Wisp x3 + Lost Armor + Wheelchair Model x2,839213,139868.833333
6,Ghostfire Wisp x3 + New Flavor Out Now! x3,789504,131584.0
6,Ghostfire Wisp x3 + New Flavor Out Now! x2 + Nine-Bite Snack Box,1026967,171161.166667
6,Ghostfire Wisp x3 + New Flavor Out Now! x2 + Thud-Thud Hammer,886759,147793.166667
6,Ghostfire Wisp x3 + New Flavor Out Now! x2 + Wheelchair Model,813918,135653.0
6,Ghostfire Wisp x3 + New Flavor Out Now! + Nine-Bite Snack Box x2,1264430,210738.333333
6,Ghostfire Wisp x3 + New Flavor Out Now! + Nine-Bite Snack Box + Thud-Thud Hammer,1124222,187370.333333
6,Ghostfire Wisp x3 + New Flavor Out Now! + Nine-Bite Snack Box + Wheelchair Model,1051381,175230.166667
6,Ghostfire Wisp x3 + New Flavor Out Now! + Thud-Thud Hammer x2,984014,164002.333333
6,Ghostfire Wisp x3 + New Flavor Out Now! + Thud-Thud Hammer + Wheelchair Model,911173,151862.166667
6,Ghostfire Wisp x3 + New Flavor Out Now! + Wheelchair Model x2,838332,139722.0
6,Ghostfire Wisp x3 + Nine-Bite Snack Box x3,1501893,250315.5
6,Ghostfire Wisp x3 + Nine-Bite Snack Box x2 + Thud-Thud Hammer,1361685,226947.5
6,Ghostfire Wisp x3 + Nine-Bite Snack Box x2 + Wheelchair Model,1288844,214807.333333
6,Ghostfire Wisp x3 + Nine-Bite Snack Box + Thud-Thud Hammer x2,1221477,203579.5
6,Ghostfire Wisp x3 + Nine-Bite Snack Box + Thud-Thud Hammer + Wheelchair Model,1148636,191439.333333
6,Ghostfire Wisp x3 + Nine-Bite Snack Box + Wheelchair Model x2,1075795,179299.166667
6,Ghostfire Wisp x3 + Thud-Thud Hammer x3,1081269,180211.5
6,Ghostfire Wisp x3 + Thud-Thud Hammer x2 + Wheelchair Model,1008428,168071.333333
6,Ghostfire Wisp x3 + Thud-Thud Hammer + Wheelchair Model x2,935587,155931.166667
6,Ghostfire Wisp x3 + Wheelchair Model x3,862746,143791.0
6,Ghostfire Wisp x2 + Lost Armor x4,535350,89225.0
6,Ghostfire Wisp x2 + Lost Armor x3 + New Flavor Out Now!,534469,89078.166667
6,Ghostfire Wisp x2 + Lost Armor x3 + Nine-Bite Snack Box,771932,128655.333333
6,Ghostfire Wisp x2 + Lost Armor x3 + Thud-Thud Hammer,631724,105287.333333
6,Ghostfire Wisp x2 + Lost Armor x3 + Wheelchair Model,558883,93147.166667
6,Ghostfire Wisp x2 + Lost Armor x2 + New Flavor Out Now! x2,533588,88931.333333
6,Ghostfire Wisp x2 + Lost Armor x2 + New Flavor Out Now! + Nine-Bite Snack Box,771051,128508.5
6,Ghostfire Wisp x2 + Lost Armor x2 + New Flavor Out Now! + Thud-Thud Hammer,630843,105140.5
6,Ghostfire Wisp x2 + Lost Armor x2 + New Flavor Out Now! + Wheelchair Model,558002,93000.333333
6,Ghostfire Wisp x2 + Lost Armor x2 + Nine-Bite Snack Box x2,1008514,168085.666667
6,Ghostfire Wisp x2 + Lost Armor x2 + Nine-Bite Snack Box + Thud-Thud Hammer,868306,144717.666667
6,Ghostfire Wisp x2 + Lost Armor x2 + Nine-Bite Snack Box + Wheelchair Model,795465,132577.5
6,Ghostfire Wisp x2 + Lost Armor x2 + Thud-Thud Hammer x2,728098,121349.666667
6,Ghostfire Wisp x2 + Lost Armor x2 + Thud-Thud Hammer + Wheelchair Model,655257,109209.5
6,Ghostfire Wisp x2 + Lost Armor x2 + Wheelchair Model x2,582416,97069.333333
6,Ghostfire Wisp x2 + Lost Armor + New Flavor Out Now! x3,532707,88784.5
6,Ghostfire Wisp x2 + Lost Armor + New Flavor Out Now! x2 + Nine-Bite Snack Box,770170,128361.666667
6,Ghostfire Wisp x2 + Lost Armor + New Flavor Out Now! x2 + Thud-Thud Hammer,629962,104993.666667
6,Ghostfire Wisp x2 + Lost Armor + New Flavor Out Now! x2 + Wheelchair Model,557121,92853.5
6,Ghostfire Wisp x2 + Lost Armor + New Flavor Out Now! + Nine-Bite Snack Box x2,1007633,167938.833333
6,Ghostfire Wisp x2 + Lost Armor + New Flavor Out Now! + Nine-Bite Snack Box + Thud-Thud Hammer,867425,144570.833333
6,Ghostfire Wisp x2 + Lost Armor + New Flavor Out Now! + Nine-Bite Snack Box + Wheelchair Model,794584,132430.666667
6,Ghostfire Wisp x2 + Lost Armor + New Flavor Out Now! + Thud-Thud Hammer x2,727217,121202.833333
6,Ghostfire Wisp x2 + Lost Armor + New Flavor Out Now! + Thud-Thud Hammer + Wheelchair Model,654376,109062.666667
6,Ghostfire Wisp x2 + Lost Armor + New Flavor Out Now! + Wheelchair Model x2,581535,96922.5
6,Ghostfire Wisp x2 + Lost Armor + Nine-Bite Snack Box x3,1245096,207516.0
6,Ghostfire Wisp x2 + Lost Armor + Nine-Bite Snack Box x2 + Thud-Thud Hammer,1104888,184148.0
6,Ghostfire Wisp x2 + Lost Armor + Nine-Bite Snack Box x2 + Wheelchair Model,1032047,172007.833333
6,Ghostfire Wisp x2 + Lost Armor + Nine-Bite Snack Box + Thud-Thud Hammer x2,964680,160780.0
6,Ghostfire Wisp x2 + Lost Armor + Nine-Bite Snack Box + Thud-Thud Hammer + Wheelchair Model,891839,148639.833333
6,Ghostfire Wisp x2 + Lost Armor + Nine-Bite Snack Box + Wheelchair Model x2,818998,136499.666667
6,Ghostfire Wisp x2 + Lost Armor + Thud-Thud Hammer x3,824472,137412.0
6,Ghostfire Wisp x2 + Lost Armor + Thud-Thud Hammer x2 + Wheelchair Model,751631,125271.833333
6,Ghostfire Wisp x2 + Lost Armor + Thud-Thud Hammer + Wheelchair Model x2,678790,113131.666667
6,Ghostfire Wisp x2 + Lost Armor + Wheelchair Model x3,605949,100991.5
6,Ghostfire Wisp x2 + New Flavor Out Now! x4,531826,88637.666667
6,Ghostfire Wisp x2 + New Flavor Out Now! x3 + Nine-Bite Snack Box,769289,128214.833333
6,Ghostfire Wisp x2 + New Flavor Out Now! x3 + Thud-Thud Hammer,629081,104846.833333
6,Ghostfire Wisp x2 + New Flavor Out Now! x3 + Wheelchair Model,556240,92706.666667
6,Ghostfire Wisp x2 + New Flavor Out Now! x2 + Nine-Bite Snack Box x2,1006752,167792.0
6,Ghostfire Wisp x2 + New Flavor Out Now! x2 + Nine-Bite Snack Box + Thud-Thud Hammer,866544,144424.0
6,Ghostfire Wisp x2 + New Flavor Out Now! x2 + Nine-Bite Snack Box + Wheelchair Model,793703,132283.833333
6,Ghostfire Wisp x2 + New Flavor Out Now! x2 + Thud-Thud Hammer x2,726336,121056.0
6,Ghostfire Wisp x2 + New Flavor Out Now! x2 + Thud-Thud Hammer + Wheelchair Model,653495,108915.833333
6,Ghostfire Wisp x2 + New Flavor Out Now! x2 + Wheelchair Model x2,580654,96775.666667
6,Ghostfire Wisp x2 + New Flavor Out Now! + Nine-Bite Snack Box x3,1244215,207369.166667
6,Ghostfire Wisp x2 + New Flavor Out Now! + Nine-Bite Snack Box x2 + Thud-Thud Hammer,1104007,184001.166667
6,Ghostfire Wisp x2 + New Flavor Out Now! + Nine-Bite Snack Box x2 + Wheelchair Model,1031166,171861.0
6,Ghostfire Wisp x2 + New Flavor Out Now! + Nine-Bite Snack Box + Thud-Thud Hammer x2,963799,160633.166667
6,Ghostfire Wisp x2 + New Flavor Out Now! + Nine-Bite Snack Box + Thud-Thud Hammer + Wheelchair Model,890958,148493.0
6,Ghostfire Wisp x2 + New Flavor Out Now! + Nine-Bite Snack Box + Wheelchair Model x2,818117,136352.833333
6,Ghostfire Wisp x2 + New Flavor Out Now! + Thud-Thud Hammer x3,823591,137265.166667
6,Ghostfire Wisp x2 + New Flavor Out Now! + Thud-Thud Hammer x2 + Wheelchair Model,750750,125125.0
6,Ghostfire Wisp x2 + New Flavor Out Now! + Thud-Thud Hammer + Wheelchair Model x2,677909,112984.833333
6,Ghostfire Wisp x2 + New Flavor Out Now! + Wheelchair Model x3,605068,100844.666667
6,Ghostfire Wisp x2 + Nine-Bite Snack Box x4,1481678,246946.333333
6,Ghostfire Wisp x2 + Nine-Bite Snack Box x3 + Thud-Thud Hammer,1341470,223578.333333
6,Ghostfire Wisp x2 + Nine-Bite Snack Box x3 + Wheelchair Model,1268629,211438.166667
6,Ghostfire Wisp x2 + Nine-Bite Snack Box x2 + Thud-Thud Hammer x2,1201262,200210.333333
6,Ghostfire Wisp x2 + Nine-Bite Snack Box x2 + Thud-Thud Hammer + Wheelchair Model,1128421,188070.166667
6,Ghostfire Wisp x2 + Nine-Bite Snack Box x2 + Wheelchair Model x2,1055580,175930.0
6,Ghostfire Wisp x2 + Nine-Bite Snack Box + Thud-Thud Hammer x3,1061054,176842.333333
6,Ghostfire Wisp x2 + Nine-Bite Snack Box + Thud-Thud Hammer x2 + Wheelchair Model,988213,164702.166667
6,Ghostfire Wisp x2 + Nine-Bite Snack Box + Thud-Thud Hammer + Wheelchair Model x2,915372,152562.0
6,Ghostfire Wisp x2 + Nine-Bite Snack Box + Wheelchair Model x3,842531,140421.833333
6,Ghostfire Wisp x2 + Thud-Thud Hammer x4,920846,153474.333333
6,Ghostfire Wisp x2 + Thud-Thud Hammer x3 + Wheelchair Model,848005,141334.166667
6,Ghostfire Wisp x2 + Thud-Thud Hammer x2 + Wheelchair Model x2,775164,129194.0
6,Ghostfire Wisp x2 + Thud-Thud Hammer + Wheelchair Model x3,702323,117053.833333
6,Ghostfire Wisp x2 + Wheelchair Model x4,629482,104913.666667
6,Ghostfire Wisp + Lost Armor x5,278553,46425.5
6,Ghostfire Wisp + Lost Armor x4 + New Flavor Out Now!,277672,46278.666667
6,Ghostfire Wisp + Lost Armor x4 + Nine-Bite Snack Box,515135,85855.833333
6,Ghostfire Wisp + Lost Armor x4 + Thud-Thud Hammer,374927,62487.833333
6,Ghostfire Wisp + Lost Armor x4 + Wheelchair Model,302086,50347.666667
6,Ghostfire Wisp + Lost Armor x3 + New Flavor Out Now! x2,276791,46131.833333
6,Ghostfire Wisp + Lost Armor x3 + New Flavor Out Now! + Nine-Bite Snack Box,514254,85709.0
6,Ghostfire Wisp + Lost Armor x3 + New Flavor Out Now! + Thud-Thud Hammer,374046,62341.0
6,Ghostfire Wisp + Lost Armor x3 + New Flavor Out Now! + Wheelchair Model,301205,50200.833333
6,Ghostfire Wisp + Lost Armor x3 + Nine-Bite Snack Box x2,751717,125286.166667
6,Ghostfire Wisp + Lost Armor x3 + Nine-Bite Snack Box + Thud-Thud Hammer,611509,101918.166667
6,Ghostfire Wisp + Lost Armor x3 + Nine-Bite Snack Box + Wheelchair Model,538668,89778.0
6,Ghostfire Wisp + Lost Armor x3 + Thud-Thud Hammer x2,471301,78550.166667
6,Ghostfire Wisp + Lost Armor x3 + Thud-Thud Hammer + Wheelchair Model,398460,66410.0
6,Ghostfire Wisp + Lost Armor x3 + Wheelchair Model x2,325619,54269.833333
6,Ghostfire Wisp + Lost Armor x2 + New Flavor Out Now! x3,275910,45985.0
6,Ghostfire Wisp + Lost Armor x2 + New Flavor Out Now! x2 + Nine-Bite Snack Box,513373,85562.166667
6,Ghostfire Wisp + Lost Armor x2 + New Flavor Out Now! x2 + Thud-Thud Hammer,373165,62194.166667
6,Ghostfire Wisp + Lost Armor x2 + New Flavor Out Now! x2 + Wheelchair Model,300324,50054.0
6,Ghostfire Wisp + Lost Armor x2 + New Flavor Out Now! + Nine-Bite Snack Box x2,750836,125139.333333
6,Ghostfire Wisp + Lost Armor x2 + New Flavor Out Now! + Nine-Bite Snack Box + Thud-Thud Hammer,610628,101771.333333
6,Ghostfire Wisp + Lost Armor x2 + New Flavor Out Now! + Nine-Bite Snack Box + Wheelchair Model,537787,89631.166667
6,Ghostfire Wisp + Lost Armor x2 + New Flavor Out Now! + Thud-Thud Hammer x2,470420,78403.333333
6,Ghostfire Wisp + Lost Armor x2 + New Flavor Out Now! + Thud-Thud Hammer + Wheelchair Model,397579,66263.166667
6,Ghostfire Wisp + Lost Armor x2 + New Flavor Out Now! + Wheelchair Model x2,324738,54123.0
6,Ghostfire Wisp + Lost Armor x2 + Nine-Bite Snack Box x3,988299,164716.5
6,Ghostfire Wisp + Lost Armor x2 + Nine-Bite Snack Box x2 + Thud-Thud Hammer,848091,141348.5
6,Ghostfire Wisp + Lost Armor x2 + Nine-Bite Snack Box x2 + Wheelchair Model,775250,129208.333333
6,Ghostfire Wisp + Lost Armor x2 + Nine-Bite Snack Box + Thud-Thud Hammer x2,707883,117980.5
6,Ghostfire Wisp + Lost Armor x2 + Nine-Bite Snack Box + Thud-Thud Hammer + Wheelchair Model,635042,105840.333333
6,Ghostfire Wisp + Lost Armor x2 + Nine-Bite Snack Box + Wheelchair Model x2,562201,93700.166667
6,Ghostfire Wisp + Lost Armor x2 + Thud-Thud Hammer x3,567675,94612.5
6,Ghostfire Wisp + Lost Armor x2 + Thud-Thud Hammer x2 + Wheelchair Model,494834,82472.333333
6,Ghostfire Wisp + Lost Armor x2 + Thud-Thud Hammer + Wheelchair Model x2,421993,70332.166667
6,Ghostfire Wisp + Lost Armor x2 + Wheelchair Model x3,349152,58192.0
6,Ghostfire Wisp + Lost Armor + New Flavor Out Now! x4,275029,45838.166667
6,Ghostfire Wisp + Lost Armor + New Flavor Out Now! x3 + Nine-Bite Snack Box,512492,85415.333333
6,Ghostfire Wisp + Lost Armor + New Flavor Out Now! x3 + Thud-Thud Hammer,372284,62047.333333
6,Ghostfire Wisp + Lost Armor + New Flavor Out Now! x3 + Wheelchair Model,299443,49907.166667
6,Ghostfire Wisp + Lost Armor + New Flavor Out Now! x2 + Nine-Bite Snack Box x2,749955,124992.5
6,Ghostfire Wisp + Lost Armor + New Flavor Out Now! x2 + Nine-Bite Snack Box + Thud-Thud Hammer,609747,101624.5
6,Ghostfire Wisp + Lost Armor + New Flavor Out Now! x2 + Nine-Bite Snack Box + Wheelchair Model,536906,89484.333333
6,Ghostfire Wisp + Lost Armor + New Flavor Out Now! x2 + Thud-Thud Hammer x2,469539,78256.5
6,Ghostfire Wisp + Lost Armor + New Flavor Out Now! x2 + Thud-Thud Hammer + Wheelchair Model,396698,66116.333333
6,Ghostfire Wisp + Lost Armor + New Flavor Out Now! x2 + Wheelchair Model x2,323857,53976.166667
6,Ghostfire Wisp + Lost Armor + New Flavor Out Now! + Nine-Bite Snack Box x3,987418,164569.666667
6,Ghostfire Wisp + Lost Armor + New Flavor Out Now! + Nine-Bite Snack Box x2 + Thud-Thud Hammer,847210,141201.666667
6,Ghostfire Wisp + Lost Armor + New Flavor Out Now! + Nine-Bite Snack Box x2 + Wheelchair Model,774369,129061.5
6,Ghostfire Wisp + Lost Armor + New Flavor Out Now! + Nine-Bite Snack Box + Thud-Thud Hammer x2,707002,117833.666667
6,Ghostfire Wisp + Lost Armor + New Flavor Out Now! + Nine-Bite Snack Box + Thud-Thud Hammer + Wheelchair Model,634161,105693.5
6,Ghostfire Wisp + Lost Armor + New Flavor Out Now! + Nine-Bite Snack Box + Wheelchair Model x2,561320,93553.333333
6,Ghostfire Wisp + Lost Armor + New Flavor Out Now! + Thud-Thud Hammer x3,566794,94465.666667
6,Ghostfire Wisp + Lost Armor + New Flavor Out Now! + Thud-Thud Hammer x2 + Wheelchair Model,493953,82325.5
6,Ghostfire Wisp + Lost Armor + New Flavor Out Now! + Thud-Thud Hammer + Wheelchair Model x2,421112,70185.333333
6,Ghostfire Wisp + Lost Armor + New Flavor Out Now! + Wheelchair Model x3,348271,58045.166667
6,Ghostfire Wisp + Lost Armor + Nine-Bite Snack Box x4,1224881,204146.833333
6,Ghostfire Wisp + Lost Armor + Nine-Bite Snack Box x3 + Thud-Thud Hammer,1084673,180778.833333
6,Ghostfire Wisp + Lost Armor + Nine-Bite Snack Box x3 + Wheelchair Model,1011832,168638.666667
6,Ghostfire Wisp + Lost Armor + Nine-Bite Snack Box x2 + Thud-Thud Hammer x2,944465,157410.833333
6,Ghostfire Wisp + Lost Armor + Nine-Bite Snack Box x2 + Thud-Thud Hammer + Wheelchair Model,871624,145270.666667
6,Ghostfire Wisp + Lost Armor + Nine-Bite Snack Box x2 + Wheelchair Model x2,798783,133130.5
6,Ghostfire Wisp + Lost Armor + Nine-Bite Snack Box + Thud-Thud Hammer x3,804257,134042.833333
6,Ghostfire Wisp + Lost Armor + Nine-Bite Snack Box + Thud-Thud Hammer x2 + Wheelchair Model,731416,121902.666667
6,Ghostfire Wisp + Lost Armor + Nine-Bite Snack Box + Thud-Thud Hammer + Wheelchair Model x2,658575,109762.5
6,Ghostfire Wisp + Lost Armor + Nine-Bite Snack Box + Wheelchair Model x3,585734,97622.333333
6,Ghostfire Wisp + Lost Armor + Thud-Thud Hammer x4,664049,110674.833333
6,Ghostfire Wisp + Lost Armor + Thud-Thud Hammer x3 + Wheelchair Model,591208,98534.666667
6,Ghostfire Wisp + Lost Armor + Thud-Thud Hammer x2 + Wheelchair Model x2,518367,86394.5
6,Ghostfire Wisp + Lost Armor + Thud-Thud Hammer + Wheelchair Model x3,445526,74254.333333
6,Ghostfire Wisp + Lost Armor + Wheelchair Model x4,372685,62114.166667
6,Ghostfire Wisp + New Flavor Out Now! x5,274148,45691.333333
6,Ghostfire Wisp + New Flavor Out Now! x4 + Nine-Bite Snack Box,511611,85268.5
6,Ghostfire Wisp + New Flavor Out Now! x4 + Thud-Thud Hammer,371403,61900.5
6,Ghostfire Wisp + New Flavor Out Now! x4 + Wheelchair Model,298562,49760.333333
6,Ghostfire Wisp + New Flavor Out Now! x3 + Nine-Bite Snack Box x2,749074,124845.666667
6,Ghostfire Wisp + New Flavor Out Now! x3 + Nine-Bite Snack Box + Thud-Thud Hammer,608866,101477.666667
6,Ghostfire Wisp + New Flavor Out Now! x3 + Nine-Bite Snack Box + Wheelchair Model,536025,89337.5
6,Ghostfire Wisp + New Flavor Out Now! x3 + Thud-Thud Hammer x2,468658,78109.666667
6,Ghostfire Wisp + New Flavor Out Now! x3 + Thud-Thud Hammer + Wheelchair Model,395817,65969.5
6,Ghostfire Wisp + New Flavor Out Now! x3 + Wheelchair Model x2,322976,53829.333333
6,Ghostfire Wisp + New Flavor Out Now! x2 + Nine-Bite Snack Box x3,986537,164422.833333
6,Ghostfire Wisp + New Flavor Out Now! x2 + Nine-Bite Snack Box x2 + Thud-Thud Hammer,846329,141054.833333
6,Ghostfire Wisp + New Flavor Out Now! x2 + Nine-Bite Snack Box x2 + Wheelchair Model,773488,128914.666667
6,Ghostfire Wisp + New Flavor Out Now! x2 + Nine-Bite Snack Box + Thud-Thud Hammer x2,706121,117686.833333
6,Ghostfire Wisp + New Flavor Out Now! x2 + Nine-Bite Snack Box + Thud-Thud Hammer + Wheelchair Model,633280,105546.666667
6,Ghostfire Wisp + New Flavor Out Now! x2 + Nine-Bite Snack Box + Wheelchair Model x2,560439,93406.5
6,Ghostfire Wisp + New Flavor Out Now! x2 + Thud-Thud Hammer x3,565913,94318.833333
6,Ghostfire Wisp + New Flavor Out Now! x2 + Thud-Thud Hammer x2 + Wheelchair Model,493072,82178.666667
6,Ghostfire Wisp + New Flavor Out Now! x2 + Thud-Thud Hammer + Wheelchair Model x2,420231,70038.5
6,Ghostfire Wisp + New Flavor Out Now! x2 + Wheelchair Model x3,347390,57898.333333
6,Ghostfire Wisp + New Flavor Out Now! + Nine-Bite Snack Box x4,1224000,204000.0
6,Ghostfire Wisp + New Flavor Out Now! + Nine-Bite Snack Box x3 + Thud-Thud Hammer,1083792,180632.0
6,Ghostfire Wisp + New Flavor Out Now! + Nine-Bite Snack Box x3 + Wheelchair Model,1010951,168491.833333
6,Ghostfire Wisp + New Flavor Out Now! + Nine-Bite Snack Box x2 + Thud-Thud Hammer x2,943584,157264.0
6,Ghostfire Wisp + New Flavor Out Now! + Nine-Bite Snack Box x2 + Thud-Thud Hammer + Wheelchair Model,870743,145123.833333
6,Ghostfire Wisp + New Flavor Out Now! + Nine-Bite Snack Box x2 + Wheelchair Model x2,797902,132983.666667
6,Ghostfire Wisp + New Flavor Out Now! + Nine-Bite Snack Box + Thud-Thud Hammer x3,803376,133896.0
6,Ghostfire Wisp + New Flavor Out Now! + Nine-Bite Snack Box + Thud-Thud Hammer x2 + Wheelchair Model,730535,121755.833333
6,Ghostfire Wisp + New Flavor Out Now! + Nine-Bite Snack Box + Thud-Thud Hammer + Wheelchair Model x2,657694,109615.666667
6,Ghostfire Wisp + New Flavor Out Now! + Nine-Bite Snack Box + Wheelchair Model x3,584853,97475.5
6,Ghostfire Wisp + New Flavor Out Now! + Thud-Thud Hammer x4,663168,110528.0
6,Ghostfire Wisp + New Flavor Out Now! + Thud-Thud Hammer x3 + Wheelchair Model,590327,98387.833333
6,Ghostfire Wisp + New Flavor Out Now! + Thud-Thud Hammer x2 + Wheelchair Model x2,517486,86247.666667
6,Ghostfire Wisp + New Flavor Out Now! + Thud-Thud Hammer + Wheelchair Model x3,444645,74107.5
6,Ghostfire Wisp + New Flavor Out Now! + Wheelchair Model x4,371804,61967.333333
6,Ghostfire Wisp + Nine-Bite Snack Box x5,1461463,243577.166667
6,Ghostfire Wisp + Nine-Bite Snack Box x4 + Thud-Thud Hammer,1321255,220209.166667
6,Ghostfire Wisp + Nine-Bite Snack Box x4 + Wheelchair Model,1248414,208069.0
6,Ghostfire Wisp + Nine-Bite Snack Box x3 + Thud-Thud Hammer x2,1181047,196841.166667
6,Ghostfire Wisp + Nine-Bite Snack Box x3 + Thud-Thud Hammer + Wheelchair Model,1108206,184701.0
6,Ghostfire Wisp + Nine-Bite Snack Box x3 + Wheelchair Model x2,1035365,172560.833333
6,Ghostfire Wisp + Nine-Bite Snack Box x2 + Thud-Thud Hammer x3,1040839,173473.166667
6,Ghostfire Wisp + Nine-Bite Snack Box x2 + Thud-Thud Hammer x2 + Wheelchair Model,967998,161333.0
6,Ghostfire Wisp + Nine-Bite Snack Box x2 + Thud-Thud Hammer + Wheelchair Model x2,895157,149192.833333
6,Ghostfire Wisp + Nine-Bite Snack Box x2 + Wheelchair Model x3,822316,137052.666667
6,Ghostfire Wisp + Nine-Bite Snack Box + Thud-Thud Hammer x4,900631,150105.166667
6,Ghostfire Wisp + Nine-Bite Snack Box + Thud-Thud Hammer x3 + Wheelchair Model,827790,137965.0
6,Ghostfire Wisp + Nine-Bite Snack Box + Thud-Thud Hammer x2 + Wheelchair Model x2,754949,125824.833333
6,Ghostfire Wisp + Nine-Bite Snack Box + Thud-Thud Hammer + Wheelchair Model x3,682108,113684.666667
6,Ghostfire Wisp + Nine-Bite Snack Box + Wheelchair Model x4,609267,101544.5
6,Ghostfire Wisp + Thud-Thud Hammer x5,760423,126737.166667
6,Ghostfire Wisp + Thud-Thud Hammer x4 + Wheelchair Model,687582,114597.0
6,Ghostfire Wisp + Thud-Thud Hammer x3 + Wheelchair Model x2,614741,102456.833333
6,Ghostfire Wisp + Thud-Thud Hammer x2 + Wheelchair Model x3,541900,90316.666667
6,Ghostfire Wisp + Thud-Thud Hammer + Wheelchair Model x4,469059,78176.5
6,Ghostfire Wisp + Wheelchair Model x5,396218,66036.333333
6,Lost Armor x6,21756,3626.0
6,Lost Armor x5 + New Flavor Out Now!,20875,3479.166667
6,Lost Armor x5 + Nine-Bite Snack Box,258338,43056.333333
6,Lost Armor x5 + Thud-Thud Hammer,118130,19688.333333
6,Lost Armor x5 + Wheelchair Model,45289,7548.166667
6,Lost Armor x4 + New Flavor Out Now! x2,19994,3332.333333
6,Lost Armor x4 + New Flavor Out Now! + Nine-Bite Snack Box,257457,42909.5
6,Lost Armor x4 + New Flavor Out Now! + Thud-Thud Hammer,117249,19541.5
6,Lost Armor x4 + New Flavor Out Now! + Wheelchair Model,44408,7401.333333
6,Lost Armor x4 + Nine-Bite Snack Box x2,494920,82486.666667
6,Lost Armor x4 + Nine-Bite Snack Box + Thud-Thud Hammer,354712,59118.666667
6,Lost Armor x4 + Nine-Bite Snack Box + Wheelchair Model,281871,46978.5
6,Lost Armor x4 + Thud-Thud Hammer x2,214504,35750.666667
6,Lost Armor x4 + Thud-Thud Hammer + Wheelchair Model,141663,23610.5
6,Lost Armor x4 + Wheelchair Model x2,68822,11470.333333
6,Lost Armor x3 + New Flavor Out Now! x3,19113,3185.5
6,Lost Armor x3 + New Flavor Out Now! x2 + Nine-Bite Snack Box,256576,42762.666667
6,Lost Armor x3 + New Flavor Out Now! x2 + Thud-Thud Hammer,116368,19394.666667
6,Lost Armor x3 + New Flavor Out Now! x2 + Wheelchair Model,43527,7254.5
6,Lost Armor x3 + New Flavor Out Now! + Nine-Bite Snack Box x2,494039,82339.833333
6,Lost Armor x3 + New Flavor Out Now! + Nine-Bite Snack Box + Thud-Thud Hammer,353831,58971.833333
6,Lost Armor x3 + New Flavor Out Now! + Nine-Bite Snack Box + Wheelchair Model,280990,46831.666667
6,Lost Armor x3 + New Flavor Out Now! + Thud-Thud Hammer x2,213623,35603.833333
6,Lost Armor x3 + New Flavor Out Now! + Thud-Thud Hammer + Wheelchair Model,140782,23463.666667
6,Lost Armor x3 + New Flavor Out Now! + Wheelchair Model x2,67941,11323.5
6,Lost Armor x3 + Nine-Bite Snack Box x3,731502,121917.0
6,Lost Armor x3 + Nine-Bite Snack Box x2 + Thud-Thud Hammer,591294,98549.0
6,Lost Armor x3 + Nine-Bite Snack Box x2 + Wheelchair Model,518453,86408.833333
6,Lost Armor x3 + Nine-Bite Snack Box + Thud-Thud Hammer x2,451086,75181.0
6,Lost Armor x3 + Nine-Bite Snack Box + Thud-Thud Hammer + Wheelchair Model,378245,63040.833333
6,Lost Armor x3 + Nine-Bite Snack Box + Wheelchair Model x2,305404,50900.666667
6,Lost Armor x3 + Thud-Thud Hammer x3,310878,51813.0
6,Lost Armor x3 + Thud-Thud Hammer x2 + Wheelchair Model,238037,39672.833333
6,Lost Armor x3 + Thud-Thud Hammer + Wheelchair Model x2,165196,27532.666667
6,Lost Armor x3 + Wheelchair Model x3,92355,15392.5
6,Lost Armor x2 + New Flavor Out Now! x4,18232,3038.666667
6,Lost Armor x2 + New Flavor Out Now! x3 + Nine-Bite Snack Box,255695,42615.833333
6,Lost Armor x2 + New Flavor Out Now! x3 + Thud-Thud Hammer,115487,19247.833333
6,Lost Armor x2 + New Flavor Out Now! x3 + Wheelchair Model,42646,7107.666667
6,Lost Armor x2 + New Flavor Out Now! x2 + Nine-Bite Snack Box x2,493158,82193.0
6,Lost Armor x2 + New Flavor Out Now! x2 + Nine-Bite Snack Box + Thud-Thud Hammer,352950,58825.0
6,Lost Armor x2 + New Flavor Out Now! x2 + Nine-Bite Snack Box + Wheelchair Model,280109,46684.833333
6,Lost Armor x2 + New Flavor Out Now! x2 + Thud-Thud Hammer x2,212742,35457.0
6,Lost Armor x2 + New Flavor Out Now! x2 + Thud-Thud Hammer + Wheelchair Model,139901,23316.833333
6,Lost Armor x2 + New Flavor Out Now! x2 + Wheelchair Model x2,67060,11176.666667
6,Lost Armor x2 + New Flavor Out Now! + Nine-Bite Snack Box x3,730621,121770.166667
6,Lost Armor x2 + New Flavor Out Now! + Nine-Bite Snack Box x2 + Thud-Thud Hammer,590413,98402.166667
6,Lost Armor x2 + New Flavor Out Now! + Nine-Bite Snack Box x2 + Wheelchair Model,517572,86262.0
6,Lost Armor x2 + New Flavor Out Now! + Nine-Bite Snack Box + Thud-Thud Hammer x2,450205,75034.166667
6,Lost Armor x2 + New Flavor Out Now! + Nine-Bite Snack Box + Thud-Thud Hammer + Wheelchair Model,377364,62894.0
6,Lost Armor x2 + New Flavor Out Now! + Nine-Bite Snack Box + Wheelchair Model x2,304523,50753.833333
6,Lost Armor x2 + New Flavor Out Now! + Thud-Thud Hammer x3,309997,51666.166667
6,Lost Armor x2 + New Flavor Out Now! + Thud-Thud Hammer x2 + Wheelchair Model,237156,39526.0
6,Lost Armor x2 + New Flavor Out Now! + Thud-Thud Hammer + Wheelchair Model x2,164315,27385.833333
6,Lost Armor x2 + New Flavor Out Now! + Wheelchair Model x3,91474,15245.666667
6,Lost Armor x2 + Nine-Bite Snack Box x4,968084,161347.333333
6,Lost Armor x2 + Nine-Bite Snack Box x3 + Thud-Thud Hammer,827876,137979.333333
6,Lost Armor x2 + Nine-Bite Snack Box x3 + Wheelchair Model,755035,125839.166667
6,Lost Armor x2 + Nine-Bite Snack Box x2 + Thud-Thud Hammer x2,687668,114611.333333
6,Lost Armor x2 + Nine-Bite Snack Box x2 + Thud-Thud Hammer + Wheelchair Model,614827,102471.166667
6,Lost Armor x2 + Nine-Bite Snack Box x2 + Wheelchair Model x2,541986,90331.0
6,Lost Armor x2 + Nine-Bite Snack Box + Thud-Thud Hammer x3,547460,91243.333333
6,Lost Armor x2 + Nine-Bite Snack Box + Thud-Thud Hammer x2 + Wheelchair Model,474619,79103.166667
6,Lost Armor x2 + Nine-Bite Snack Box + Thud-Thud Hammer + Wheelchair Model x2,401778,66963.0
6,Lost Armor x2 + Nine-Bite Snack Box + Wheelchair Model x3,328937,54822.833333
6,Lost Armor x2 + Thud-Thud Hammer x4,407252,67875.333333
6,Lost Armor x2 + Thud-Thud Hammer x3 + Wheelchair Model,334411,55735.166667
6,Lost Armor x2 + Thud-Thud Hammer x2 + Wheelchair Model x2,261570,43595.0
6,Lost Armor x2 + Thud-Thud Hammer + Wheelchair Model x3,188729,31454.833333
6,Lost Armor x2 + Wheelchair Model x4,115888,19314.666667
6,Lost Armor + New Flavor Out Now! x5,17351,2891.833333
6,Lost Armor + New Flavor Out Now! x4 + Nine-Bite Snack Box,254814,42469.0
6,Lost Armor + New Flavor Out Now! x4 + Thud-Thud Hammer,114606,19101.0
6,Lost Armor + New Flavor Out Now! x4 + Wheelchair Model,41765,6960.833333
6,Lost Armor + New Flavor Out Now! x3 + Nine-Bite Snack Box x2,492277,82046.166667
6,Lost Armor + New Flavor Out Now! x3 + Nine-Bite Snack Box + Thud-Thud Hammer,352069,58678.166667
6,Lost Armor + New Flavor Out Now! x3 + Nine-Bite Snack Box + Wheelchair Model,279228,46538.0
6,Lost Armor + New Flavor Out Now! x3 + Thud-Thud Hammer x2,211861,35310.166667
6,Lost Armor + New Flavor Out Now! x3 + Thud-Thud Hammer + Wheelchair Model,139020,23170.0
6,Lost Armor + New Flavor Out Now! x3 + Wheelchair Model x2,66179,11029.833333
6,Lost Armor + New Flavor Out Now! x2 + Nine-Bite Snack Box x3,729740,121623.333333
6,Lost Armor + New Flavor Out Now! x2 + Nine-Bite Snack Box x2 + Thud-Thud Hammer,589532,98255.333333
6,Lost Armor + New Flavor Out Now! x2 + Nine-Bite Snack Box x2 + Wheelchair Model,516691,86115.166667
6,Lost Armor + New Flavor Out Now! x2 + Nine-Bite Snack Box + Thud-Thud Hammer x2,449324,74887.333333
6,Lost Armor + New Flavor Out Now! x2 + Nine-Bite Snack Box + Thud-Thud Hammer + Wheelchair Model,376483,62747.166667
6,Lost Armor + New Flavor Out Now! x2 + Nine-Bite Snack Box + Wheelchair Model x2,303642,50607.0
6,Lost Armor + New Flavor Out Now! x2 + Thud-Thud Hammer x3,309116,51519.333333
6,Lost Armor + New Flavor Out Now! x2 + Thud-Thud Hammer x2 + Wheelchair Model,236275,39379.166667
6,Lost Armor + New Flavor Out Now! x2 + Thud-Thud Hammer + Wheelchair Model x2,163434,27239.0
6,Lost Armor + New Flavor Out Now! x2 + Wheelchair Model x3,90593,15098.833333
6,Lost Armor + New Flavor Out Now! + Nine-Bite Snack Box x4,967203,161200.5
6,Lost Armor + New Flavor Out Now! + Nine-Bite Snack Box x3 + Thud-Thud Hammer,826995,137832.5
6,Lost Armor + New Flavor Out Now! + Nine-Bite Snack Box x3 + Wheelchair Model,754154,125692.333333
6,Lost Armor + New Flavor Out Now! + Nine-Bite Snack Box x2 + Thud-Thud Hammer x2,686787,114464.5
6,Lost Armor + New Flavor Out Now! + Nine-Bite Snack Box x2 + Thud-Thud Hammer + Wheelchair Model,613946,102324.333333
6,Lost Armor + New Flavor Out Now! + Nine-Bite Snack Box x2 + Wheelchair Model x2,541105,90184.166667
6,Lost Armor + New Flavor Out Now! + Nine-Bite Snack Box + Thud-Thud Hammer x3,546579,91096.5
6,Lost Armor + New Flavor Out Now! + Nine-Bite Snack Box + Thud-Thud Hammer x2 + Wheelchair Model,473738,78956.333333
6,Lost Armor + New Flavor Out Now! + Nine-Bite Snack Box + Thud-Thud Hammer + Wheelchair Model x2,400897,66816.166667
6,Lost Armor + New Flavor Out Now! + Nine-Bite Snack Box + Wheelchair Model x3,328056,54676.0
6,Lost Armor + New Flavor Out Now! + Thud-Thud Hammer x4,406371,67728.5
6,Lost Armor + New Flavor Out Now! + Thud-Thud Hammer x3 + Wheelchair Model,333530,55588.333333
6,Lost Armor + New Flavor Out Now! + Thud-Thud Hammer x2 + Wheelchair Model x2,260689,43448.166667
6,Lost Armor + New Flavor Out Now! + Thud-Thud Hammer + Wheelchair Model x3,187848,31308.0
6,Lost Armor + New Flavor Out Now! + Wheelchair Model x4,115007,19167.833333
6,Lost Armor + Nine-Bite Snack Box x5,1204666,200777.666667
6,Lost Armor + Nine-Bite Snack Box x4 + Thud-Thud Hammer,1064458,177409.666667
6,Lost Armor + Nine-Bite Snack Box x4 + Wheelchair Model,991617,165269.5
6,Lost Armor + Nine-Bite Snack Box x3 + Thud-Thud Hammer x2,924250,154041.666667
6,Lost Armor + Nine-Bite Snack Box x3 + Thud-Thud Hammer + Wheelchair Model,851409,141901.5
6,Lost Armor + Nine-Bite Snack Box x3 + Wheelchair Model x2,778568,129761.333333
6,Lost Armor + Nine-Bite Snack Box x2 + Thud-Thud Hammer x3,784042,130673.666667
6,Lost Armor + Nine-Bite Snack Box x2 + Thud-Thud Hammer x2 + Wheelchair Model,711201,118533.5
6,Lost Armor + Nine-Bite Snack Box x2 + Thud-Thud Hammer + Wheelchair Model x2,638360,106393.333333
6,Lost Armor + Nine-Bite Snack Box x2 + Wheelchair Model x3,565519,94253.166667
6,Lost Armor + Nine-Bite Snack Box + Thud-Thud Hammer x4,643834,107305.666667
6,Lost Armor + Nine-Bite Snack Box + Thud-Thud Hammer x3 + Wheelchair Model,570993,95165.5
6,Lost Armor + Nine-Bite Snack Box + Thud-Thud Hammer x2 + Wheelchair Model x2,498152,83025.333333
6,Lost Armor + Nine-Bite Snack Box + Thud-Thud Hammer + Wheelchair Model x3,425311,70885.166667
6,Lost Armor + Nine-Bite Snack Box + Wheelchair Model x4,352470,58745.0
6,Lost Armor + Thud-Thud Hammer x5,503626,83937.666667
6,Lost Armor + Thud-Thud Hammer x4 + Wheelchair Model,430785,71797.5
6,Lost Armor + Thud-Thud Hammer x3 + Wheelchair Model x2,357944,59657.333333
6,Lost Armor + Thud-Thud Hammer x2 + Wheelchair Model x3,285103,47517.166667
6,Lost Armor + Thud-Thud Hammer + Wheelchair Model x4,212262,35377.0
6,Lost Armor + Wheelchair Model x5,139421,23236.833333
6,New Flavor Out Now! x6,16470,2745.0
6,New Flavor Out Now! x5 + Nine-Bite Snack Box,253933,42322.166667
6,New Flavor Out Now! x5 + Thud-Thud Hammer,113725,18954.166667
6,New Flavor Out Now! x5 + Wheelchair Model,40884,6814.0
6,New Flavor Out Now! x4 + Nine-Bite Snack Box x2,491396,81899.333333
6,New Flavor Out Now! x4 + Nine-Bite Snack Box + Thud-Thud Hammer,351188,58531.333333
6,New Flavor Out Now! x4 + Nine-Bite Snack Box + Wheelchair Model,278347,46391.166667
6,New Flavor Out Now! x4 + Thud-Thud Hammer x2,210980,35163.333333
6,New Flavor Out Now! x4 + Thud-Thud Hammer + Wheelchair Model,138139,23023.166667
6,New Flavor Out Now! x4 + Wheelchair Model x2,65298,10883.0
6,New Flavor Out Now! x3 + Nine-Bite Snack Box x3,728859,121476.5
6,New Flavor Out Now! x3 + Nine-Bite Snack Box x2 + Thud-Thud Hammer,588651,98108.5
6,New Flavor Out Now! x3 + Nine-Bite Snack Box x2 + Wheelchair Model,515810,85968.333333
6,New Flavor Out Now! x3 + Nine-Bite Snack Box + Thud-Thud Hammer x2,448443,74740.5
6,New Flavor Out Now! x3 + Nine-Bite Snack Box + Thud-Thud Hammer + Wheelchair Model,375602,62600.333333
6,New Flavor Out Now! x3 + Nine-Bite Snack Box + Wheelchair Model x2,302761,50460.166667
6,New Flavor Out Now! x3 + Thud-Thud Hammer x3,308235,51372.5
6,New Flavor Out Now! x3 + Thud-Thud Hammer x2 + Wheelchair Model,235394,39232.333333
6,New Flavor Out Now! x3 + Thud-Thud Hammer + Wheelchair Model x2,162553,27092.166667
6,New Flavor Out Now! x3 + Wheelchair Model x3,89712,14952.0
6,New Flavor Out Now! x2 + Nine-Bite Snack Box x4,966322,161053.666667
6,New Flavor Out Now! x2 + Nine-Bite Snack Box x3 + Thud-Thud Hammer,826114,137685.666667
6,New Flavor Out Now! x2 + Nine-Bite Snack Box x3 + Wheelchair Model,753273,125545.5
6,New Flavor Out Now! x2 + Nine-Bite Snack Box x2 + Thud-Thud Hammer x2,685906,114317.666667
6,New Flavor Out Now! x2 + Nine-Bite Snack Box x2 + Thud-Thud Hammer + Wheelchair Model,613065,102177.5
6,New Flavor Out Now! x2 + Nine-Bite Snack Box x2 + Wheelchair Model x2,540224,90037.333333
6,New Flavor Out Now! x2 + Nine-Bite Snack Box + Thud-Thud Hammer x3,545698,90949.666667
6,New Flavor Out Now! x2 + Nine-Bite Snack Box + Thud-Thud Hammer x2 + Wheelchair Model,472857,78809.5
6,New Flavor Out Now! x2 + Nine-Bite Snack Box + Thud-Thud Hammer + Wheelchair Model x2,400016,66669.333333
6,New Flavor Out Now! x2 + Nine-Bite Snack Box + Wheelchair Model x3,327175,54529.166667
6,New Flavor Out Now! x2 + Thud-Thud Hammer x4,405490,67581.666667
6,New Flavor Out Now! x2 + Thud-Thud Hammer x3 + Wheelchair Model,332649,55441.5
6,New Flavor Out Now! x2 + Thud-Thud Hammer x2 + Wheelchair Model x2,259808,43301.333333
6,New Flavor Out Now! x2 + Thud-Thud Hammer + Wheelchair Model x3,186967,31161.166667
6,New Flavor Out Now! x2 + Wheelchair Model x4,114126,19021.0
6,New Flavor Out Now! + Nine-Bite Snack Box x5,1203785,200630.833333
6,New Flavor Out Now! + Nine-Bite Snack Box x4 + Thud-Thud Hammer,1063577,177262.833333
6,New Flavor Out Now! + Nine-Bite Snack Box x4 + Wheelchair Model,990736,165122.666667
6,New Flavor Out Now! + Nine-Bite Snack Box x3 + Thud-Thud Hammer x2,923369,153894.833333
6,New Flavor Out Now! + Nine-Bite Snack Box x3 + Thud-Thud Hammer + Wheelchair Model,850528,141754.666667
6,New Flavor Out Now! + Nine-Bite Snack Box x3 + Wheelchair Model x2,777687,129614.5
6,New Flavor Out Now! + Nine-Bite Snack Box x2 + Thud-Thud Hammer x3,783161,130526.833333
6,New Flavor Out Now! + Nine-Bite Snack Box x2 + Thud-Thud Hammer x2 + Wheelchair Model,710320,118386.666667
6,New Flavor Out Now! + Nine-Bite Snack Box x2 + Thud-Thud Hammer + Wheelchair Model x2,637479,106246.5
6,New Flavor Out Now! + Nine-Bite Snack Box x2 + Wheelchair Model x3,564638,94106.333333
6,New Flavor Out Now! + Nine-Bite Snack Box + Thud-Thud Hammer x4,642953,107158.833333
6,New Flavor Out Now! + Nine-Bite Snack Box + Thud-Thud Hammer x3 + Wheelchair Model,570112,95018.666667
6,New Flavor Out Now! + Nine-Bite Snack Box + Thud-Thud Hammer x2 + Wheelchair Model x2,497271,82878.5
6,New Flavor Out Now! + Nine-Bite Snack Box + Thud-Thud Hammer + Wheelchair Model x3,424430,70738.333333
6,New Flavor Out Now! + Nine-Bite Snack Box + Wheelchair Model x4,351589,58598.166667
6,New Flavor Out Now! + Thud-Thud Hammer x5,502745,83790.833333
6,New Flavor Out Now! + Thud-Thud Hammer x4 + Wheelchair Model,429904,71650.666667
6,New Flavor Out Now! + Thud-Thud Hammer x3 + Wheelchair Model x2,357063,59510.5
6,New Flavor Out Now! + Thud-Thud Hammer x2 + Wheelchair Model x3,284222,47370.333333
6,New Flavor Out Now! + Thud-Thud Hammer + Wheelchair Model x4,211381,35230.166667
6,New Flavor Out Now! + Wheelchair Model x5,138540,23090.0
6,Nine-Bite Snack Box x6,1441248,240208.0
6,Nine-Bite Snack Box x5 + Thud-Thud Hammer,1301040,216840.0
6,Nine-Bite Snack Box x5 + Wheelchair Model,1228199,204699.833333
6,Nine-Bite Snack Box x4 + Thud-Thud Hammer x2,1160832,193472.0
6,Nine-Bite Snack Box x4 + Thud-Thud Hammer + Wheelchair Model,1087991,181331.833333
6,Nine-Bite Snack Box x4 + Wheelchair Model x2,1015150,169191.666667
6,Nine-Bite Snack Box x3 + Thud-Thud Hammer x3,1020624,170104.0
6,Nine-Bite Snack Box x3 + Thud-Thud Hammer x2 + Wheelchair Model,947783,157963.833333
6,Nine-Bite Snack Box x3 + Thud-Thud Hammer + Wheelchair Model x2,874942,145823.666667
6,Nine-Bite Snack Box x3 + Wheelchair Model x3,802101,133683.5
6,Nine-Bite Snack Box x2 + Thud-Thud Hammer x4,880416,146736.0
6,Nine-Bite Snack Box x2 + Thud-Thud Hammer x3 + Wheelchair Model,807575,134595.833333
6,Nine-Bite Snack Box x2 + Thud-Thud Hammer x2 + Wheelchair Model x2,734734,122455.666667
6,Nine-Bite Snack Box x2 + Thud-Thud Hammer + Wheelchair Model x3,661893,110315.5
6,Nine-Bite Snack Box x2 + Wheelchair Model x4,589052,98175.333333
6,Nine-Bite Snack Box + Thud-Thud Hammer x5,740208,123368.0
6,Nine-Bite Snack Box + Thud-Thud Hammer x4 + Wheelchair Model,667367,111227.833333
6,Nine-Bite Snack Box + Thud-Thud Hammer x3 + Wheelchair Model x2,594526,99087.666667
6,Nine-Bite Snack Box + Thud-Thud Hammer x2 + Wheelchair Model x3,521685,86947.5
6,Nine-Bite Snack Box + Thud-Thud Hammer + Wheelchair Model x4,448844,74807.333333
6,Nine-Bite Snack Box + Wheelchair Model x5,376003,62667.166667
6,Thud-Thud Hammer x6,600000,100000.0
6,Thud-Thud Hammer x5 + Wheelchair Model,527159,87859.833333
6,Thud-Thud Hammer x4 + Wheelchair Model x2,454318,75719.666667
6,Thud-Thud Hammer x3 + Wheelchair Model x3,381477,63579.5
6,Thud-Thud Hammer x2 + Wheelchair Model x4,308636,51439.333333
6,Thud-Thud Hammer + Wheelchair Model x5,235795,39299.166667
6,Wheelchair Model x6,162954,27159.0
7,Artwork: Deep Forest x7,42483,6069.0
7,Artwork: Deep Forest x6 + Asahi Inori Figurine,66678,9525.428571
7,Artwork: Deep Forest x6 + Ghostfire Wisp,296837,42405.285714
7,Artwork: Deep Forest x6 + Lost Armor,40040,5720.0
7,Artwork: Deep Forest x6 + New Flavor Out Now!,39159,5594.142857
7,Artwork: Deep Forest x6 + Nine-Bite Snack Box,276622,39517.428571
7,Artwork: Deep Forest x6 + Thud-Thud Hammer,136414,19487.714286
7,Artwork: Deep Forest x6 + Wheelchair Model,63573,9081.857143
7,Artwork: Deep Forest x5 + Asahi Inori Figurine x2,90873,12981.857143
7,Artwork: Deep Forest x5 + Asahi Inori Figurine + Ghostfire Wisp,321032,45861.714286
7,Artwork: Deep Forest x5 + Asahi Inori Figurine + Lost Armor,64235,9176.428571
7,Artwork: Deep Forest x5 + Asahi Inori Figurine + New Flavor Out Now!,63354,9050.571429
7,Artwork: Deep Forest x5 + Asahi Inori Figurine + Nine-Bite Snack Box,300817,42973.857143
7,Artwork: Deep Forest x5 + Asahi Inori Figurine + Thud-Thud Hammer,160609,22944.142857
7,Artwork: Deep Forest x5 + Asahi Inori Figurine + Wheelchair Model,87768,12538.285714
7,Artwork: Deep Forest x5 + Ghostfire Wisp x2,551191,78741.571429
7,Artwork: Deep Forest x5 + Ghostfire Wisp + Lost Armor,294394,42056.285714
7,Artwork: Deep Forest x5 + Ghostfire Wisp + New Flavor Out Now!,293513,41930.428571
7,Artwork: Deep Forest x5 + Ghostfire Wisp + Nine-Bite Snack Box,530976,75853.714286
7,Artwork: Deep Forest x5 + Ghostfire Wisp + Thud-Thud Hammer,390768,55824.0
7,Artwork: Deep Forest x5 + Ghostfire Wisp + Wheelchair Model,317927,45418.142857
7,Artwork: Deep Forest x5 + Lost Armor x2,37597,5371.0
7,Artwork: Deep Forest x5 + Lost Armor + New Flavor Out Now!,36716,5245.142857
7,Artwork: Deep Forest x5 + Lost Armor + Nine-Bite Snack Box,274179,39168.428571
7,Artwork: Deep Forest x5 + Lost Armor + Thud-Thud Hammer,133971,19138.714286
7,Artwork: Deep Forest x5 + Lost Armor + Wheelchair Model,61130,8732.857143
7,Artwork: Deep Forest x5 + New Flavor Out Now! x2,35835,5119.285714
7,Artwork: Deep Forest x5 + New Flavor Out Now! + Nine-Bite Snack Box,273298,39042.571429
7,Artwork: Deep Forest x5 + New Flavor Out Now! + Thud-Thud Hammer,133090,19012.857143
7,Artwork: Deep Forest x5 + New Flavor Out Now! + Wheelchair Model,60249,8607.0
7,Artwork: Deep Forest x5 + Nine-Bite Snack Box x2,510761,72965.857143
7,Artwork: Deep Forest x5 + Nine-Bite Snack Box + Thud-Thud Hammer,370553,52936.142857
7,Artwork: Deep Forest x5 + Nine-Bite Snack Box + Wheelchair Model,297712,42530.285714
7,Artwork: Deep Forest x5 + Thud-Thud Hammer x2,230345,32906.428571
7,Artwork: Deep Forest x5 + Thud-Thud Hammer + Wheelchair Model,157504,22500.571429
7,Artwork: Deep Forest x5 + Wheelchair Model x2,84663,12094.714286
7,Artwork: Deep Forest x4 + Asahi Inori Figurine x3,115068,16438.285714
7,Artwork: Deep Forest x4 + Asahi Inori Figurine x2 + Ghostfire Wisp,345227,49318.142857
7,Artwork: Deep Forest x4 + Asahi Inori Figurine x2 + Lost Armor,88430,12632.857143
7,Artwork: Deep Forest x4 + Asahi Inori Figurine x2 + New Flavor Out Now!,87549,12507.0
7,Artwork: Deep Forest x4 + Asahi Inori Figurine x2 + Nine-Bite Snack Box,325012,46430.285714
7,Artwork: Deep Forest x4 + Asahi Inori Figurine x2 + Thud-Thud Hammer,184804,26400.571429
7,Artwork: Deep Forest x4 + Asahi Inori Figurine x2 + Wheelchair Model,111963,15994.714286
7,Artwork: Deep Forest x4 + Asahi Inori Figurine + Ghostfire Wisp x2,575386,82198.0
7,Artwork: Deep Forest x4 + Asahi Inori Figurine + Ghostfire Wisp + Lost Armor,318589,45512.714286
7,Artwork: Deep Forest x4 + Asahi Inori Figurine + Ghostfire Wisp + New Flavor Out Now!,317708,45386.857143
7,Artwork: Deep Forest x4 + Asahi Inori Figurine + Ghostfire Wisp + Nine-Bite Snack Box,555171,79310.142857
7,Artwork: Deep Forest x4 + Asahi Inori Figurine + Ghostfire Wisp + Thud-Thud Hammer,414963,59280.428571
7,Artwork: Deep Forest x4 + Asahi Inori Figurine + Ghostfire Wisp + Wheelchair Model,342122,48874.571429
7,Artwork: Deep Forest x4 + Asahi Inori Figurine + Lost Armor x2,61792,8827.428571
7,Artwork: Deep Forest x4 + Asahi Inori Figurine + Lost Armor + New Flavor Out Now!,60911,8701.571429
7,Artwork: Deep Forest x4 + Asahi Inori Figurine + Lost Armor + Nine-Bite Snack Box,298374,42624.857143
7,Artwork: Deep Forest x4 + Asahi Inori Figurine + Lost Armor + Thud-Thud Hammer,158166,22595.142857
7,Artwork: Deep Forest x4 + Asahi Inori Figurine + Lost Armor + Wheelchair Model,85325,12189.285714
7,Artwork: Deep Forest x4 + Asahi Inori Figurine + New Flavor Out Now! x2,60030,8575.714286
7,Artwork: Deep Forest x4 + Asahi Inori Figurine + New Flavor Out Now! + Nine-Bite Snack Box,297493,42499.0
7,Artwork: Deep Forest x4 + Asahi Inori Figurine + New Flavor Out Now! + Thud-Thud Hammer,157285,22469.285714
7,Artwork: Deep Forest x4 + Asahi Inori Figurine + New Flavor Out Now! + Wheelchair Model,84444,12063.428571
7,Artwork: Deep Forest x4 + Asahi Inori Figurine + Nine-Bite Snack Box x2,534956,76422.285714
7,Artwork: Deep Forest x4 + Asahi Inori Figurine + Nine-Bite Snack Box + Thud-Thud Hammer,394748,56392.571429
7,Artwork: Deep Forest x4 + Asahi Inori Figurine + Nine-Bite Snack Box + Wheelchair Model,321907,45986.714286
7,Artwork: Deep Forest x4 + Asahi Inori Figurine + Thud-Thud Hammer x2,254540,36362.857143
7,Artwork: Deep Forest x4 + Asahi Inori Figurine + Thud-Thud Hammer + Wheelchair Model,181699,25957.0
7,Artwork: Deep Forest x4 + Asahi Inori Figurine + Wheelchair Model x2,108858,15551.142857
7,Artwork: Deep Forest x4 + Ghostfire Wisp x3,805545,115077.857143
7,Artwork: Deep Forest x4 + Ghostfire Wisp x2 + Lost Armor,548748,78392.571429
7,Artwork: Deep Forest x4 + Ghostfire Wisp x2 + New Flavor Out Now!,547867,78266.714286
7,Artwork: Deep Forest x4 + Ghostfire Wisp x2 + Nine-Bite Snack Box,785330,112190.0
7,Artwork: Deep Forest x4 + Ghostfire Wisp x2 + Thud-Thud Hammer,645122,92160.285714
7,Artwork: Deep Forest x4 + Ghostfire Wisp x2 + Wheelchair Model,572281,81754.428571
7,Artwork: Deep Forest x4 + Ghostfire Wisp + Lost Armor x2,291951,41707.285714
7,Artwork: Deep Forest x4 + Ghostfire Wisp + Lost Armor + New Flavor Out Now!,291070,41581.428571
7,Artwork: Deep Forest x4 + Ghostfire Wisp + Lost Armor + Nine-Bite Snack Box,528533,75504.714286
7,Artwork: Deep Forest x4 + Ghostfire Wisp + Lost Armor + Thud-Thud Hammer,388325,55475.0
7,Artwork: Deep Forest x4 + Ghostfire Wisp + Lost Armor + Wheelchair Model,315484,45069.142857
7,Artwork: Deep Forest x4 + Ghostfire Wisp + New Flavor Out Now! x2,290189,41455.571429
7,Artwork: Deep Forest x4 + Ghostfire Wisp + New Flavor Out Now! + Nine-Bite Snack Box,527652,75378.857143
7,Artwork: Deep Forest x4 + Ghostfire Wisp + New Flavor Out Now! + Thud-Thud Hammer,387444,55349.142857
7,Artwork: Deep Forest x4 + Ghostfire Wisp + New Flavor Out Now! + Wheelchair Model,314603,44943.285714
7,Artwork: Deep Forest x4 + Ghostfire Wisp + Nine-Bite Snack Box x2,765115,109302.142857
7,Artwork: Deep Forest x4 + Ghostfire Wisp + Nine-Bite Snack Box + Thud-Thud Hammer,624907,89272.428571
7,Artwork: Deep Forest x4 + Ghostfire Wisp + Nine-Bite Snack Box + Wheelchair Model,552066,78866.571429
7,Artwork: Deep Forest x4 + Ghostfire Wisp + Thud-Thud Hammer x2,484699,69242.714286
7,Artwork: Deep Forest x4 + Ghostfire Wisp + Thud-Thud Hammer + Wheelchair Model,411858,58836.857143
7,Artwork: Deep Forest x4 + Ghostfire Wisp + Wheelchair Model x2,339017,48431.0
7,Artwork: Deep Forest x4 + Lost Armor x3,35154,5022.0
7,Artwork: Deep Forest x4 + Lost Armor x2 + New Flavor Out Now!,34273,4896.142857
7,Artwork: Deep Forest x4 + Lost Armor x2 + Nine-Bite Snack Box,271736,38819.428571
7,Artwork: Deep Forest x4 + Lost Armor x2 + Thud-Thud Hammer,131528,18789.714286
7,Artwork: Deep Forest x4 + Lost Armor x2 + Wheelchair Model,58687,8383.857143
7,Artwork: Deep Forest x4 + Lost Armor + New Flavor Out Now! x2,33392,4770.285714
7,Artwork: Deep Forest x4 + Lost Armor + New Flavor Out Now! + Nine-Bite Snack Box,270855,38693.571429
7,Artwork: Deep Forest x4 + Lost Armor + New Flavor Out Now! + Thud-Thud Hammer,130647,18663.857143
7,Artwork: Deep Forest x4 + Lost Armor + New Flavor Out Now! + Wheelchair Model,57806,8258.0
7,Artwork: Deep Forest x4 + Lost Armor + Nine-Bite Snack Box x2,508318,72616.857143
7,Artwork: Deep Forest x4 + Lost Armor + Nine-Bite Snack Box + Thud-Thud Hammer,368110,52587.142857
7,Artwork: Deep Forest x4 + Lost Armor + Nine-Bite Snack Box + Wheelchair Model,295269,42181.285714
7,Artwork: Deep Forest x4 + Lost Armor + Thud-Thud Hammer x2,227902,32557.428571
7,Artwork: Deep Forest x4 + Lost Armor + Thud-Thud Hammer + Wheelchair Model,155061,22151.571429
7,Artwork: Deep Forest x4 + Lost Armor + Wheelchair Model x2,82220,11745.714286
7,Artwork: Deep Forest x4 + New Flavor Out Now! x3,32511,4644.428571
7,Artwork: Deep Forest x4 + New Flavor Out Now! x2 + Nine-Bite Snack Box,269974,38567.714286
7,Artwork: Deep Forest x4 + New Flavor Out Now! x2 + Thud-Thud Hammer,129766,18538.0
7,Artwork: Deep Forest x4 + New Flavor Out Now! x2 + Wheelchair Model,56925,8132.142857
7,Artwork: Deep Forest x4 + New Flavor Out Now! + Nine-Bite Snack Box x2,507437,72491.0
7,Artwork: Deep Forest x4 + New Flavor Out Now! + Nine-Bite Snack Box + Thud-Thud Hammer,367229,52461.285714
7,Artwork: Deep Forest x4 + New Flavor Out Now! + Nine-Bite Snack Box + Wheelchair Model,294388,42055.428571
7,Artwork: Deep Forest x4 + New Flavor Out Now! + Thud-Thud Hammer x2,227021,32431.571429
7,Artwork: Deep Forest x4 + New Flavor Out Now! + Thud-Thud Hammer + Wheelchair Model,154180,22025.714286
7,Artwork: Deep Forest x4 + New Flavor Out Now! + Wheelchair Model x2,81339,11619.857143
7,Artwork: Deep Forest x4 + Nine-Bite Snack Box x3,744900,106414.285714
7,Artwork: Deep Forest x4 + Nine-Bite Snack Box x2 + Thud-Thud Hammer,604692,86384.571429
7,Artwork: Deep Forest x4 + Nine-Bite Snack Box x2 + Wheelchair Model,531851,75978.714286
7,Artwork: Deep Forest x4 + Nine-Bite Snack Box + Thud-Thud Hammer x2,464484,66354.857143
7,Artwork: Deep Forest x4 + Nine-Bite Snack Box + Thud-Thud Hammer + Wheelchair Model,391643,55949.0
7,Artwork: Deep Forest x4 + Nine-Bite Snack Box + Wheelchair Model x2,318802,45543.142857
7,Artwork: Deep Forest x4 + Thud-Thud Hammer x3,324276,46325.142857
7,Artwork: Deep Forest x4 + Thud-Thud Hammer x2 + Wheelchair Model,251435,35919.285714
7,Artwork: Deep Forest x4 + Thud-Thud Hammer + Wheelchair Model x2,178594,25513.428571
7,Artwork: Deep Forest x4 + Wheelchair Model x3,105753,15107.571429
7,Artwork: Deep Forest x3 + Asahi Inori Figurine x4,139263,19894.714286
7,Artwork: Deep Forest x3 + Asahi Inori Figurine x3 + Ghostfire Wisp,369422,52774.571429
7,Artwork: Deep Forest x3 + Asahi Inori Figurine x3 + Lost Armor,112625,16089.285714
7,Artwork: Deep Forest x3 + Asahi Inori Figurine x3 + New Flavor Out Now!,111744,15963.428571
7,Artwork: Deep Forest x3 + Asahi Inori Figurine x3 + Nine-Bite Snack Box,349207,49886.714286
7,Artwork: Deep Forest x3 + Asahi Inori Figurine x3 + Thud-Thud Hammer,208999,29857.0
7,Artwork: Deep Forest x3 + Asahi Inori Figurine x3 + Wheelchair Model,136158,19451.142857
7,Artwork: Deep Forest x3 + Asahi Inori Figurine x2 + Ghostfire Wisp x2,599581,85654.428571
7,Artwork: Deep Forest x3 + Asahi Inori Figurine x2 + Ghostfire Wisp + Lost Armor,342784,48969.142857
7,Artwork: Deep Forest x3 + Asahi Inori Figurine x2 + Ghostfire Wisp + New Flavor Out Now!,341903,48843.285714
7,Artwork: Deep Forest x3 + Asahi Inori Figurine x2 + Ghostfire Wisp + Nine-Bite Snack Box,579366,82766.571429
7,Artwork: Deep Forest x3 + Asahi Inori Figurine x2 + Ghostfire Wisp + Thud-Thud Hammer,439158,62736.857143
7,Artwork: Deep Forest x3 + Asahi Inori Figurine x2 + Ghostfire Wisp + Wheelchair Model,366317,52331.0
7,Artwork: Deep Forest x3 + Asahi Inori Figurine x2 + Lost Armor x2,85987,12283.857143
7,Artwork: Deep Forest x3 + Asahi Inori Figurine x2 + Lost Armor + New Flavor Out Now!,85106,12158.0
7,Artwork: Deep Forest x3 + Asahi Inori Figurine x2 + Lost Armor + Nine-Bite Snack Box,322569,46081.285714
7,Artwork: Deep Forest x3 + Asahi Inori Figurine x2 + Lost Armor + Thud-Thud Hammer,182361,26051.571429
7,Artwork: Deep Forest x3 + Asahi Inori Figurine x2 + Lost Armor + Wheelchair Model,109520,15645.714286
7,Artwork: Deep Forest x3 + Asahi Inori Figurine x2 + New Flavor Out Now! x2,84225,12032.142857
7,Artwork: Deep Forest x3 + Asahi Inori Figurine x2 + New Flavor Out Now! + Nine-Bite Snack Box,321688,45955.428571
7,Artwork: Deep Forest x3 + Asahi Inori Figurine x2 + New Flavor Out Now! + Thud-Thud Hammer,181480,25925.714286
7,Artwork: Deep Forest x3 + Asahi Inori Figurine x2 + New Flavor Out Now! + Wheelchair Model,108639,15519.857143
7,Artwork: Deep Forest x3 + Asahi Inori Figurine x2 + Nine-Bite Snack Box x2,559151,79878.714286
7,Artwork: Deep Forest x3 + Asahi Inori Figurine x2 + Nine-Bite Snack Box + Thud-Thud Hammer,418943,59849.0
7,Artwork: Deep Forest x3 + Asahi Inori Figurine x2 + Nine-Bite Snack Box + Wheelchair Model,346102,49443.142857
7,Artwork: Deep Forest x3 + Asahi Inori Figurine x2 + Thud-Thud Hammer x2,278735,39819.285714
7,Artwork: Deep Forest x3 + Asahi Inori Figurine x2 + Thud-Thud Hammer + Wheelchair Model,205894,29413.428571
7,Artwork: Deep Forest x3 + Asahi Inori Figurine x2 + Wheelchair Model x2,133053,19007.571429
7,Artwork: Deep Forest x3 + Asahi Inori Figurine + Ghostfire Wisp x3,829740,118534.285714
7,Artwork: Deep Forest x3 + Asahi Inori Figurine + Ghostfire Wisp x2 + Lost Armor,572943,81849.0
7,Artwork: Deep Forest x3 + Asahi Inori Figurine + Ghostfire Wisp x2 + New Flavor Out Now!,572062,81723.142857
7,Artwork: Deep Forest x3 + Asahi Inori Figurine + Ghostfire Wisp x2 + Nine-Bite Snack Box,809525,115646.428571
7,Artwork: Deep Forest x3 + Asahi Inori Figurine + Ghostfire Wisp x2 + Thud-Thud Hammer,669317,95616.714286
7,Artwork: Deep Forest x3 + Asahi Inori Figurine + Ghostfire Wisp x2 + Wheelchair Model,596476,85210.857143
7,Artwork: Deep Forest x3 + Asahi Inori Figurine + Ghostfire Wisp + Lost Armor x2,316146,45163.714286
7,Artwork: Deep Forest x3 + Asahi Inori Figurine + Ghostfire Wisp + Lost Armor + New Flavor Out Now!,315265,45037.857143
7,Artwork: Deep Forest x3 + Asahi Inori Figurine + Ghostfire Wisp + Lost Armor + Nine-Bite Snack Box,552728,78961.142857
7,Artwork: Deep Forest x3 + Asahi Inori Figurine + Ghostfire Wisp + Lost Armor + Thud-Thud Hammer,412520,58931.428571
7,Artwork: Deep Forest x3 + Asahi Inori Figurine + Ghostfire Wisp + Lost Armor + Wheelchair Model,339679,48525.571429
7,Artwork: Deep Forest x3 + Asahi Inori Figurine + Ghostfire Wisp + New Flavor Out Now! x2,314384,44912.0
7,Artwork: Deep Forest x3 + Asahi Inori Figurine + Ghostfire Wisp + New Flavor Out Now! + Nine-Bite Snack Box,551847,78835.285714
7,Artwork: Deep Forest x3 + Asahi Inori Figurine + Ghostfire Wisp + New Flavor Out Now! + Thud-Thud Hammer,411639,58805.571429
7,Artwork: Deep Forest x3 + Asahi Inori Figurine + Ghostfire Wisp + New Flavor Out Now! + Wheelchair Model,338798,48399.714286
7,Artwork: Deep Forest x3 + Asahi Inori Figurine + Ghostfire Wisp + Nine-Bite Snack Box x2,789310,112758.571429
7,Artwork: Deep Forest x3 + Asahi Inori Figurine + Ghostfire Wisp + Nine-Bite Snack Box + Thud-Thud Hammer,649102,92728.857143
7,Artwork: Deep Forest x3 + Asahi Inori Figurine + Ghostfire Wisp + Nine-Bite Snack Box + Wheelchair Model,576261,82323.0
7,Artwork: Deep Forest x3 + Asahi Inori Figurine + Ghostfire Wisp + Thud-Thud Hammer x2,508894,72699.142857
7,Artwork: Deep Forest x3 + Asahi Inori Figurine + Ghostfire Wisp + Thud-Thud Hammer + Wheelchair Model,436053,62293.285714
7,Artwork: Deep Forest x3 + Asahi Inori Figurine + Ghostfire Wisp + Wheelchair Model x2,363212,51887.428571
7,Artwork: Deep Forest x3 + Asahi Inori Figurine + Lost Armor x3,59349,8478.428571
7,Artwork: Deep Forest x3 + Asahi Inori Figurine + Lost Armor x2 + New Flavor Out Now!,58468,8352.571429
7,Artwork: Deep Forest x3 + Asahi Inori Figurine + Lost Armor x2 + Nine-Bite Snack Box,295931,42275.857143
7,Artwork: Deep Forest x3 + Asahi Inori Figurine + Lost Armor x2 + Thud-Thud Hammer,155723,22246.142857
7,Artwork: Deep Forest x3 + Asahi Inori Figurine + Lost Armor x2 + Wheelchair Model,82882,11840.285714
7,Artwork: Deep Forest x3 + Asahi Inori Figurine + Lost Armor + New Flavor Out Now! x2,57587,8226.714286
7,Artwork: Deep Forest x3 + Asahi Inori Figurine + Lost Armor + New Flavor Out Now! + Nine-Bite Snack Box,295050,42150.0
7,Artwork: Deep Forest x3 + Asahi Inori Figurine + Lost Armor + New Flavor Out Now! + Thud-Thud Hammer,154842,22120.285714
7,Artwork: Deep Forest x3 + Asahi Inori Figurine + Lost Armor + New Flavor Out Now! + Wheelchair Model,82001,11714.428571
7,Artwork: Deep Forest x3 + Asahi Inori Figurine + Lost Armor + Nine-Bite Snack Box x2,532513,76073.285714
7,Artwork: Deep Forest x3 + Asahi Inori Figurine + Lost Armor + Nine-Bite Snack Box + Thud-Thud Hammer,392305,56043.571429
7,Artwork: Deep Forest x3 + Asahi Inori Figurine + Lost Armor + Nine-Bite Snack Box + Wheelchair Model,319464,45637.714286
7,Artwork: Deep Forest x3 + Asahi Inori Figurine + Lost Armor + Thud-Thud Hammer x2,252097,36013.857143
7,Artwork: Deep Forest x3 + Asahi Inori Figurine + Lost Armor + Thud-Thud Hammer + Wheelchair Model,179256,25608.0
7,Artwork: Deep Forest x3 + Asahi Inori Figurine + Lost Armor + Wheelchair Model x2,106415,15202.142857
7,Artwork: Deep Forest x3 + Asahi Inori Figurine + New Flavor Out Now! x3,56706,8100.857143
7,Artwork: Deep Forest x3 + Asahi Inori Figurine + New Flavor Out Now! x2 + Nine-Bite Snack Box,294169,42024.142857
7,Artwork: Deep Forest x3 + Asahi Inori Figurine + New Flavor Out Now! x2 + Thud-Thud Hammer,153961,21994.428571
7,Artwork: Deep Forest x3 + Asahi Inori Figurine + New Flavor Out Now! x2 + Wheelchair Model,81120,11588.571429
7,Artwork: Deep Forest x3 + Asahi Inori Figurine + New Flavor Out Now! + Nine-Bite Snack Box x2,531632,75947.428571
7,Artwork: Deep Forest x3 + Asahi Inori Figurine + New Flavor Out Now! + Nine-Bite Snack Box + Thud-Thud Hammer,391424,55917.714286
7,Artwork: Deep Forest x3 + Asahi Inori Figurine + New Flavor Out Now! + Nine-Bite Snack Box + Wheelchair Model,318583,45511.857143
7,Artwork: Deep Forest x3 + Asahi Inori Figurine + New Flavor Out Now! + Thud-Thud Hammer x2,251216,35888.0
7,Artwork: Deep Forest x3 + Asahi Inori Figurine + New Flavor Out Now! + Thud-Thud Hammer + Wheelchair Model,178375,25482.142857
7,Artwork: Deep Forest x3 + Asahi Inori Figurine + New Flavor Out Now! + Wheelchair Model x2,105534,15076.285714
7,Artwork: Deep Forest x3 + Asahi Inori Figurine + Nine-Bite Snack Box x3,769095,109870.714286
7,Artwork: Deep Forest x3 + Asahi Inori Figurine + Nine-Bite Snack Box x2 + Thud-Thud Hammer,628887,89841.0
7,Artwork: Deep Forest x3 + Asahi Inori Figurine + Nine-Bite Snack Box x2 + Wheelchair Model,556046,79435.142857
7,Artwork: Deep Forest x3 + Asahi Inori Figurine + Nine-Bite Snack Box + Thud-Thud Hammer x2,488679,69811.285714
7,Artwork: Deep Forest x3 + Asahi Inori Figurine + Nine-Bite Snack Box + Thud-Thud Hammer + Wheelchair Model,415838,59405.428571
7,Artwork: Deep Forest x3 + Asahi Inori Figurine + Nine-Bite Snack Box + Wheelchair Model x2,342997,48999.571429
7,Artwork: Deep Forest x3 + Asahi Inori Figurine + Thud-Thud Hammer x3,348471,49781.571429
7,Artwork: Deep Forest x3 + Asahi Inori Figurine + Thud-Thud Hammer x2 + Wheelchair Model,275630,39375.714286
7,Artwork: Deep Forest x3 + Asahi Inori Figurine + Thud-Thud Hammer + Wheelchair Model x2,202789,28969.857143
7,Artwork: Deep Forest x3 + Asahi Inori Figurine + Wheelchair Model x3,129948,18564.0
7,Artwork: Deep Forest x3 + Ghostfire Wisp x4,1059899,151414.142857
7,Artwork: Deep Forest x3 + Ghostfire Wisp x3 + Lost Armor,803102,114728.857143
7,Artwork: Deep Forest x3 + Ghostfire Wisp x3 + New Flavor Out Now!,802221,114603.0
7,Artwork: Deep Forest x3 + Ghostfire Wisp x3 + Nine-Bite Snack Box,1039684,148526.285714
7,Artwork: Deep Forest x3 + Ghostfire Wisp x3 + Thud-Thud Hammer,899476,128496.571429
7,Artwork: Deep Forest x3 + Ghostfire Wisp x3 + Wheelchair Model,826635,118090.714286
7,Artwork: Deep Forest x3 + Ghostfire Wisp x2 + Lost Armor x2,546305,78043.571429
7,Artwork: Deep Forest x3 + Ghostfire Wisp x2 + Lost Armor + New Flavor Out Now!,545424,77917.714286
7,Artwork: Deep Forest x3 + Ghostfire Wisp x2 + Lost Armor + Nine-Bite Snack Box,782887,111841.0
7,Artwork: Deep Forest x3 + Ghostfire Wisp x2 + Lost Armor + Thud-Thud Hammer,642679,91811.285714
7,Artwork: Deep Forest x3 + Ghostfire Wisp x2 + Lost Armor + Wheelchair Model,569838,81405.428571
7,Artwork: Deep Forest x3 + Ghostfire Wisp x2 + New Flavor Out Now! x2,544543,77791.857143
7,Artwork: Deep Forest x3 + Ghostfire Wisp x2 + New Flavor Out Now! + Nine-Bite Snack Box,782006,111715.142857
7,Artwork: Deep Forest x3 + Ghostfire Wisp x2 + New Flavor Out Now! + Thud-Thud Hammer,641798,91685.428571
7,Artwork: Deep Forest x3 + Ghostfire Wisp x2 + New Flavor Out Now! + Wheelchair Model,568957,81279.571429
7,Artwork: Deep Forest x3 + Ghostfire Wisp x2 + Nine-Bite Snack Box x2,1019469,145638.428571
7,Artwork: Deep Forest x3 + Ghostfire Wisp x2 + Nine-Bite Snack Box + Thud-Thud Hammer,879261,125608.714286
7,Artwork: Deep Forest x3 + Ghostfire Wisp x2 + Nine-Bite Snack Box + Wheelchair Model,806420,115202.857143
7,Artwork: Deep Forest x3 + Ghostfire Wisp x2 + Thud-Thud Hammer x2,739053,105579.0
7,Artwork: Deep Forest x3 + Ghostfire Wisp x2 + Thud-Thud Hammer + Wheelchair Model,666212,95173.142857
7,Artwork: Deep Forest x3 + Ghostfire Wisp x2 + Wheelchair Model x2,593371,84767.285714
7,Artwork: Deep Forest x3 + Ghostfire Wisp + Lost Armor x3,289508,41358.285714
7,Artwork: Deep Forest x3 + Ghostfire Wisp + Lost Armor x2 + New Flavor Out Now!,288627,41232.428571
7,Artwork: Deep Forest x3 + Ghostfire Wisp + Lost Armor x2 + Nine-Bite Snack Box,526090,75155.714286
7,Artwork: Deep Forest x3 + Ghostfire Wisp + Lost Armor x2 + Thud-Thud Hammer,385882,55126.0
7,Artwork: Deep Forest x3 + Ghostfire Wisp + Lost Armor x2 + Wheelchair Model,313041,44720.142857
7,Artwork: Deep Forest x3 + Ghostfire Wisp + Lost Armor + New Flavor Out Now! x2,287746,41106.571429
7,Artwork: Deep Forest x3 + Ghostfire Wisp + Lost Armor + New Flavor Out Now! + Nine-Bite Snack Box,525209,75029.857143
7,Artwork: Deep Forest x3 + Ghostfire Wisp + Lost Armor + New Flavor Out Now! + Thud-Thud Hammer,385001,55000.142857
7,Artwork: Deep Forest x3 + Ghostfire Wisp + Lost Armor + New Flavor Out Now! + Wheelchair Model,312160,44594.285714
7,Artwork: Deep Forest x3 + Ghostfire Wisp + Lost Armor + Nine-Bite Snack Box x2,762672,108953.142857
7,Artwork: Deep Forest x3 + Ghostfire Wisp + Lost Armor + Nine-Bite Snack Box + Thud-Thud Hammer,622464,88923.428571
7,Artwork: Deep Forest x3 + Ghostfire Wisp + Lost Armor + Nine-Bite Snack Box + Wheelchair Model,549623,78517.571429
7,Artwork: Deep Forest x3 + Ghostfire Wisp + Lost Armor + Thud-Thud Hammer x2,482256,68893.714286
7,Artwork: Deep Forest x3 + Ghostfire Wisp + Lost Armor + Thud-Thud Hammer + Wheelchair Model,409415,58487.857143
7,Artwork: Deep Forest x3 + Ghostfire Wisp + Lost Armor + Wheelchair Model x2,336574,48082.0
7,Artwork: Deep Forest x3 + Ghostfire Wisp + New Flavor Out Now! x3,286865,40980.714286
7,Artwork: Deep Forest x3 + Ghostfire Wisp + New Flavor Out Now! x2 + Nine-Bite Snack Box,524328,74904.0
7,Artwork: Deep Forest x3 + Ghostfire Wisp + New Flavor Out Now! x2 + Thud-Thud Hammer,384120,54874.285714
7,Artwork: Deep Forest x3 + Ghostfire Wisp + New Flavor Out Now! x2 + Wheelchair Model,311279,44468.428571
7,Artwork: Deep Forest x3 + Ghostfire Wisp + New Flavor Out Now! + Nine-Bite Snack Box x2,761791,108827.285714
7,Artwork: Deep Forest x3 + Ghostfire Wisp + New Flavor Out Now! + Nine-Bite Snack Box + Thud-Thud Hammer,621583,88797.571429
7,Artwork: Deep Forest x3 + Ghostfire Wisp + New Flavor Out Now! + Nine-Bite Snack Box + Wheelchair Model,548742,78391.714286
7,Artwork: Deep Forest x3 + Ghostfire Wisp + New Flavor Out Now! + Thud-Thud Hammer x2,481375,68767.857143
7,Artwork: Deep Forest x3 + Ghostfire Wisp + New Flavor Out Now! + Thud-Thud Hammer + Wheelchair Model,408534,58362.0
7,Artwork: Deep Forest x3 + Ghostfire Wisp + New Flavor Out Now! + Wheelchair Model x2,335693,47956.142857
7,Artwork: Deep Forest x3 + Ghostfire Wisp + Nine-Bite Snack Box x3,999254,142750.571429
7,Artwork: Deep Forest x3 + Ghostfire Wisp + Nine-Bite Snack Box x2 + Thud-Thud Hammer,859046,122720.857143
7,Artwork: Deep Forest x3 + Ghostfire Wisp + Nine-Bite Snack Box x2 + Wheelchair Model,786205,112315.0
7,Artwork: Deep Forest x3 + Ghostfire Wisp + Nine-Bite Snack Box + Thud-Thud Hammer x2,718838,102691.142857
7,Artwork: Deep Forest x3 + Ghostfire Wisp + Nine-Bite Snack Box + Thud-Thud Hammer + Wheelchair Model,645997,92285.285714
7,Artwork: Deep Forest x3 + Ghostfire Wisp + Nine-Bite Snack Box + Wheelchair Model x2,573156,81879.428571
7,Artwork: Deep Forest x3 + Ghostfire Wisp + Thud-Thud Hammer x3,578630,82661.428571
7,Artwork: Deep Forest x3 + Ghostfire Wisp + Thud-Thud Hammer x2 + Wheelchair Model,505789,72255.571429
7,Artwork: Deep Forest x3 + Ghostfire Wisp + Thud-Thud Hammer + Wheelchair Model x2,432948,61849.714286
7,Artwork: Deep Forest x3 + Ghostfire Wisp + Wheelchair Model x3,360107,51443.857143
7,Artwork: Deep Forest x3 + Lost Armor x4,32711,4673.0
7,Artwork: Deep Forest x3 + Lost Armor x3 + New Flavor Out Now!,31830,4547.142857
7,Artwork: Deep Forest x3 + Lost Armor x3 + Nine-Bite Snack Box,269293,38470.428571
7,Artwork: Deep Forest x3 + Lost Armor x3 + Thud-Thud Hammer,129085,18440.714286
7,Artwork: Deep Forest x3 + Lost Armor x3 + Wheelchair Model,56244,8034.857143
7,Artwork: Deep Forest x3 + Lost Armor x2 + New Flavor Out Now! x2,30949,4421.285714
7,Artwork: Deep Forest x3 + Lost Armor x2 + New Flavor Out Now! + Nine-Bite Snack Box,268412,38344.571429
7,Artwork: Deep Forest x3 + Lost Armor x2 + New Flavor Out Now! + Thud-Thud Hammer,128204,18314.857143
7,Artwork: Deep Forest x3 + Lost Armor x2 + New Flavor Out Now! + Wheelchair Model,55363,7909.0
7,Artwork: Deep Forest x3 + Lost Armor x2 + Nine-Bite Snack Box x2,505875,72267.857143
7,Artwork: Deep Forest x3 + Lost Armor x2 + Nine-Bite Snack Box + Thud-Thud Hammer,365667,52238.142857
7,Artwork: Deep Forest x3 + Lost Armor x2 + Nine-Bite Snack Box + Wheelchair Model,292826,41832.285714
7,Artwork: Deep Forest x3 + Lost Armor x2 + Thud-Thud Hammer x2,225459,32208.428571
7,Artwork: Deep Forest x3 + Lost Armor x2 + Thud-Thud Hammer + Wheelchair Model,152618,21802.571429
7,Artwork: Deep Forest x3 + Lost Armor x2 + Wheelchair Model x2,79777,11396.714286
7,Artwork: Deep Forest x3 + Lost Armor + New Flavor Out Now! x3,30068,4295.428571
7,Artwork: Deep Forest x3 + Lost Armor + New Flavor Out Now! x2 + Nine-Bite Snack Box,267531,38218.714286
7,Artwork: Deep Forest x3 + Lost Armor + New Flavor Out Now! x2 + Thud-Thud Hammer,127323,18189.0
7,Artwork: Deep Forest x3 + Lost Armor + New Flavor Out Now! x2 + Wheelchair Model,54482,7783.142857
7,Artwork: Deep Forest x3 + Lost Armor + New Flavor Out Now! + Nine-Bite Snack Box x2,504994,72142.0
7,Artwork: Deep Forest x3 + Lost Armor + New Flavor Out Now! + Nine-Bite Snack Box + Thud-Thud Hammer,364786,52112.285714
7,Artwork: Deep Forest x3 + Lost Armor + New Flavor Out Now! + Nine-Bite Snack Box + Wheelchair Model,291945,41706.428571
7,Artwork: Deep Forest x3 + Lost Armor + New Flavor Out Now! + Thud-Thud Hammer x2,224578,32082.571429
7,Artwork: Deep Forest x3 + Lost Armor + New Flavor Out Now! + Thud-Thud Hammer + Wheelchair Model,151737,21676.714286
7,Artwork: Deep Forest x3 + Lost Armor + New Flavor Out Now! + Wheelchair Model x2,78896,11270.857143
7,Artwork: Deep Forest x3 + Lost Armor + Nine-Bite Snack Box x3,742457,106065.285714
7,Artwork: Deep Forest x3 + Lost Armor + Nine-Bite Snack Box x2 + Thud-Thud Hammer,602249,86035.571429
7,Artwork: Deep Forest x3 + Lost Armor + Nine-Bite Snack Box x2 + Wheelchair Model,529408,75629.714286
7,Artwork: Deep Forest x3 + Lost Armor + Nine-Bite Snack Box + Thud-Thud Hammer x2,462041,66005.857143
7,Artwork: Deep Forest x3 + Lost Armor + Nine-Bite Snack Box + Thud-Thud Hammer + Wheelchair Model,389200,55600.0
7,Artwork: Deep Forest x3 + Lost Armor + Nine-Bite Snack Box + Wheelchair Model x2,316359,45194.142857
7,Artwork: Deep Forest x3 + Lost Armor + Thud-Thud Hammer x3,321833,45976.142857
7,Artwork: Deep Forest x3 + Lost Armor + Thud-Thud Hammer x2 + Wheelchair Model,248992,35570.285714
7,Artwork: Deep Forest x3 + Lost Armor + Thud-Thud Hammer + Wheelchair Model x2,176151,25164.428571
7,Artwork: Deep Forest x3 + Lost Armor + Wheelchair Model x3,103310,14758.571429
7,Artwork: Deep Forest x3 + New Flavor Out Now! x4,29187,4169.571429
7,Artwork: Deep Forest x3 + New Flavor Out Now! x3 + Nine-Bite Snack Box,266650,38092.857143
7,Artwork: Deep Forest x3 + New Flavor Out Now! x3 + Thud-Thud Hammer,126442,18063.142857
7,Artwork: Deep Forest x3 + New Flavor Out Now! x3 + Wheelchair Model,53601,7657.285714
7,Artwork: Deep Forest x3 + New Flavor Out Now! x2 + Nine-Bite Snack Box x2,504113,72016.142857
7,Artwork: Deep Forest x3 + New Flavor Out Now! x2 + Nine-Bite Snack Box + Thud-Thud Hammer,363905,51986.428571
7,Artwork: Deep Forest x3 + New Flavor Out Now! x2 + Nine-Bite Snack Box + Wheelchair Model,291064,41580.571429
7,Artwork: Deep Forest x3 + New Flavor Out Now! x2 + Thud-Thud Hammer x2,223697,31956.714286
7,Artwork: Deep Forest x3 + New Flavor Out Now! x2 + Thud-Thud Hammer + Wheelchair Model,150856,21550.857143
7,Artwork: Deep Forest x3 + New Flavor Out Now! x2 + Wheelchair Model x2,78015,11145.0
7,Artwork: Deep Forest x3 + New Flavor Out Now! + Nine-Bite Snack Box x3,741576,105939.428571
7,Artwork: Deep Forest x3 + New Flavor Out Now! + Nine-Bite Snack Box x2 + Thud-Thud Hammer,601368,85909.714286
7,Artwork: Deep Forest x3 + New Flavor Out Now! + Nine-Bite Snack Box x2 + Wheelchair Model,528527,75503.857143
7,Artwork: Deep Forest x3 + New Flavor Out Now! + Nine-Bite Snack Box + Thud-Thud Hammer x2,461160,65880.0
7,Artwork: Deep Forest x3 + New Flavor Out Now! + Nine-Bite Snack Box + Thud-Thud Hammer + Wheelchair Model,388319,55474.142857
7,Artwork: Deep Forest x3 + New Flavor Out Now! + Nine-Bite Snack Box + Wheelchair Model x2,315478,45068.285714
7,Artwork: Deep Forest x3 + New Flavor Out Now! + Thud-Thud Hammer x3,320952,45850.285714
7,Artwork: Deep Forest x3 + New Flavor Out Now! + Thud-Thud Hammer x2 + Wheelchair Model,248111,35444.428571
7,Artwork: Deep Forest x3 + New Flavor Out Now! + Thud-Thud Hammer + Wheelchair Model x2,175270,25038.571429
7,Artwork: Deep Forest x3 + New Flavor Out Now! + Wheelchair Model x3,102429,14632.714286
7,Artwork: Deep Forest x3 + Nine-Bite Snack Box x4,979039,139862.714286
7,Artwork: Deep Forest x3 + Nine-Bite Snack Box x3 + Thud-Thud Hammer,838831,119833.0
7,Artwork: Deep Forest x3 + Nine-Bite Snack Box x3 + Wheelchair Model,765990,109427.142857
7,Artwork: Deep Forest x3 + Nine-Bite Snack Box x2 + Thud-Thud Hammer x2,698623,99803.285714
7,Artwork: Deep Forest x3 + Nine-Bite Snack Box x2 + Thud-Thud Hammer + Wheelchair Model,625782,89397.428571
7,Artwork: Deep Forest x3 + Nine-Bite Snack Box x2 + Wheelchair Model x2,552941,78991.571429
7,Artwork: Deep Forest x3 + Nine-Bite Snack Box + Thud-Thud Hammer x3,558415,79773.571429
7,Artwork: Deep Forest x3 + Nine-Bite Snack Box + Thud-Thud Hammer x2 + Wheelchair Model,485574,69367.714286
7,Artwork: Deep Forest x3 + Nine-Bite Snack Box + Thud-Thud Hammer + Wheelchair Model x2,412733,58961.857143
7,Artwork: Deep Forest x3 + Nine-Bite Snack Box + Wheelchair Model x3,339892,48556.0
7,Artwork: Deep Forest x3 + Thud-Thud Hammer x4,418207,59743.857143
7,Artwork: Deep Forest x3 + Thud-Thud Hammer x3 + Wheelchair Model,345366,49338.0
7,Artwork: Deep Forest x3 + Thud-Thud Hammer x2 + Wheelchair Model x2,272525,38932.142857
7,Artwork: Deep Forest x3 + Thud-Thud Hammer + Wheelchair Model x3,199684,28526.285714
7,Artwork: Deep Forest x3 + Wheelchair Model x4,126843,18120.428571
7,Artwork: Deep Forest x2 + Asahi Inori Figurine x5,163458,23351.142857
7,Artwork: Deep Forest x2 + Asahi Inori Figurine x4 + Ghostfire Wisp,393617,56231.0
7,Artwork: Deep Forest x2 + Asahi Inori Figurine x4 + Lost Armor,136820,19545.714286
7,Artwork: Deep Forest x2 + Asahi Inori Figurine x4 + New Flavor Out Now!,135939,19419.857143
7,Artwork: Deep Forest x2 + Asahi Inori Figurine x4 + Nine-Bite Snack Box,373402,53343.142857
7,Artwork: Deep Forest x2 + Asahi Inori Figurine x4 + Thud-Thud Hammer,233194,33313.428571
7,Artwork: Deep Forest x2 + Asahi Inori Figurine x4 + Wheelchair Model,160353,22907.571429
7,Artwork: Deep Forest x2 + Asahi Inori Figurine x3 + Ghostfire Wisp x2,623776,89110.857143
7,Artwork: Deep Forest x2 + Asahi Inori Figurine x3 + Ghostfire Wisp + Lost Armor,366979,52425.571429
7,Artwork: Deep Forest x2 + Asahi Inori Figurine x3 + Ghostfire Wisp + New Flavor Out Now!,366098,52299.714286
7,Artwork: Deep Forest x2 + Asahi Inori Figurine x3 + Ghostfire Wisp + Nine-Bite Snack Box,603561,86223.0
7,Artwork: Deep Forest x2 + Asahi Inori Figurine x3 + Ghostfire Wisp + Thud-Thud Hammer,463353,66193.285714
7,Artwork: Deep Forest x2 + Asahi Inori Figurine x3 + Ghostfire Wisp + Wheelchair Model,390512,55787.428571
7,Artwork: Deep Forest x2 + Asahi Inori Figurine x3 + Lost Armor x2,110182,15740.285714
7,Artwork: Deep Forest x2 + Asahi Inori Figurine x3 + Lost Armor + New Flavor Out Now!,109301,15614.428571
7,Artwork: Deep Forest x2 + Asahi Inori Figurine x3 + Lost Armor + Nine-Bite Snack Box,346764,49537.714286
7,Artwork: Deep Forest x2 + Asahi Inori Figurine x3 + Lost Armor + Thud-Thud Hammer,206556,29508.0
7,Artwork: Deep Forest x2 + Asahi Inori Figurine x3 + Lost Armor + Wheelchair Model,133715,19102.142857
7,Artwork: Deep Forest x2 + Asahi Inori Figurine x3 + New Flavor Out Now! x2,108420,15488.571429
7,Artwork: Deep Forest x2 + Asahi Inori Figurine x3 + New Flavor Out Now! + Nine-Bite Snack Box,345883,49411.857143
7,Artwork: Deep Forest x2 + Asahi Inori Figurine x3 + New Flavor Out Now! + Thud-Thud Hammer,205675,29382.142857
7,Artwork: Deep Forest x2 + Asahi Inori Figurine x3 + New Flavor Out Now! + Wheelchair Model,132834,18976.285714
7,Artwork: Deep Forest x2 + Asahi Inori Figurine x3 + Nine-Bite Snack Box x2,583346,83335.142857
7,Artwork: Deep Forest x2 + Asahi Inori Figurine x3 + Nine-Bite Snack Box + Thud-Thud Hammer,443138,63305.428571
7,Artwork: Deep Forest x2 + Asahi Inori Figurine x3 + Nine-Bite Snack Box + Wheelchair Model,370297,52899.571429
7,Artwork: Deep Forest x2 + Asahi Inori Figurine x3 + Thud-Thud Hammer x2,302930,43275.714286
7,Artwork: Deep Forest x2 + Asahi Inori Figurine x3 + Thud-Thud Hammer + Wheelchair Model,230089,32869.857143
7,Artwork: Deep Forest x2 + Asahi Inori Figurine x3 + Wheelchair Model x2,157248,22464.0
7,Artwork: Deep Forest x2 + Asahi Inori Figurine x2 + Ghostfire Wisp x3,853935,121990.714286
7,Artwork: Deep Forest x2 + Asahi Inori Figurine x2 + Ghostfire Wisp x2 + Lost Armor,597138,85305.428571
7,Artwork: Deep Forest x2 + Asahi Inori Figurine x2 + Ghostfire Wisp x2 + New Flavor Out Now!,596257,85179.571429
7,Artwork: Deep Forest x2 + Asahi Inori Figurine x2 + Ghostfire Wisp x2 + Nine-Bite Snack Box,833720,119102.857143
7,Artwork: Deep Forest x2 + Asahi Inori Figurine x2 + Ghostfire Wisp x2 + Thud-Thud Hammer,693512,99073.142857
7,Artwork: Deep Forest x2 + Asahi Inori Figurine x2 + Ghostfire Wisp x2 + Wheelchair Model,620671,88667.285714
7,Artwork: Deep Forest x2 + Asahi Inori Figurine x2 + Ghostfire Wisp + Lost Armor x2,340341,48620.142857
7,Artwork: Deep Forest x2 + Asahi Inori Figurine x2 + Ghostfire Wisp + Lost Armor + New Flavor Out Now!,339460,48494.285714
7,Artwork: Deep Forest x2 + Asahi Inori Figurine x2 + Ghostfire Wisp + Lost Armor + Nine-Bite Snack Box,576923,82417.571429
7,Artwork: Deep Forest x2 + Asahi Inori Figurine x2 + Ghostfire Wisp + Lost Armor + Thud-Thud Hammer,436715,62387.857143
7,Artwork: Deep Forest x2 + Asahi Inori Figurine x2 + Ghostfire Wisp + Lost Armor + Wheelchair Model,363874,51982.0
7,Artwork: Deep Forest x2 + Asahi Inori Figurine x2 + Ghostfire Wisp + New Flavor Out Now! x2,338579,48368.428571
7,Artwork: Deep Forest x2 + Asahi Inori Figurine x2 + Ghostfire Wisp + New Flavor Out Now! + Nine-Bite Snack Box,576042,82291.714286
7,Artwork: Deep Forest x2 + Asahi Inori Figurine x2 + Ghostfire Wisp + New Flavor Out Now! + Thud-Thud Hammer,435834,62262.0
7,Artwork: Deep Forest x2 + Asahi Inori Figurine x2 + Ghostfire Wisp + New Flavor Out Now! + Wheelchair Model,362993,51856.142857
7,Artwork: Deep Forest x2 + Asahi Inori Figurine x2 + Ghostfire Wisp + Nine-Bite Snack Box x2,813505,116215.0
7,Artwork: Deep Forest x2 + Asahi Inori Figurine x2 + Ghostfire Wisp + Nine-Bite Snack Box + Thud-Thud Hammer,673297,96185.285714
7,Artwork: Deep Forest x2 + Asahi Inori Figurine x2 + Ghostfire Wisp + Nine-Bite Snack Box + Wheelchair Model,600456,85779.428571
7,Artwork: Deep Forest x2 + Asahi Inori Figurine x2 + Ghostfire Wisp + Thud-Thud Hammer x2,533089,76155.571429
7,Artwork: Deep Forest x2 + Asahi Inori Figurine x2 + Ghostfire Wisp + Thud-Thud Hammer + Wheelchair Model,460248,65749.714286
7,Artwork: Deep Forest x2 + Asahi Inori Figurine x2 + Ghostfire Wisp + Wheelchair Model x2,387407,55343.857143
7,Artwork: Deep Forest x2 + Asahi Inori Figurine x2 + Lost Armor x3,83544,11934.857143
7,Artwork: Deep Forest x2 + Asahi Inori Figurine x2 + Lost Armor x2 + New Flavor Out Now!,82663,11809.0
7,Artwork: Deep Forest x2 + Asahi Inori Figurine x2 + Lost Armor x2 + Nine-Bite Snack Box,320126,45732.285714
7,Artwork: Deep Forest x2 + Asahi Inori Figurine x2 + Lost Armor x2 + Thud-Thud Hammer,179918,25702.571429
7,Artwork: Deep Forest x2 + Asahi Inori Figurine x2 + Lost Armor x2 + Wheelchair Model,107077,15296.714286
7,Artwork: Deep Forest x2 + Asahi Inori Figurine x2 + Lost Armor + New Flavor Out Now! x2,81782,11683.142857
7,Artwork: Deep Forest x2 + Asahi Inori Figurine x2 + Lost Armor + New Flavor Out Now! + Nine-Bite Snack Box,319245,45606.428571
7,Artwork: Deep Forest x2 + Asahi Inori Figurine x2 + Lost Armor + New Flavor Out Now! + Thud-Thud Hammer,179037,25576.714286
7,Artwork: Deep Forest x2 + Asahi Inori Figurine x2 + Lost Armor + New Flavor Out Now! + Wheelchair Model,106196,15170.857143
7,Artwork: Deep Forest x2 + Asahi Inori Figurine x2 + Lost Armor + Nine-Bite Snack Box x2,556708,79529.714286
7,Artwork: Deep Forest x2 + Asahi Inori Figurine x2 + Lost Armor + Nine-Bite Snack Box + Thud-Thud Hammer,416500,59500.0
7,Artwork: Deep Forest x2 + Asahi Inori Figurine x2 + Lost Armor + Nine-Bite Snack Box + Wheelchair Model,343659,49094.142857
7,Artwork: Deep Forest x2 + Asahi Inori Figurine x2 + Lost Armor + Thud-Thud Hammer x2,276292,39470.285714
7,Artwork: Deep Forest x2 + Asahi Inori Figurine x2 + Lost Armor + Thud-Thud Hammer + Wheelchair Model,203451,29064.428571
7,Artwork: Deep Forest x2 + Asahi Inori Figurine x2 + Lost Armor + Wheelchair Model x2,130610,18658.571429
7,Artwork: Deep Forest x2 + Asahi Inori Figurine x2 + New Flavor Out Now! x3,80901,11557.285714
7,Artwork: Deep Forest x2 + Asahi Inori Figurine x2 + New Flavor Out Now! x2 + Nine-Bite Snack Box,318364,45480.571429
7,Artwork: Deep Forest x2 + Asahi Inori Figurine x2 + New Flavor Out Now! x2 + Thud-Thud Hammer,178156,25450.857143
7,Artwork: Deep Forest x2 + Asahi Inori Figurine x2 + New Flavor Out Now! x2 + Wheelchair Model,105315,15045.0
7,Artwork: Deep Forest x2 + Asahi Inori Figurine x2 + New Flavor Out Now! + Nine-Bite Snack Box x2,555827,79403.857143
7,Artwork: Deep Forest x2 + Asahi Inori Figurine x2 + New Flavor Out Now! + Nine-Bite Snack Box + Thud-Thud Hammer,415619,59374.142857
7,Artwork: Deep Forest x2 + Asahi Inori Figurine x2 + New Flavor Out Now! + Nine-Bite Snack Box + Wheelchair Model,342778,48968.285714
7,Artwork: Deep Forest x2 + Asahi Inori Figurine x2 + New Flavor Out Now! + Thud-Thud Hammer x2,275411,39344.428571
7,Artwork: Deep Forest x2 + Asahi Inori Figurine x2 + New Flavor Out Now! + Thud-Thud Hammer + Wheelchair Model,202570,28938.571429
7,Artwork: Deep Forest x2 + Asahi Inori Figurine x2 + New Flavor Out Now! + Wheelchair Model x2,129729,18532.714286
7,Artwork: Deep Forest x2 + Asahi Inori Figurine x2 + Nine-Bite Snack Box x3,793290,113327.142857
7,Artwork: Deep Forest x2 + Asahi Inori Figurine x2 + Nine-Bite Snack Box x2 + Thud-Thud Hammer,653082,93297.428571
7,Artwork: Deep Forest x2 + Asahi Inori Figurine x2 + Nine-Bite Snack Box x2 + Wheelchair Model,580241,82891.571429
7,Artwork: Deep Forest x2 + Asahi Inori Figurine x2 + Nine-Bite Snack Box + Thud-Thud Hammer x2,512874,73267.714286
7,Artwork: Deep Forest x2 + Asahi Inori Figurine x2 + Nine-Bite Snack Box + Thud-Thud Hammer + Wheelchair Model,440033,62861.857143
7,Artwork: Deep Forest x2 + Asahi Inori Figurine x2 + Nine-Bite Snack Box + Wheelchair Model x2,367192,52456.0
7,Artwork: Deep Forest x2 + Asahi Inori Figurine x2 + Thud-Thud Hammer x3,372666,53238.0
7,Artwork: Deep Forest x2 + Asahi Inori Figurine x2 + Thud-Thud Hammer x2 + Wheelchair Model,299825,42832.142857
7,Artwork: Deep Forest x2 + Asahi Inori Figurine x2 + Thud-Thud Hammer + Wheelchair Model x2,226984,32426.285714
7,Artwork: Deep Forest x2 + Asahi Inori Figurine x2 + Wheelchair Model x3,154143,22020.428571
7,Artwork: Deep Forest x2 + Asahi Inori Figurine + Ghostfire Wisp x4,1084094,154870.571429
7,Artwork: Deep Forest x2 + Asahi Inori Figurine + Ghostfire Wisp x3 + Lost Armor,827297,118185.285714
7,Artwork: Deep Forest x2 + Asahi Inori Figurine + Ghostfire Wisp x3 + New Flavor Out Now!,826416,118059.428571
7,Artwork: Deep Forest x2 + Asahi Inori Figurine + Ghostfire Wisp x3 + Nine-Bite Snack Box,1063879,151982.714286
7,Artwork: Deep Forest x2 + Asahi Inori Figurine + Ghostfire Wisp x3 + Thud-Thud Hammer,923671,131953.0
7,Artwork: Deep Forest x2 + Asahi Inori Figurine + Ghostfire Wisp x3 + Wheelchair Model,850830,121547.142857
7,Artwork: Deep Forest x2 + Asahi Inori Figurine + Ghostfire Wisp x2 + Lost Armor x2,570500,81500.0
7,Artwork: Deep Forest x2 + Asahi Inori Figurine + Ghostfire Wisp x2 + Lost Armor + New Flavor Out Now!,569619,81374.142857
7,Artwork: Deep Forest x2 + Asahi Inori Figurine + Ghostfire Wisp x2 + Lost Armor + Nine-Bite Snack Box,807082,115297.428571
7,Artwork: Deep Forest x2 + Asahi Inori Figurine + Ghostfire Wisp x2 + Lost Armor + Thud-Thud Hammer,666874,95267.714286
7,Artwork: Deep Forest x2 + Asahi Inori Figurine + Ghostfire Wisp x2 + Lost Armor + Wheelchair Model,594033,84861.857143
7,Artwork: Deep Forest x2 + Asahi Inori Figurine + Ghostfire Wisp x2 + New Flavor Out Now! x2,568738,81248.285714
7,Artwork: Deep Forest x2 + Asahi Inori Figurine + Ghostfire Wisp x2 + New Flavor Out Now! + Nine-Bite Snack Box,806201,115171.571429
7,Artwork: Deep Forest x2 + Asahi Inori Figurine + Ghostfire Wisp x2 + New Flavor Out Now! + Thud-Thud Hammer,665993,95141.857143
7,Artwork: Deep Forest x2 + Asahi Inori Figurine + Ghostfire Wisp x2 + New Flavor Out Now! + Wheelchair Model,593152,84736.0
7,Artwork: Deep Forest x2 + Asahi Inori Figurine + Ghostfire Wisp x2 + Nine-Bite Snack Box x2,1043664,149094.857143
7,Artwork: Deep Forest x2 + Asahi Inori Figurine + Ghostfire Wisp x2 + Nine-Bite Snack Box + Thud-Thud Hammer,903456,129065.142857
7,Artwork: Deep Forest x2 + Asahi Inori Figurine + Ghostfire Wisp x2 + Nine-Bite Snack Box + Wheelchair Model,830615,118659.285714
7,Artwork: Deep Forest x2 + Asahi Inori Figurine + Ghostfire Wisp x2 + Thud-Thud Hammer x2,763248,109035.428571
7,Artwork: Deep Forest x2 + Asahi Inori Figurine + Ghostfire Wisp x2 + Thud-Thud Hammer + Wheelchair Model,690407,98629.571429
7,Artwork: Deep Forest x2 + Asahi Inori Figurine + Ghostfire Wisp x2 + Wheelchair Model x2,617566,88223.714286
7,Artwork: Deep Forest x2 + Asahi Inori Figurine + Ghostfire Wisp + Lost Armor x3,313703,44814.714286
7,Artwork: Deep Forest x2 + Asahi Inori Figurine + Ghostfire Wisp + Lost Armor x2 + New Flavor Out Now!,312822,44688.857143
7,Artwork: Deep Forest x2 + Asahi Inori Figurine + Ghostfire Wisp + Lost Armor x2 + Nine-Bite Snack Box,550285,78612.142857
7,Artwork: Deep Forest x2 + Asahi Inori Figurine + Ghostfire Wisp + Lost Armor x2 + Thud-Thud Hammer,410077,58582.428571
7,Artwork: Deep Forest x2 + Asahi Inori Figurine + Ghostfire Wisp + Lost Armor x2 + Wheelchair Model,337236,48176.571429
7,Artwork: Deep Forest x2 + Asahi Inori Figurine + Ghostfire Wisp + Lost Armor + New Flavor Out Now! x2,311941,44563.0
7,Artwork: Deep Forest x2 + Asahi Inori Figurine + Ghostfire Wisp + Lost Armor + New Flavor Out Now! + Nine-Bite Snack Box,549404,78486.285714
7,Artwork: Deep Forest x2 + Asahi Inori Figurine + Ghostfire Wisp + Lost Armor + New Flavor Out Now! + Thud-Thud Hammer,409196,58456.571429
7,Artwork: Deep Forest x2 + Asahi Inori Figurine + Ghostfire Wisp + Lost Armor + New Flavor Out Now! + Wheelchair Model,336355,48050.714286
7,Artwork: Deep Forest x2 + Asahi Inori Figurine + Ghostfire Wisp + Lost Armor + Nine-Bite Snack Box x2,786867,112409.571429
7,Artwork: Deep Forest x2 + Asahi Inori Figurine + Ghostfire Wisp + Lost Armor + Nine-Bite Snack Box + Thud-Thud Hammer,646659,92379.857143
7,Artwork: Deep Forest x2 + Asahi Inori Figurine + Ghostfire Wisp + Lost Armor + Nine-Bite Snack Box + Wheelchair Model,573818,81974.0
7,Artwork: Deep Forest x2 + Asahi Inori Figurine + Ghostfire Wisp + Lost Armor + Thud-Thud Hammer x2,506451,72350.142857
7,Artwork: Deep Forest x2 + Asahi Inori Figurine + Ghostfire Wisp + Lost Armor + Thud-Thud Hammer + Wheelchair Model,433610,61944.285714
7,Artwork: Deep Forest x2 + Asahi Inori Figurine + Ghostfire Wisp + Lost Armor + Wheelchair Model x2,360769,51538.428571
7,Artwork: Deep Forest x2 + Asahi Inori Figurine + Ghostfire Wisp + New Flavor Out Now! x3,311060,44437.142857
7,Artwork: Deep Forest x2 + Asahi Inori Figurine + Ghostfire Wisp + New Flavor Out Now! x2 + Nine-Bite Snack Box,548523,78360.428571
7,Artwork: Deep Forest x2 + Asahi Inori Figurine + Ghostfire Wisp + New Flavor Out Now! x2 + Thud-Thud Hammer,408315,58330.714286
7,Artwork: Deep Forest x2 + Asahi Inori Figurine + Ghostfire Wisp + New Flavor Out Now! x2 + Wheelchair Model,335474,47924.857143
7,Artwork: Deep Forest x2 + Asahi Inori Figurine + Ghostfire Wisp + New Flavor Out Now! + Nine-Bite Snack Box x2,785986,112283.714286
7,Artwork: Deep Forest x2 + Asahi Inori Figurine + Ghostfire Wisp + New Flavor Out Now! + Nine-Bite Snack Box + Thud-Thud Hammer,645778,92254.0
7,Artwork: Deep Forest x2 + Asahi Inori Figurine + Ghostfire Wisp + New Flavor Out Now! + Nine-Bite Snack Box + Wheelchair Model,572937,81848.142857
7,Artwork: Deep Forest x2 + Asahi Inori Figurine + Ghostfire Wisp + New Flavor Out Now! + Thud-Thud Hammer x2,505570,72224.285714
7,Artwork: Deep Forest x2 + Asahi Inori Figurine + Ghostfire Wisp + New Flavor Out Now! + Thud-Thud Hammer + Wheelchair Model,432729,61818.428571
7,Artwork: Deep Forest x2 + Asahi Inori Figurine + Ghostfire Wisp + New Flavor Out Now! + Wheelchair Model x2,359888,51412.571429
7,Artwork: Deep Forest x2 + Asahi Inori Figurine + Ghostfire Wisp + Nine-Bite Snack Box x3,1023449,146207.0
7,Artwork: Deep Forest x2 + Asahi Inori Figurine + Ghostfire Wisp + Nine-Bite Snack Box x2 + Thud-Thud Hammer,883241,126177.285714
7,Artwork: Deep Forest x2 + Asahi Inori Figurine + Ghostfire Wisp + Nine-Bite Snack Box x2 + Wheelchair Model,810400,115771.428571
7,Artwork: Deep Forest x2 + Asahi Inori Figurine + Ghostfire Wisp + Nine-Bite Snack Box + Thud-Thud Hammer x2,743033,106147.571429
7,Artwork: Deep Forest x2 + Asahi Inori Figurine + Ghostfire Wisp + Nine-Bite Snack Box + Thud-Thud Hammer + Wheelchair Model,670192,95741.714286
7,Artwork: Deep Forest x2 + Asahi Inori Figurine + Ghostfire Wisp + Nine-Bite Snack Box + Wheelchair Model x2,597351,85335.857143
7,Artwork: Deep Forest x2 + Asahi Inori Figurine + Ghostfire Wisp + Thud-Thud Hammer x3,602825,86117.857143
7,Artwork: Deep Forest x2 + Asahi Inori Figurine + Ghostfire Wisp + Thud-Thud Hammer x2 + Wheelchair Model,529984,75712.0
7,Artwork: Deep Forest x2 + Asahi Inori Figurine + Ghostfire Wisp + Thud-Thud Hammer + Wheelchair Model x2,457143,65306.142857
7,Artwork: Deep Forest x2 + Asahi Inori Figurine + Ghostfire Wisp + Wheelchair Model x3,384302,54900.285714
7,Artwork: Deep Forest x2 + Asahi Inori Figurine + Lost Armor x4,56906,8129.428571
7,Artwork: Deep Forest x2 + Asahi Inori Figurine + Lost Armor x3 + New Flavor Out Now!,56025,8003.571429
7,Artwork: Deep Forest x2 + Asahi Inori Figurine + Lost Armor x3 + Nine-Bite Snack Box,293488,41926.857143
7,Artwork: Deep Forest x2 + Asahi Inori Figurine + Lost Armor x3 + Thud-Thud Hammer,153280,21897.142857
7,Artwork: Deep Forest x2 + Asahi Inori Figurine + Lost Armor x3 + Wheelchair Model,80439,11491.285714
7,Artwork: Deep Forest x2 + Asahi Inori Figurine + Lost Armor x2 + New Flavor Out Now! x2,55144,7877.714286
7,Artwork: Deep Forest x2 + Asahi Inori Figurine + Lost Armor x2 + New Flavor Out Now! + Nine-Bite Snack Box,292607,41801.0
7,Artwork: Deep Forest x2 + Asahi Inori Figurine + Lost Armor x2 + New Flavor Out Now! + Thud-Thud Hammer,152399,21771.285714
7,Artwork: Deep Forest x2 + Asahi Inori Figurine + Lost Armor x2 + New Flavor Out Now! + Wheelchair Model,79558,11365.428571
7,Artwork: Deep Forest x2 + Asahi Inori Figurine + Lost Armor x2 + Nine-Bite Snack Box x2,530070,75724.285714
7,Artwork: Deep Forest x2 + Asahi Inori Figurine + Lost Armor x2 + Nine-Bite Snack Box + Thud-Thud Hammer,389862,55694.571429
7,Artwork: Deep Forest x2 + Asahi Inori Figurine + Lost Armor x2 + Nine-Bite Snack Box + Wheelchair Model,317021,45288.714286
7,Artwork: Deep Forest x2 + Asahi Inori Figurine + Lost Armor x2 + Thud-Thud Hammer x2,249654,35664.857143
7,Artwork: Deep Forest x2 + Asahi Inori Figurine + Lost Armor x2 + Thud-Thud Hammer + Wheelchair Model,176813,25259.0
7,Artwork: Deep Forest x2 + Asahi Inori Figurine + Lost Armor x2 + Wheelchair Model x2,103972,14853.142857
7,Artwork: Deep Forest x2 + Asahi Inori Figurine + Lost Armor + New Flavor Out Now! x3,54263,7751.857143
7,Artwork: Deep Forest x2 + Asahi Inori Figurine + Lost Armor + New Flavor Out Now! x2 + Nine-Bite Snack Box,291726,41675.142857
7,Artwork: Deep Forest x2 + Asahi Inori Figurine + Lost Armor + New Flavor Out Now! x2 + Thud-Thud Hammer,151518,21645.428571
7,Artwork: Deep Forest x2 + Asahi Inori Figurine + Lost Armor + New Flavor Out Now! x2 + Wheelchair Model,78677,11239.571429
7,Artwork: Deep Forest x2 + Asahi Inori Figurine + Lost Armor + New Flavor Out Now! + Nine-Bite Snack Box x2,529189,75598.428571
7,Artwork: Deep Forest x2 + Asahi Inori Figurine + Lost Armor + New Flavor Out Now! + Nine-Bite Snack Box + Thud-Thud Hammer,388981,55568.714286
7,Artwork: Deep Forest x2 + Asahi Inori Figurine + Lost Armor + New Flavor Out Now! + Nine-Bite Snack Box + Wheelchair Model,316140,45162.857143
7,Artwork: Deep Forest x2 + Asahi Inori Figurine + Lost Armor + New Flavor Out Now! + Thud-Thud Hammer x2,248773,35539.0
7,Artwork: Deep Forest x2 + Asahi Inori Figurine + Lost Armor + New Flavor Out Now! + Thud-Thud Hammer + Wheelchair Model,175932,25133.142857
7,Artwork: Deep Forest x2 + Asahi Inori Figurine + Lost Armor + New Flavor Out Now! + Wheelchair Model x2,103091,14727.285714
7,Artwork: Deep Forest x2 + Asahi Inori Figurine + Lost Armor + Nine-Bite Snack Box x3,766652,109521.714286
7,Artwork: Deep Forest x2 + Asahi Inori Figurine + Lost Armor + Nine-Bite Snack Box x2 + Thud-Thud Hammer,626444,89492.0
7,Artwork: Deep Forest x2 + Asahi Inori Figurine + Lost Armor + Nine-Bite Snack Box x2 + Wheelchair Model,553603,79086.142857
7,Artwork: Deep Forest x2 + Asahi Inori Figurine + Lost Armor + Nine-Bite Snack Box + Thud-Thud Hammer x2,486236,69462.285714
7,Artwork: Deep Forest x2 + Asahi Inori Figurine + Lost Armor + Nine-Bite Snack Box + Thud-Thud Hammer + Wheelchair Model,413395,59056.428571
7,Artwork: Deep Forest x2 + Asahi Inori Figurine + Lost Armor + Nine-Bite Snack Box + Wheelchair Model x2,340554,48650.571429
7,Artwork: Deep Forest x2 + Asahi Inori Figurine + Lost Armor + Thud-Thud Hammer x3,346028,49432.571429
7,Artwork: Deep Forest x2 + Asahi Inori Figurine + Lost Armor + Thud-Thud Hammer x2 + Wheelchair Model,273187,39026.714286
7,Artwork: Deep Forest x2 + Asahi Inori Figurine + Lost Armor + Thud-Thud Hammer + Wheelchair Model x2,200346,28620.857143
7,Artwork: Deep Forest x2 + Asahi Inori Figurine + Lost Armor + Wheelchair Model x3,127505,18215.0
7,Artwork: Deep Forest x2 + Asahi Inori Figurine + New Flavor Out Now! x4,53382,7626.0
7,Artwork: Deep Forest x2 + Asahi Inori Figurine + New Flavor Out Now! x3 + Nine-Bite Snack Box,290845,41549.285714
7,Artwork: Deep Forest x2 + Asahi Inori Figurine + New Flavor Out Now! x3 + Thud-Thud Hammer,150637,21519.571429
7,Artwork: Deep Forest x2 + Asahi Inori Figurine + New Flavor Out Now! x3 + Wheelchair Model,77796,11113.714286
7,Artwork: Deep Forest x2 + Asahi Inori Figurine + New Flavor Out Now! x2 + Nine-Bite Snack Box x2,528308,75472.571429
7,Artwork: Deep Forest x2 + Asahi Inori Figurine + New Flavor Out Now! x2 + Nine-Bite Snack Box + Thud-Thud Hammer,388100,55442.857143
7,Artwork: Deep Forest x2 + Asahi Inori Figurine + New Flavor Out Now! x2 + Nine-Bite Snack Box + Wheelchair Model,315259,45037.0
7,Artwork: Deep Forest x2 + Asahi Inori Figurine + New Flavor Out Now! x2 + Thud-Thud Hammer x2,247892,35413.142857
7,Artwork: Deep Forest x2 + Asahi Inori Figurine + New Flavor Out Now! x2 + Thud-Thud Hammer + Wheelchair Model,175051,25007.285714
7,Artwork: Deep Forest x2 + Asahi Inori Figurine + New Flavor Out Now! x2 + Wheelchair Model x2,102210,14601.428571
7,Artwork: Deep Forest x2 + Asahi Inori Figurine + New Flavor Out Now! + Nine-Bite Snack Box x3,765771,109395.857143
7,Artwork: Deep Forest x2 + Asahi Inori Figurine + New Flavor Out Now! + Nine-Bite Snack Box x2 + Thud-Thud Hammer,625563,89366.142857
7,Artwork: Deep Forest x2 + Asahi Inori Figurine + New Flavor Out Now! + Nine-Bite Snack Box x2 + Wheelchair Model,552722,78960.285714
7,Artwork: Deep Forest x2 + Asahi Inori Figurine + New Flavor Out Now! + Nine-Bite Snack Box + Thud-Thud Hammer x2,485355,69336.428571
7,Artwork: Deep Forest x2 + Asahi Inori Figurine + New Flavor Out Now! + Nine-Bite Snack Box + Thud-Thud Hammer + Wheelchair Model,412514,58930.571429
7,Artwork: Deep Forest x2 + Asahi Inori Figurine + New Flavor Out Now! + Nine-Bite Snack Box + Wheelchair Model x2,339673,48524.714286
7,Artwork: Deep Forest x2 + Asahi Inori Figurine + New Flavor Out Now! + Thud-Thud Hammer x3,345147,49306.714286
7,Artwork: Deep Forest x2 + Asahi Inori Figurine + New Flavor Out Now! + Thud-Thud Hammer x2 + Wheelchair Model,272306,38900.857143
7,Artwork: Deep Forest x2 + Asahi Inori Figurine + New Flavor Out Now! + Thud-Thud Hammer + Wheelchair Model x2,199465,28495.0
7,Artwork: Deep Forest x2 + Asahi Inori Figurine + New Flavor Out Now! + Wheelchair Model x3,126624,18089.142857
7,Artwork: Deep Forest x2 + Asahi Inori Figurine + Nine-Bite Snack Box x4,1003234,143319.142857
7,Artwork: Deep Forest x2 + Asahi Inori Figurine + Nine-Bite Snack Box x3 + Thud-Thud Hammer,863026,123289.428571
7,Artwork: Deep Forest x2 + Asahi Inori Figurine + Nine-Bite Snack Box x3 + Wheelchair Model,790185,112883.571429
7,Artwork: Deep Forest x2 + Asahi Inori Figurine + Nine-Bite Snack Box x2 + Thud-Thud Hammer x2,722818,103259.714286
7,Artwork: Deep Forest x2 + Asahi Inori Figurine + Nine-Bite Snack Box x2 + Thud-Thud Hammer + Wheelchair Model,649977,92853.857143
7,Artwork: Deep Forest x2 + Asahi Inori Figurine + Nine-Bite Snack Box x2 + Wheelchair Model x2,577136,82448.0
7,Artwork: Deep Forest x2 + Asahi Inori Figurine + Nine-Bite Snack Box + Thud-Thud Hammer x3,582610,83230.0
7,Artwork: Deep Forest x2 + Asahi Inori Figurine + Nine-Bite Snack Box + Thud-Thud Hammer x2 + Wheelchair Model,509769,72824.142857
7,Artwork: Deep Forest x2 + Asahi Inori Figurine + Nine-Bite Snack Box + Thud-Thud Hammer + Wheelchair Model x2,436928,62418.285714
7,Artwork: Deep Forest x2 + Asahi Inori Figurine + Nine-Bite Snack Box + Wheelchair Model x3,364087,52012.428571
7,Artwork: Deep Forest x2 + Asahi Inori Figurine + Thud-Thud Hammer x4,442402,63200.285714
7,Artwork: Deep Forest x2 + Asahi Inori Figurine + Thud-Thud Hammer x3 + Wheelchair Model,369561,52794.428571
7,Artwork: Deep Forest x2 + Asahi Inori Figurine + Thud-Thud Hammer x2 + Wheelchair Model x2,296720,42388.571429
7,Artwork: Deep Forest x2 + Asahi Inori Figurine + Thud-Thud Hammer + Wheelchair Model x3,223879,31982.714286
7,Artwork: Deep Forest x2 + Asahi Inori Figurine + Wheelchair Model x4,151038,21576.857143
7,Artwork: Deep Forest x2 + Ghostfire Wisp x5,1314253,187750.428571
7,Artwork: Deep Forest x2 + Ghostfire Wisp x4 + Lost Armor,1057456,151065.142857
7,Artwork: Deep Forest x2 + Ghostfire Wisp x4 + New Flavor Out Now!,1056575,150939.285714
7,Artwork: Deep Forest x2 + Ghostfire Wisp x4 + Nine-Bite Snack Box,1294038,184862.571429
7,Artwork: Deep Forest x2 + Ghostfire Wisp x4 + Thud-Thud Hammer,1153830,164832.857143
7,Artwork: Deep Forest x2 + Ghostfire Wisp x4 + Wheelchair Model,1080989,154427.0
7,Artwork: Deep Forest x2 + Ghostfire Wisp x3 + Lost Armor x2,800659,114379.857143
7,Artwork: Deep Forest x2 + Ghostfire Wisp x3 + Lost Armor + New Flavor Out Now!,799778,114254.0
7,Artwork: Deep Forest x2 + Ghostfire Wisp x3 + Lost Armor + Nine-Bite Snack Box,1037241,148177.285714
7,Artwork: Deep Forest x2 + Ghostfire Wisp x3 + Lost Armor + Thud-Thud Hammer,897033,128147.571429
7,Artwork: Deep Forest x2 + Ghostfire Wisp x3 + Lost Armor + Wheelchair Model,824192,117741.714286
7,Artwork: Deep Forest x2 + Ghostfire Wisp x3 + New Flavor Out Now! x2,798897,114128.142857
7,Artwork: Deep Forest x2 + Ghostfire Wisp x3 + New Flavor Out Now! + Nine-Bite Snack Box,1036360,148051.428571
7,Artwork: Deep Forest x2 + Ghostfire Wisp x3 + New Flavor Out Now! + Thud-Thud Hammer,896152,128021.714286
7,Artwork: Deep Forest x2 + Ghostfire Wisp x3 + New Flavor Out Now! + Wheelchair Model,823311,117615.857143
7,Artwork: Deep Forest x2 + Ghostfire Wisp x3 + Nine-Bite Snack Box x2,1273823,181974.714286
7,Artwork: Deep Forest x2 + Ghostfire Wisp x3 + Nine-Bite Snack Box + Thud-Thud Hammer,1133615,161945.0
7,Artwork: Deep Forest x2 + Ghostfire Wisp x3 + Nine-Bite Snack Box + Wheelchair Model,1060774,151539.142857
7,Artwork: Deep Forest x2 + Ghostfire Wisp x3 + Thud-Thud Hammer x2,993407,141915.285714
7,Artwork: Deep Forest x2 + Ghostfire Wisp x3 + Thud-Thud Hammer + Wheelchair Model,920566,131509.428571
7,Artwork: Deep Forest x2 + Ghostfire Wisp x3 + Wheelchair Model x2,847725,121103.571429
7,Artwork: Deep Forest x2 + Ghostfire Wisp x2 + Lost Armor x3,543862,77694.571429
7,Artwork: Deep Forest x2 + Ghostfire Wisp x2 + Lost Armor x2 + New Flavor Out Now!,542981,77568.714286
7,Artwork: Deep Forest x2 + Ghostfire Wisp x2 + Lost Armor x2 + Nine-Bite Snack Box,780444,111492.0
7,Artwork: Deep Forest x2 + Ghostfire Wisp x2 + Lost Armor x2 + Thud-Thud Hammer,640236,91462.285714
7,Artwork: Deep Forest x2 + Ghostfire Wisp x2 + Lost Armor x2 + Wheelchair Model,567395,81056.428571
7,Artwork: Deep Forest x2 + Ghostfire Wisp x2 + Lost Armor + New Flavor Out Now! x2,542100,77442.857143
7,Artwork: Deep Forest x2 + Ghostfire Wisp x2 + Lost Armor + New Flavor Out Now! + Nine-Bite Snack Box,779563,111366.142857
7,Artwork: Deep Forest x2 + Ghostfire Wisp x2 + Lost Armor + New Flavor Out Now! + Thud-Thud Hammer,639355,91336.428571
7,Artwork: Deep Forest x2 + Ghostfire Wisp x2 + Lost Armor + New Flavor Out Now! + Wheelchair Model,566514,80930.571429
7,Artwork: Deep Forest x2 + Ghostfire Wisp x2 + Lost Armor + Nine-Bite Snack Box x2,1017026,145289.428571
7,Artwork: Deep Forest x2 + Ghostfire Wisp x2 + Lost Armor + Nine-Bite Snack Box + Thud-Thud Hammer,876818,125259.714286
7,Artwork: Deep Forest x2 + Ghostfire Wisp x2 + Lost Armor + Nine-Bite Snack Box + Wheelchair Model,803977,114853.857143
7,Artwork: Deep Forest x2 + Ghostfire Wisp x2 + Lost Armor + Thud-Thud Hammer x2,736610,105230.0
7,Artwork: Deep Forest x2 + Ghostfire Wisp x2 + Lost Armor + Thud-Thud Hammer + Wheelchair Model,663769,94824.142857
7,Artwork: Deep Forest x2 + Ghostfire Wisp x2 + Lost Armor + Wheelchair Model x2,590928,84418.285714
7,Artwork: Deep Forest x2 + Ghostfire Wisp x2 + New Flavor Out Now! x3,541219,77317.0
7,Artwork: Deep Forest x2 + Ghostfire Wisp x2 + New Flavor Out Now! x2 + Nine-Bite Snack Box,778682,111240.285714
7,Artwork: Deep Forest x2 + Ghostfire Wisp x2 + New Flavor Out Now! x2 + Thud-Thud Hammer,638474,91210.571429
7,Artwork: Deep Forest x2 + Ghostfire Wisp x2 + New Flavor Out Now! x2 + Wheelchair Model,565633,80804.714286
7,Artwork: Deep Forest x2 + Ghostfire Wisp x2 + New Flavor Out Now! + Nine-Bite Snack Box x2,1016145,145163.571429
7,Artwork: Deep Forest x2 + Ghostfire Wisp x2 + New Flavor Out Now! + Nine-Bite Snack Box + Thud-Thud Hammer,875937,125133.857143
7,Artwork: Deep Forest x2 + Ghostfire Wisp x2 + New Flavor Out Now! + Nine-Bite Snack Box + Wheelchair Model,803096,114728.0
7,Artwork: Deep Forest x2 + Ghostfire Wisp x2 + New Flavor Out Now! + Thud-Thud Hammer x2,735729,105104.142857
7,Artwork: Deep Forest x2 + Ghostfire Wisp x2 + New Flavor Out Now! + Thud-Thud Hammer + Wheelchair Model,662888,94698.285714
7,Artwork: Deep Forest x2 + Ghostfire Wisp x2 + New Flavor Out Now! + Wheelchair Model x2,590047,84292.428571
7,Artwork: Deep Forest x2 + Ghostfire Wisp x2 + Nine-Bite Snack Box x3,1253608,179086.857143
7,Artwork: Deep Forest x2 + Ghostfire Wisp x2 + Nine-Bite Snack Box x2 + Thud-Thud Hammer,1113400,159057.142857
7,Artwork: Deep Forest x2 + Ghostfire Wisp x2 + Nine-Bite Snack Box x2 + Wheelchair Model,1040559,148651.285714
7,Artwork: Deep Forest x2 + Ghostfire Wisp x2 + Nine-Bite Snack Box + Thud-Thud Hammer x2,973192,139027.428571
7,Artwork: Deep Forest x2 + Ghostfire Wisp x2 + Nine-Bite Snack Box + Thud-Thud Hammer + Wheelchair Model,900351,128621.571429
7,Artwork: Deep Forest x2 + Ghostfire Wisp x2 + Nine-Bite Snack Box + Wheelchair Model x2,827510,118215.714286
7,Artwork: Deep Forest x2 + Ghostfire Wisp x2 + Thud-Thud Hammer x3,832984,118997.714286
7,Artwork: Deep Forest x2 + Ghostfire Wisp x2 + Thud-Thud Hammer x2 + Wheelchair Model,760143,108591.857143
7,Artwork: Deep Forest x2 + Ghostfire Wisp x2 + Thud-Thud Hammer + Wheelchair Model x2,687302,98186.0
7,Artwork: Deep Forest x2 + Ghostfire Wisp x2 + Wheelchair Model x3,614461,87780.142857
7,Artwork: Deep Forest x2 + Ghostfire Wisp + Lost Armor x4,287065,41009.285714
7,Artwork: Deep Forest x2 + Ghostfire Wisp + Lost Armor x3 + New Flavor Out Now!,286184,40883.428571
7,Artwork: Deep Forest x2 + Ghostfire Wisp + Lost Armor x3 + Nine-Bite Snack Box,523647,74806.714286
7,Artwork: Deep Forest x2 + Ghostfire Wisp + Lost Armor x3 + Thud-Thud Hammer,383439,54777.0
7,Artwork: Deep Forest x2 + Ghostfire Wisp + Lost Armor x3 + Wheelchair Model,310598,44371.142857
7,Artwork: Deep Forest x2 + Ghostfire Wisp + Lost Armor x2 + New Flavor Out Now! x2,285303,40757.571429
7,Artwork: Deep Forest x2 + Ghostfire Wisp + Lost Armor x2 + New Flavor Out Now! + Nine-Bite Snack Box,522766,74680.857143
7,Artwork: Deep Forest x2 + Ghostfire Wisp + Lost Armor x2 + New Flavor Out Now! + Thud-Thud Hammer,382558,54651.142857
7,Artwork: Deep Forest x2 + Ghostfire Wisp + Lost Armor x2 + New Flavor Out Now! + Wheelchair Model,309717,44245.285714
7,Artwork: Deep Forest x2 + Ghostfire Wisp + Lost Armor x2 + Nine-Bite Snack Box x2,760229,108604.142857
7,Artwork: Deep Forest x2 + Ghostfire Wisp + Lost Armor x2 + Nine-Bite Snack Box + Thud-Thud Hammer,620021,88574.428571
7,Artwork: Deep Forest x2 + Ghostfire Wisp + Lost Armor x2 + Nine-Bite Snack Box + Wheelchair Model,547180,78168.571429
7,Artwork: Deep Forest x2 + Ghostfire Wisp + Lost Armor x2 + Thud-Thud Hammer x2,479813,68544.714286
7,Artwork: Deep Forest x2 + Ghostfire Wisp + Lost Armor x2 + Thud-Thud Hammer + Wheelchair Model,406972,58138.857143
7,Artwork: Deep Forest x2 + Ghostfire Wisp + Lost Armor x2 + Wheelchair Model x2,334131,47733.0
7,Artwork: Deep Forest x2 + Ghostfire Wisp + Lost Armor + New Flavor Out Now! x3,284422,40631.714286
7,Artwork: Deep Forest x2 + Ghostfire Wisp + Lost Armor + New Flavor Out Now! x2 + Nine-Bite Snack Box,521885,74555.0
7,Artwork: Deep Forest x2 + Ghostfire Wisp + Lost Armor + New Flavor Out Now! x2 + Thud-Thud Hammer,381677,54525.285714
7,Artwork: Deep Forest x2 + Ghostfire Wisp + Lost Armor + New Flavor Out Now! x2 + Wheelchair Model,308836,44119.428571
7,Artwork: Deep Forest x2 + Ghostfire Wisp + Lost Armor + New Flavor Out Now! + Nine-Bite Snack Box x2,759348,108478.285714
7,Artwork: Deep Forest x2 + Ghostfire Wisp + Lost Armor + New Flavor Out Now! + Nine-Bite Snack Box + Thud-Thud Hammer,619140,88448.571429
7,Artwork: Deep Forest x2 + Ghostfire Wisp + Lost Armor + New Flavor Out Now! + Nine-Bite Snack Box + Wheelchair Model,546299,78042.714286
7,Artwork: Deep Forest x2 + Ghostfire Wisp + Lost Armor + New Flavor Out Now! + Thud-Thud Hammer x2,478932,68418.857143
7,Artwork: Deep Forest x2 + Ghostfire Wisp + Lost Armor + New Flavor Out Now! + Thud-Thud Hammer + Wheelchair Model,406091,58013.0
7,Artwork: Deep Forest x2 + Ghostfire Wisp + Lost Armor + New Flavor Out Now! + Wheelchair Model x2,333250,47607.142857
7,Artwork: Deep Forest x2 + Ghostfire Wisp + Lost Armor + Nine-Bite Snack Box x3,996811,142401.571429
7,Artwork: Deep Forest x2 + Ghostfire Wisp + Lost Armor + Nine-Bite Snack Box x2 + Thud-Thud Hammer,856603,122371.857143
7,Artwork: Deep Forest x2 + Ghostfire Wisp + Lost Armor + Nine-Bite Snack Box x2 + Wheelchair Model,783762,111966.0
7,Artwork: Deep Forest x2 + Ghostfire Wisp + Lost Armor + Nine-Bite Snack Box + Thud-Thud Hammer x2,716395,102342.142857
7,Artwork: Deep Forest x2 + Ghostfire Wisp + Lost Armor + Nine-Bite Snack Box + Thud-Thud Hammer + Wheelchair Model,643554,91936.285714
7,Artwork: Deep Forest x2 + Ghostfire Wisp + Lost Armor + Nine-Bite Snack Box + Wheelchair Model x2,570713,81530.428571
7,Artwork: Deep Forest x2 + Ghostfire Wisp + Lost Armor + Thud-Thud Hammer x3,576187,82312.428571
7,Artwork: Deep Forest x2 + Ghostfire Wisp + Lost Armor + Thud-Thud Hammer x2 + Wheelchair Model,503346,71906.571429
7,Artwork: Deep Forest x2 + Ghostfire Wisp + Lost Armor + Thud-Thud Hammer + Wheelchair Model x2,430505,61500.714286
7,Artwork: Deep Forest x2 + Ghostfire Wisp + Lost Armor + Wheelchair Model x3,357664,51094.857143
7,Artwork: Deep Forest x2 + Ghostfire Wisp + New Flavor Out Now! x4,283541,40505.857143
7,Artwork: Deep Forest x2 + Ghostfire Wisp + New Flavor Out Now! x3 + Nine-Bite Snack Box,521004,74429.142857
7,Artwork: Deep Forest x2 + Ghostfire Wisp + New Flavor Out Now! x3 + Thud-Thud Hammer,380796,54399.428571
7,Artwork: Deep Forest x2 + Ghostfire Wisp + New Flavor Out Now! x3 + Wheelchair Model,307955,43993.571429
7,Artwork: Deep Forest x2 + Ghostfire Wisp + New Flavor Out Now! x2 + Nine-Bite Snack Box x2,758467,108352.428571
7,Artwork: Deep Forest x2 + Ghostfire Wisp + New Flavor Out Now! x2 + Nine-Bite Snack Box + Thud-Thud Hammer,618259,88322.714286
7,Artwork: Deep Forest x2 + Ghostfire Wisp + New Flavor Out Now! x2 + Nine-Bite Snack Box + Wheelchair Model,545418,77916.857143
7,Artwork: Deep Forest x2 + Ghostfire Wisp + New Flavor Out Now! x2 + Thud-Thud Hammer x2,478051,68293.0
7,Artwork: Deep Forest x2 + Ghostfire Wisp + New Flavor Out Now! x2 + Thud-Thud Hammer + Wheelchair Model,405210,57887.142857
7,Artwork: Deep Forest x2 + Ghostfire Wisp + New Flavor Out Now! x2 + Wheelchair Model x2,332369,47481.285714
7,Artwork: Deep Forest x2 + Ghostfire Wisp + New Flavor Out Now! + Nine-Bite Snack Box x3,995930,142275.714286
7,Artwork: Deep Forest x2 + Ghostfire Wisp + New Flavor Out Now! + Nine-Bite Snack Box x2 + Thud-Thud Hammer,855722,122246.0
7,Artwork: Deep Forest x2 + Ghostfire Wisp + New Flavor Out Now! + Nine-Bite Snack Box x2 + Wheelchair Model,782881,111840.142857
7,Artwork: Deep Forest x2 + Ghostfire Wisp + New Flavor Out Now! + Nine-Bite Snack Box + Thud-Thud Hammer x2,715514,102216.285714
7,Artwork: Deep Forest x2 + Ghostfire Wisp + New Flavor Out Now! + Nine-Bite Snack Box + Thud-Thud Hammer + Wheelchair Model,642673,91810.428571
7,Artwork: Deep Forest x2 + Ghostfire Wisp + New Flavor Out Now! + Nine-Bite Snack Box + Wheelchair Model x2,569832,81404.571429
7,Artwork: Deep Forest x2 + Ghostfire Wisp + New Flavor Out Now! + Thud-Thud Hammer x3,575306,82186.571429
7,Artwork: Deep Forest x2 + Ghostfire Wisp + New Flavor Out Now! + Thud-Thud Hammer x2 + Wheelchair Model,502465,71780.714286
7,Artwork: Deep Forest x2 + Ghostfire Wisp + New Flavor Out Now! + Thud-Thud Hammer + Wheelchair Model x2,429624,61374.857143
7,Artwork: Deep Forest x2 + Ghostfire Wisp + New Flavor Out Now! + Wheelchair Model x3,356783,50969.0
7,Artwork: Deep Forest x2 + Ghostfire Wisp + Nine-Bite Snack Box x4,1233393,176199.0
7,Artwork: Deep Forest x2 + Ghostfire Wisp + Nine-Bite Snack Box x3 + Thud-Thud Hammer,1093185,156169.285714
7,Artwork: Deep Forest x2 + Ghostfire Wisp + Nine-Bite Snack Box x3 + Wheelchair Model,1020344,145763.428571
7,Artwork: Deep Forest x2 + Ghostfire Wisp + Nine-Bite Snack Box x2 + Thud-Thud Hammer x2,952977,136139.571429
7,Artwork: Deep Forest x2 + Ghostfire Wisp + Nine-Bite Snack Box x2 + Thud-Thud Hammer + Wheelchair Model,880136,125733.714286
7,Artwork: Deep Forest x2 + Ghostfire Wisp + Nine-Bite Snack Box x2 + Wheelchair Model x2,807295,115327.857143
7,Artwork: Deep Forest x2 + Ghostfire Wisp + Nine-Bite Snack Box + Thud-Thud Hammer x3,812769,116109.857143
7,Artwork: Deep Forest x2 + Ghostfire Wisp + Nine-Bite Snack Box + Thud-Thud Hammer x2 + Wheelchair Model,739928,105704.0
7,Artwork: Deep Forest x2 + Ghostfire Wisp + Nine-Bite Snack Box + Thud-Thud Hammer + Wheelchair Model x2,667087,95298.142857
7,Artwork: Deep Forest x2 + Ghostfire Wisp + Nine-Bite Snack Box + Wheelchair Model x3,594246,84892.285714
7,Artwork: Deep Forest x2 + Ghostfire Wisp + Thud-Thud Hammer x4,672561,96080.142857
7,Artwork: Deep Forest x2 + Ghostfire Wisp + Thud-Thud Hammer x3 + Wheelchair Model,599720,85674.285714
7,Artwork: Deep Forest x2 + Ghostfire Wisp + Thud-Thud Hammer x2 + Wheelchair Model x2,526879,75268.428571
7,Artwork: Deep Forest x2 + Ghostfire Wisp + Thud-Thud Hammer + Wheelchair Model x3,454038,64862.571429
7,Artwork: Deep Forest x2 + Ghostfire Wisp + Wheelchair Model x4,381197,54456.714286
7,Artwork: Deep Forest x2 + Lost Armor x5,30268,4324.0
7,Artwork: Deep Forest x2 + Lost Armor x4 + New Flavor Out Now!,29387,4198.142857
7,Artwork: Deep Forest x2 + Lost Armor x4 + Nine-Bite Snack Box,266850,38121.428571
7,Artwork: Deep Forest x2 + Lost Armor x4 + Thud-Thud Hammer,126642,18091.714286
7,Artwork: Deep Forest x2 + Lost Armor x4 + Wheelchair Model,53801,7685.857143
7,Artwork: Deep Forest x2 + Lost Armor x3 + New Flavor Out Now! x2,28506,4072.285714
7,Artwork: Deep Forest x2 + Lost Armor x3 + New Flavor Out Now! + Nine-Bite Snack Box,265969,37995.571429
7,Artwork: Deep Forest x2 + Lost Armor x3 + New Flavor Out Now! + Thud-Thud Hammer,125761,17965.857143
7,Artwork: Deep Forest x2 + Lost Armor x3 + New Flavor Out Now! + Wheelchair Model,52920,7560.0
7,Artwork: Deep Forest x2 + Lost Armor x3 + Nine-Bite Snack Box x2,503432,71918.857143
7,Artwork: Deep Forest x2 + Lost Armor x3 + Nine-Bite Snack Box + Thud-Thud Hammer,363224,51889.142857
7,Artwork: Deep Forest x2 + Lost Armor x3 + Nine-Bite Snack Box + Wheelchair Model,290383,41483.285714
7,Artwork: Deep Forest x2 + Lost Armor x3 + Thud-Thud Hammer x2,223016,31859.428571
7,Artwork: Deep Forest x2 + Lost Armor x3 + Thud-Thud Hammer + Wheelchair Model,150175,21453.571429
7,Artwork: Deep Forest x2 + Lost Armor x3 + Wheelchair Model x2,77334,11047.714286
7,Artwork: Deep Forest x2 + Lost Armor x2 + New Flavor Out Now! x3,27625,3946.428571
7,Artwork: Deep Forest x2 + Lost Armor x2 + New Flavor Out Now! x2 + Nine-Bite Snack Box,265088,37869.714286
7,Artwork: Deep Forest x2 + Lost Armor x2 + New Flavor Out Now! x2 + Thud-Thud Hammer,124880,17840.0
7,Artwork: Deep Forest x2 + Lost Armor x2 + New Flavor Out Now! x2 + Wheelchair Model,52039,7434.142857
7,Artwork: Deep Forest x2 + Lost Armor x2 + New Flavor Out Now! + Nine-Bite Snack Box x2,502551,71793.0
7,Artwork: Deep Forest x2 + Lost Armor x2 + New Flavor Out Now! + Nine-Bite Snack Box + Thud-Thud Hammer,362343,51763.285714
7,Artwork: Deep Forest x2 + Lost Armor x2 + New Flavor Out Now! + Nine-Bite Snack Box + Wheelchair Model,289502,41357.428571
7,Artwork: Deep Forest x2 + Lost Armor x2 + New Flavor Out Now! + Thud-Thud Hammer x2,222135,31733.571429
7,Artwork: Deep Forest x2 + Lost Armor x2 + New Flavor Out Now! + Thud-Thud Hammer + Wheelchair Model,149294,21327.714286
7,Artwork: Deep Forest x2 + Lost Armor x2 + New Flavor Out Now! + Wheelchair Model x2,76453,10921.857143
7,Artwork: Deep Forest x2 + Lost Armor x2 + Nine-Bite Snack Box x3,740014,105716.285714
7,Artwork: Deep Forest x2 + Lost Armor x2 + Nine-Bite Snack Box x2 + Thud-Thud Hammer,599806,85686.571429
7,Artwork: Deep Forest x2 + Lost Armor x2 + Nine-Bite Snack Box x2 + Wheelchair Model,526965,75280.714286
7,Artwork: Deep Forest x2 + Lost Armor x2 + Nine-Bite Snack Box + Thud-Thud Hammer x2,459598,65656.857143
7,Artwork: Deep Forest x2 + Lost Armor x2 + Nine-Bite Snack Box + Thud-Thud Hammer + Wheelchair Model,386757,55251.0
7,Artwork: Deep Forest x2 + Lost Armor x2 + Nine-Bite Snack Box + Wheelchair Model x2,313916,44845.142857
7,Artwork: Deep Forest x2 + Lost Armor x2 + Thud-Thud Hammer x3,319390,45627.142857
7,Artwork: Deep Forest x2 + Lost Armor x2 + Thud-Thud Hammer x2 + Wheelchair Model,246549,35221.285714
7,Artwork: Deep Forest x2 + Lost Armor x2 + Thud-Thud Hammer + Wheelchair Model x2,173708,24815.428571
7,Artwork: Deep Forest x2 + Lost Armor x2 + Wheelchair Model x3,100867,14409.571429
7,Artwork: Deep Forest x2 + Lost Armor + New Flavor Out Now! x4,26744,3820.571429
7,Artwork: Deep Forest x2 + Lost Armor + New Flavor Out Now! x3 + Nine-Bite Snack Box,264207,37743.857143
7,Artwork: Deep Forest x2 + Lost Armor + New Flavor Out Now! x3 + Thud-Thud Hammer,123999,17714.142857
7,Artwork: Deep Forest x2 + Lost Armor + New Flavor Out Now! x3 + Wheelchair Model,51158,7308.285714
7,Artwork: Deep Forest x2 + Lost Armor + New Flavor Out Now! x2 + Nine-Bite Snack Box x2,501670,71667.142857
7,Artwork: Deep Forest x2 + Lost Armor + New Flavor Out Now! x2 + Nine-Bite Snack Box + Thud-Thud Hammer,361462,51637.428571
7,Artwork: Deep Forest x2 + Lost Armor + New Flavor Out Now! x2 + Nine-Bite Snack Box + Wheelchair Model,288621,41231.571429
7,Artwork: Deep Forest x2 + Lost Armor + New Flavor Out Now! x2 + Thud-Thud Hammer x2,221254,31607.714286
7,Artwork: Deep Forest x2 + Lost Armor + New Flavor Out Now! x2 + Thud-Thud Hammer + Wheelchair Model,148413,21201.857143
7,Artwork: Deep Forest x2 + Lost Armor + New Flavor Out Now! x2 + Wheelchair Model x2,75572,10796.0
7,Artwork: Deep Forest x2 + Lost Armor + New Flavor Out Now! + Nine-Bite Snack Box x3,739133,105590.428571
7,Artwork: Deep Forest x2 + Lost Armor + New Flavor Out Now! + Nine-Bite Snack Box x2 + Thud-Thud Hammer,598925,85560.714286
7,Artwork: Deep Forest x2 + Lost Armor + New Flavor Out Now! + Nine-Bite Snack Box x2 + Wheelchair Model,526084,75154.857143
7,Artwork: Deep Forest x2 + Lost Armor + New Flavor Out Now! + Nine-Bite Snack Box + Thud-Thud Hammer x2,458717,65531.0
7,Artwork: Deep Forest x2 + Lost Armor + New Flavor Out Now! + Nine-Bite Snack Box + Thud-Thud Hammer + Wheelchair Model,385876,55125.142857
7,Artwork: Deep Forest x2 + Lost Armor + New Flavor Out Now! + Nine-Bite Snack Box + Wheelchair Model x2,313035,44719.285714
7,Artwork: Deep Forest x2 + Lost Armor + New Flavor Out Now! + Thud-Thud Hammer x3,318509,45501.285714
7,Artwork: Deep Forest x2 + Lost Armor + New Flavor Out Now! + Thud-Thud Hammer x2 + Wheelchair Model,245668,35095.428571
7,Artwork: Deep Forest x2 + Lost Armor + New Flavor Out Now! + Thud-Thud Hammer + Wheelchair Model x2,172827,24689.571429
7,Artwork: Deep Forest x2 + Lost Armor + New Flavor Out Now! + Wheelchair Model x3,99986,14283.714286
7,Artwork: Deep Forest x2 + Lost Armor + Nine-Bite Snack Box x4,976596,139513.714286
7,Artwork: Deep Forest x2 + Lost Armor + Nine-Bite Snack Box x3 + Thud-Thud Hammer,836388,119484.0
7,Artwork: Deep Forest x2 + Lost Armor + Nine-Bite Snack Box x3 + Wheelchair Model,763547,109078.142857
7,Artwork: Deep Forest x2 + Lost Armor + Nine-Bite Snack Box x2 + Thud-Thud Hammer x2,696180,99454.285714
7,Artwork: Deep Forest x2 + Lost Armor + Nine-Bite Snack Box x2 + Thud-Thud Hammer + Wheelchair Model,623339,89048.428571
7,Artwork: Deep Forest x2 + Lost Armor + Nine-Bite Snack Box x2 + Wheelchair Model x2,550498,78642.571429
7,Artwork: Deep Forest x2 + Lost Armor + Nine-Bite Snack Box + Thud-Thud Hammer x3,555972,79424.571429
7,Artwork: Deep Forest x2 + Lost Armor + Nine-Bite Snack Box + Thud-Thud Hammer x2 + Wheelchair Model,483131,69018.714286
7,Artwork: Deep Forest x2 + Lost Armor + Nine-Bite Snack Box + Thud-Thud Hammer + Wheelchair Model x2,410290,58612.857143
7,Artwork: Deep Forest x2 + Lost Armor + Nine-Bite Snack Box + Wheelchair Model x3,337449,48207.0
7,Artwork: Deep Forest x2 + Lost Armor + Thud-Thud Hammer x4,415764,59394.857143
7,Artwork: Deep Forest x2 + Lost Armor + Thud-Thud Hammer x3 + Wheelchair Model,342923,48989.0
7,Artwork: Deep Forest x2 + Lost Armor + Thud-Thud Hammer x2 + Wheelchair Model x2,270082,38583.142857
7,Artwork: Deep Forest x2 + Lost Armor + Thud-Thud Hammer + Wheelchair Model x3,197241,28177.285714
7,Artwork: Deep Forest x2 + Lost Armor + Wheelchair Model x4,124400,17771.428571
7,Artwork: Deep Forest x2 + New Flavor Out Now! x5,25863,3694.714286
7,Artwork: Deep Forest x2 + New Flavor Out Now! x4 + Nine-Bite Snack Box,263326,37618.0
7,Artwork: Deep Forest x2 + New Flavor Out Now! x4 + Thud-Thud Hammer,123118,17588.285714
7,Artwork: Deep Forest x2 + New Flavor Out Now! x4 + Wheelchair Model,50277,7182.428571
7,Artwork: Deep Forest x2 + New Flavor Out Now! x3 + Nine-Bite Snack Box x2,500789,71541.285714
7,Artwork: Deep Forest x2 + New Flavor Out Now! x3 + Nine-Bite Snack Box + Thud-Thud Hammer,360581,51511.571429
7,Artwork: Deep Forest x2 + New Flavor Out Now! x3 + Nine-Bite Snack Box + Wheelchair Model,287740,41105.714286
7,Artwork: Deep Forest x2 + New Flavor Out Now! x3 + Thud-Thud Hammer x2,220373,31481.857143
7,Artwork: Deep Forest x2 + New Flavor Out Now! x3 + Thud-Thud Hammer + Wheelchair Model,147532,21076.0
7,Artwork: Deep Forest x2 + New Flavor Out Now! x3 + Wheelchair Model x2,74691,10670.142857
7,Artwork: Deep Forest x2 + New Flavor Out Now! x2 + Nine-Bite Snack Box x3,738252,105464.571429
7,Artwork: Deep Forest x2 + New Flavor Out Now! x2 + Nine-Bite Snack Box x2 + Thud-Thud Hammer,598044,85434.857143
7,Artwork: Deep Forest x2 + New Flavor Out Now! x2 + Nine-Bite Snack Box x2 + Wheelchair Model,525203,75029.0
7,Artwork: Deep Forest x2 + New Flavor Out Now! x2 + Nine-Bite Snack Box + Thud-Thud Hammer x2,457836,65405.142857
7,Artwork: Deep Forest x2 + New Flavor Out Now! x2 + Nine-Bite Snack Box + Thud-Thud Hammer + Wheelchair Model,384995,54999.285714
7,Artwork: Deep Forest x2 + New Flavor Out Now! x2 + Nine-Bite Snack Box + Wheelchair Model x2,312154,44593.428571
7,Artwork: Deep Forest x2 + New Flavor Out Now! x2 + Thud-Thud Hammer x3,317628,45375.428571
7,Artwork: Deep Forest x2 + New Flavor Out Now! x2 + Thud-Thud Hammer x2 + Wheelchair Model,244787,34969.571429
7,Artwork: Deep Forest x2 + New Flavor Out Now! x2 + Thud-Thud Hammer + Wheelchair Model x2,171946,24563.714286
7,Artwork: Deep Forest x2 + New Flavor Out Now! x2 + Wheelchair Model x3,99105,14157.857143
7,Artwork: Deep Forest x2 + New Flavor Out Now! + Nine-Bite Snack Box x4,975715,139387.857143
7,Artwork: Deep Forest x2 + New Flavor Out Now! + Nine-Bite Snack Box x3 + Thud-Thud Hammer,835507,119358.142857
7,Artwork: Deep Forest x2 + New Flavor Out Now! + Nine-Bite Snack Box x3 + Wheelchair Model,762666,108952.285714
7,Artwork: Deep Forest x2 + New Flavor Out Now! + Nine-Bite Snack Box x2 + Thud-Thud Hammer x2,695299,99328.428571
7,Artwork: Deep Forest x2 + New Flavor Out Now! + Nine-Bite Snack Box x2 + Thud-Thud Hammer + Wheelchair Model,622458,88922.571429
7,Artwork: Deep Forest x2 + New Flavor Out Now! + Nine-Bite Snack Box x2 + Wheelchair Model x2,549617,78516.714286
7,Artwork: Deep Forest x2 + New Flavor Out Now! + Nine-Bite Snack Box + Thud-Thud Hammer x3,555091,79298.714286
7,Artwork: Deep Forest x2 + New Flavor Out Now! + Nine-Bite Snack Box + Thud-Thud Hammer x2 + Wheelchair Model,482250,68892.857143
7,Artwork: Deep Forest x2 + New Flavor Out Now! + Nine-Bite Snack Box + Thud-Thud Hammer + Wheelchair Model x2,409409,58487.0
7,Artwork: Deep Forest x2 + New Flavor Out Now! + Nine-Bite Snack Box + Wheelchair Model x3,336568,48081.142857
7,Artwork: Deep Forest x2 + New Flavor Out Now! + Thud-Thud Hammer x4,414883,59269.0
7,Artwork: Deep Forest x2 + New Flavor Out Now! + Thud-Thud Hammer x3 + Wheelchair Model,342042,48863.142857
7,Artwork: Deep Forest x2 + New Flavor Out Now! + Thud-Thud Hammer x2 + Wheelchair Model x2,269201,38457.285714
7,Artwork: Deep Forest x2 + New Flavor Out Now! + Thud-Thud Hammer + Wheelchair Model x3,196360,28051.428571
7,Artwork: Deep Forest x2 + New Flavor Out Now! + Wheelchair Model x4,123519,17645.571429
7,Artwork: Deep Forest x2 + Nine-Bite Snack Box x5,1213178,173311.142857
7,Artwork: Deep Forest x2 + Nine-Bite Snack Box x4 + Thud-Thud Hammer,1072970,153281.428571
7,Artwork: Deep Forest x2 + Nine-Bite Snack Box x4 + Wheelchair Model,1000129,142875.571429
7,Artwork: Deep Forest x2 + Nine-Bite Snack Box x3 + Thud-Thud Hammer x2,932762,133251.714286
7,Artwork: Deep Forest x2 + Nine-Bite Snack Box x3 + Thud-Thud Hammer + Wheelchair Model,859921,122845.857143
7,Artwork: Deep Forest x2 + Nine-Bite Snack Box x3 + Wheelchair Model x2,787080,112440.0
7,Artwork: Deep Forest x2 + Nine-Bite Snack Box x2 + Thud-Thud Hammer x3,792554,113222.0
7,Artwork: Deep Forest x2 + Nine-Bite Snack Box x2 + Thud-Thud Hammer x2 + Wheelchair Model,719713,102816.142857
7,Artwork: Deep Forest x2 + Nine-Bite Snack Box x2 + Thud-Thud Hammer + Wheelchair Model x2,646872,92410.285714
7,Artwork: Deep Forest x2 + Nine-Bite Snack Box x2 + Wheelchair Model x3,574031,82004.428571
7,Artwork: Deep Forest x2 + Nine-Bite Snack Box + Thud-Thud Hammer x4,652346,93192.285714
7,Artwork: Deep Forest x2 + Nine-Bite Snack Box + Thud-Thud Hammer x3 + Wheelchair Model,579505,82786.428571
7,Artwork: Deep Forest x2 + Nine-Bite Snack Box + Thud-Thud Hammer x2 + Wheelchair Model x2,506664,72380.571429
7,Artwork: Deep Forest x2 + Nine-Bite Snack Box + Thud-Thud Hammer + Wheelchair Model x3,433823,61974.714286
7,Artwork: Deep Forest x2 + Nine-Bite Snack Box + Wheelchair Model x4,360982,51568.857143
7,Artwork: Deep Forest x2 + Thud-Thud Hammer x5,512138,73162.571429
7,Artwork: Deep Forest x2 + Thud-Thud Hammer x4 + Wheelchair Model,439297,62756.714286
7,Artwork: Deep Forest x2 + Thud-Thud Hammer x3 + Wheelchair Model x2,366456,52350.857143
7,Artwork: Deep Forest x2 + Thud-Thud Hammer x2 + Wheelchair Model x3,293615,41945.0
7,Artwork: Deep Forest x2 + Thud-Thud Hammer + Wheelchair Model x4,220774,31539.142857
7,Artwork: Deep Forest x2 + Wheelchair Model x5,147933,21133.285714
7,Artwork: Deep Forest + Asahi Inori Figurine x6,187653,26807.571429
7,Artwork: Deep Forest + Asahi Inori Figurine x5 + Ghostfire Wisp,417812,59687.428571
7,Artwork: Deep Forest + Asahi Inori Figurine x5 + Lost Armor,161015,23002.142857
7,Artwork: Deep Forest + Asahi Inori Figurine x5 + New Flavor Out Now!,160134,22876.285714
7,Artwork: Deep Forest + Asahi Inori Figurine x5 + Nine-Bite Snack Box,397597,56799.571429
7,Artwork: Deep Forest + Asahi Inori Figurine x5 + Thud-Thud Hammer,257389,36769.857143
7,Artwork: Deep Forest + Asahi Inori Figurine x5 + Wheelchair Model,184548,26364.0
7,Artwork: Deep Forest + Asahi Inori Figurine x4 + Ghostfire Wisp x2,647971,92567.285714
7,Artwork: Deep Forest + Asahi Inori Figurine x4 + Ghostfire Wisp + Lost Armor,391174,55882.0
7,Artwork: Deep Forest + Asahi Inori Figurine x4 + Ghostfire Wisp + New Flavor Out Now!,390293,55756.142857
7,Artwork: Deep Forest + Asahi Inori Figurine x4 + Ghostfire Wisp + Nine-Bite Snack Box,627756,89679.428571
7,Artwork: Deep Forest + Asahi Inori Figurine x4 + Ghostfire Wisp + Thud-Thud Hammer,487548,69649.714286
7,Artwork: Deep Forest + Asahi Inori Figurine x4 + Ghostfire Wisp + Wheelchair Model,414707,59243.857143
7,Artwork: Deep Forest + Asahi Inori Figurine x4 + Lost Armor x2,134377,19196.714286
7,Artwork: Deep Forest + Asahi Inori Figurine x4 + Lost Armor + New Flavor Out Now!,133496,19070.857143
7,Artwork: Deep Forest + Asahi Inori Figurine x4 + Lost Armor + Nine-Bite Snack Box,370959,52994.142857
7,Artwork: Deep Forest + Asahi Inori Figurine x4 + Lost Armor + Thud-Thud Hammer,230751,32964.428571
7,Artwork: Deep Forest + Asahi Inori Figurine x4 + Lost Armor + Wheelchair Model,157910,22558.571429
7,Artwork: Deep Forest + Asahi Inori Figurine x4 + New Flavor Out Now! x2,132615,18945.0
7,Artwork: Deep Forest + Asahi Inori Figurine x4 + New Flavor Out Now! + Nine-Bite Snack Box,370078,52868.285714
7,Artwork: Deep Forest + Asahi Inori Figurine x4 + New Flavor Out Now! + Thud-Thud Hammer,229870,32838.571429
7,Artwork: Deep Forest + Asahi Inori Figurine x4 + New Flavor Out Now! + Wheelchair Model,157029,22432.714286
7,Artwork: Deep Forest + Asahi Inori Figurine x4 + Nine-Bite Snack Box x2,607541,86791.571429
7,Artwork: Deep Forest + Asahi Inori Figurine x4 + Nine-Bite Snack Box + Thud-Thud Hammer,467333,66761.857143
7,Artwork: Deep Forest + Asahi Inori Figurine x4 + Nine-Bite Snack Box + Wheelchair Model,394492,56356.0
7,Artwork: Deep Forest + Asahi Inori Figurine x4 + Thud-Thud Hammer x2,327125,46732.142857
7,Artwork: Deep Forest + Asahi Inori Figurine x4 + Thud-Thud Hammer + Wheelchair Model,254284,36326.285714
7,Artwork: Deep Forest + Asahi Inori Figurine x4 + Wheelchair Model x2,181443,25920.428571
7,Artwork: Deep Forest + Asahi Inori Figurine x3 + Ghostfire Wisp x3,878130,125447.142857
7,Artwork: Deep Forest + Asahi Inori Figurine x3 + Ghostfire Wisp x2 + Lost Armor,621333,88761.857143
7,Artwork: Deep Forest + Asahi Inori Figurine x3 + Ghostfire Wisp x2 + New Flavor Out Now!,620452,88636.0
7,Artwork: Deep Forest + Asahi Inori Figurine x3 + Ghostfire Wisp x2 + Nine-Bite Snack Box,857915,122559.285714
7,Artwork: Deep Forest + Asahi Inori Figurine x3 + Ghostfire Wisp x2 + Thud-Thud Hammer,717707,102529.571429
7,Artwork: Deep Forest + Asahi Inori Figurine x3 + Ghostfire Wisp x2 + Wheelchair Model,644866,92123.714286
7,Artwork: Deep Forest + Asahi Inori Figurine x3 + Ghostfire Wisp + Lost Armor x2,364536,52076.571429
7,Artwork: Deep Forest + Asahi Inori Figurine x3 + Ghostfire Wisp + Lost Armor + New Flavor Out Now!,363655,51950.714286
7,Artwork: Deep Forest + Asahi Inori Figurine x3 + Ghostfire Wisp + Lost Armor + Nine-Bite Snack Box,601118,85874.0
7,Artwork: Deep Forest + Asahi Inori Figurine x3 + Ghostfire Wisp + Lost Armor + Thud-Thud Hammer,460910,65844.285714
7,Artwork: Deep Forest + Asahi Inori Figurine x3 + Ghostfire Wisp + Lost Armor + Wheelchair Model,388069,55438.428571
7,Artwork: Deep Forest + Asahi Inori Figurine x3 + Ghostfire Wisp + New Flavor Out Now! x2,362774,51824.857143
7,Artwork: Deep Forest + Asahi Inori Figurine x3 + Ghostfire Wisp + New Flavor Out Now! + Nine-Bite Snack Box,600237,85748.142857
7,Artwork: Deep Forest + Asahi Inori Figurine x3 + Ghostfire Wisp + New Flavor Out Now! + Thud-Thud Hammer,460029,65718.428571
7,Artwork: Deep Forest + Asahi Inori Figurine x3 + Ghostfire Wisp + New Flavor Out Now! + Wheelchair Model,387188,55312.571429
7,Artwork: Deep Forest + Asahi Inori Figurine x3 + Ghostfire Wisp + Nine-Bite Snack Box x2,837700,119671.428571
7,Artwork: Deep Forest + Asahi Inori Figurine x3 + Ghostfire Wisp + Nine-Bite Snack Box + Thud-Thud Hammer,697492,99641.714286
7,Artwork: Deep Forest + Asahi Inori Figurine x3 + Ghostfire Wisp + Nine-Bite Snack Box + Wheelchair Model,624651,89235.857143
7,Artwork: Deep Forest + Asahi Inori Figurine x3 + Ghostfire Wisp + Thud-Thud Hammer x2,557284,79612.0
7,Artwork: Deep Forest + Asahi Inori Figurine x3 + Ghostfire Wisp + Thud-Thud Hammer + Wheelchair Model,484443,69206.142857
7,Artwork: Deep Forest + Asahi Inori Figurine x3 + Ghostfire Wisp + Wheelchair Model x2,411602,58800.285714
7,Artwork: Deep Forest + Asahi Inori Figurine x3 + Lost Armor x3,107739,15391.285714
7,Artwork: Deep Forest + Asahi Inori Figurine x3 + Lost Armor x2 + New Flavor Out Now!,106858,15265.428571
7,Artwork: Deep Forest + Asahi Inori Figurine x3 + Lost Armor x2 + Nine-Bite Snack Box,344321,49188.714286
7,Artwork: Deep Forest + Asahi Inori Figurine x3 + Lost Armor x2 + Thud-Thud Hammer,204113,29159.0
7,Artwork: Deep Forest + Asahi Inori Figurine x3 + Lost Armor x2 + Wheelchair Model,131272,18753.142857
7,Artwork: Deep Forest + Asahi Inori Figurine x3 + Lost Armor + New Flavor Out Now! x2,105977,15139.571429
7,Artwork: Deep Forest + Asahi Inori Figurine x3 + Lost Armor + New Flavor Out Now! + Nine-Bite Snack Box,343440,49062.857143
7,Artwork: Deep Forest + Asahi Inori Figurine x3 + Lost Armor + New Flavor Out Now! + Thud-Thud Hammer,203232,29033.142857
7,Artwork: Deep Forest + Asahi Inori Figurine x3 + Lost Armor + New Flavor Out Now! + Wheelchair Model,130391,18627.285714
7,Artwork: Deep Forest + Asahi Inori Figurine x3 + Lost Armor + Nine-Bite Snack Box x2,580903,82986.142857
7,Artwork: Deep Forest + Asahi Inori Figurine x3 + Lost Armor + Nine-Bite Snack Box + Thud-Thud Hammer,440695,62956.428571
7,Artwork: Deep Forest + Asahi Inori Figurine x3 + Lost Armor + Nine-Bite Snack Box + Wheelchair Model,367854,52550.571429
7,Artwork: Deep Forest + Asahi Inori Figurine x3 + Lost Armor + Thud-Thud Hammer x2,300487,42926.714286
7,Artwork: Deep Forest + Asahi Inori Figurine x3 + Lost Armor + Thud-Thud Hammer + Wheelchair Model,227646,32520.857143
7,Artwork: Deep Forest + Asahi Inori Figurine x3 + Lost Armor + Wheelchair Model x2,154805,22115.0
7,Artwork: Deep Forest + Asahi Inori Figurine x3 + New Flavor Out Now! x3,105096,15013.714286
7,Artwork: Deep Forest + Asahi Inori Figurine x3 + New Flavor Out Now! x2 + Nine-Bite Snack Box,342559,48937.0
7,Artwork: Deep Forest + Asahi Inori Figurine x3 + New Flavor Out Now! x2 + Thud-Thud Hammer,202351,28907.285714
7,Artwork: Deep Forest + Asahi Inori Figurine x3 + New Flavor Out Now! x2 + Wheelchair Model,129510,18501.428571
7,Artwork: Deep Forest + Asahi Inori Figurine x3 + New Flavor Out Now! + Nine-Bite Snack Box x2,580022,82860.285714
7,Artwork: Deep Forest + Asahi Inori Figurine x3 + New Flavor Out Now! + Nine-Bite Snack Box + Thud-Thud Hammer,439814,62830.571429
7,Artwork: Deep Forest + Asahi Inori Figurine x3 + New Flavor Out Now! + Nine-Bite Snack Box + Wheelchair Model,366973,52424.714286
7,Artwork: Deep Forest + Asahi Inori Figurine x3 + New Flavor Out Now! + Thud-Thud Hammer x2,299606,42800.857143
7,Artwork: Deep Forest + Asahi Inori Figurine x3 + New Flavor Out Now! + Thud-Thud Hammer + Wheelchair Model,226765,32395.0
7,Artwork: Deep Forest + Asahi Inori Figurine x3 + New Flavor Out Now! + Wheelchair Model x2,153924,21989.142857
7,Artwork: Deep Forest + Asahi Inori Figurine x3 + Nine-Bite Snack Box x3,817485,116783.571429
7,Artwork: Deep Forest + Asahi Inori Figurine x3 + Nine-Bite Snack Box x2 + Thud-Thud Hammer,677277,96753.857143
7,Artwork: Deep Forest + Asahi Inori Figurine x3 + Nine-Bite Snack Box x2 + Wheelchair Model,604436,86348.0
7,Artwork: Deep Forest + Asahi Inori Figurine x3 + Nine-Bite Snack Box + Thud-Thud Hammer x2,537069,76724.142857
7,Artwork: Deep Forest + Asahi Inori Figurine x3 + Nine-Bite Snack Box + Thud-Thud Hammer + Wheelchair Model,464228,66318.285714
7,Artwork: Deep Forest + Asahi Inori Figurine x3 + Nine-Bite Snack Box + Wheelchair Model x2,391387,55912.428571
7,Artwork: Deep Forest + Asahi Inori Figurine x3 + Thud-Thud Hammer x3,396861,56694.428571
7,Artwork: Deep Forest + Asahi Inori Figurine x3 + Thud-Thud Hammer x2 + Wheelchair Model,324020,46288.571429
7,Artwork: Deep Forest + Asahi Inori Figurine x3 + Thud-Thud Hammer + Wheelchair Model x2,251179,35882.714286
7,Artwork: Deep Forest + Asahi Inori Figurine x3 + Wheelchair Model x3,178338,25476.857143
7,Artwork: Deep Forest + Asahi Inori Figurine x2 + Ghostfire Wisp x4,1108289,158327.0
7,Artwork: Deep Forest + Asahi Inori Figurine x2 + Ghostfire Wisp x3 + Lost Armor,851492,121641.714286
7,Artwork: Deep Forest + Asahi Inori Figurine x2 + Ghostfire Wisp x3 + New Flavor Out Now!,850611,121515.857143
7,Artwork: Deep Forest + Asahi Inori Figurine x2 + Ghostfire Wisp x3 + Nine-Bite Snack Box,1088074,155439.142857
7,Artwork: Deep Forest + Asahi Inori Figurine x2 + Ghostfire Wisp x3 + Thud-Thud Hammer,947866,135409.428571
7,Artwork: Deep Forest + Asahi Inori Figurine x2 + Ghostfire Wisp x3 + Wheelchair Model,875025,125003.571429
7,Artwork: Deep Forest + Asahi Inori Figurine x2 + Ghostfire Wisp x2 + Lost Armor x2,594695,84956.428571
7,Artwork: Deep Forest + Asahi Inori Figurine x2 + Ghostfire Wisp x2 + Lost Armor + New Flavor Out Now!,593814,84830.571429
7,Artwork: Deep Forest + Asahi Inori Figurine x2 + Ghostfire Wisp x2 + Lost Armor + Nine-Bite Snack Box,831277,118753.857143
7,Artwork: Deep Forest + Asahi Inori Figurine x2 + Ghostfire Wisp x2 + Lost Armor + Thud-Thud Hammer,691069,98724.142857
7,Artwork: Deep Forest + Asahi Inori Figurine x2 + Ghostfire Wisp x2 + Lost Armor + Wheelchair Model,618228,88318.285714
7,Artwork: Deep Forest + Asahi Inori Figurine x2 + Ghostfire Wisp x2 + New Flavor Out Now! x2,592933,84704.714286
7,Artwork: Deep Forest + Asahi Inori Figurine x2 + Ghostfire Wisp x2 + New Flavor Out Now! + Nine-Bite Snack Box,830396,118628.0
7,Artwork: Deep Forest + Asahi Inori Figurine x2 + Ghostfire Wisp x2 + New Flavor Out Now! + Thud-Thud Hammer,690188,98598.285714
7,Artwork: Deep Forest + Asahi Inori Figurine x2 + Ghostfire Wisp x2 + New Flavor Out Now! + Wheelchair Model,617347,88192.428571
7,Artwork: Deep Forest + Asahi Inori Figurine x2 + Ghostfire Wisp x2 + Nine-Bite Snack Box x2,1067859,152551.285714
7,Artwork: Deep Forest + Asahi Inori Figurine x2 + Ghostfire Wisp x2 + Nine-Bite Snack Box + Thud-Thud Hammer,927651,132521.571429
7,Artwork: Deep Forest + Asahi Inori Figurine x2 + Ghostfire Wisp x2 + Nine-Bite Snack Box + Wheelchair Model,854810,122115.714286
7,Artwork: Deep Forest + Asahi Inori Figurine x2 + Ghostfire Wisp x2 + Thud-Thud Hammer x2,787443,112491.857143
7,Artwork: Deep Forest + Asahi Inori Figurine x2 + Ghostfire Wisp x2 + Thud-Thud Hammer + Wheelchair Model,714602,102086.0
7,Artwork: Deep Forest + Asahi Inori Figurine x2 + Ghostfire Wisp x2 + Wheelchair Model x2,641761,91680.142857
7,Artwork: Deep Forest + Asahi Inori Figurine x2 + Ghostfire Wisp + Lost Armor x3,337898,48271.142857
7,Artwork: Deep Forest + Asahi Inori Figurine x2 + Ghostfire Wisp + Lost Armor x2 + New Flavor Out Now!,337017,48145.285714
7,Artwork: Deep Forest + Asahi Inori Figurine x2 + Ghostfire Wisp + Lost Armor x2 + Nine-Bite Snack Box,574480,82068.571429
7,Artwork: Deep Forest + Asahi Inori Figurine x2 + Ghostfire Wisp + Lost Armor x2 + Thud-Thud Hammer,434272,62038.857143
7,Artwork: Deep Forest + Asahi Inori Figurine x2 + Ghostfire Wisp + Lost Armor x2 + Wheelchair Model,361431,51633.0
7,Artwork: Deep Forest + Asahi Inori Figurine x2 + Ghostfire Wisp + Lost Armor + New Flavor Out Now! x2,336136,48019.428571
7,Artwork: Deep Forest + Asahi Inori Figurine x2 + Ghostfire Wisp + Lost Armor + New Flavor Out Now! + Nine-Bite Snack Box,573599,81942.714286
7,Artwork: Deep Forest + Asahi Inori Figurine x2 + Ghostfire Wisp + Lost Armor + New Flavor Out Now! + Thud-Thud Hammer,433391,61913.0
7,Artwork: Deep Forest + Asahi Inori Figurine x2 + Ghostfire Wisp + Lost Armor + New Flavor Out Now! + Wheelchair Model,360550,51507.142857
7,Artwork: Deep Forest + Asahi Inori Figurine x2 + Ghostfire Wisp + Lost Armor + Nine-Bite Snack Box x2,811062,115866.0
7,Artwork: Deep Forest + Asahi Inori Figurine x2 + Ghostfire Wisp + Lost Armor + Nine-Bite Snack Box + Thud-Thud Hammer,670854,95836.285714
7,Artwork: Deep Forest + Asahi Inori Figurine x2 + Ghostfire Wisp + Lost Armor + Nine-Bite Snack Box + Wheelchair Model,598013,85430.428571
7,Artwork: Deep Forest + Asahi Inori Figurine x2 + Ghostfire Wisp + Lost Armor + Thud-Thud Hammer x2,530646,75806.571429
7,Artwork: Deep Forest + Asahi Inori Figurine x2 + Ghostfire Wisp + Lost Armor + Thud-Thud Hammer + Wheelchair Model,457805,65400.714286
7,Artwork: Deep Forest + Asahi Inori Figurine x2 + Ghostfire Wisp + Lost Armor + Wheelchair Model x2,384964,54994.857143
7,Artwork: Deep Forest + Asahi Inori Figurine x2 + Ghostfire Wisp + New Flavor Out Now! x3,335255,47893.571429
7,Artwork: Deep Forest + Asahi Inori Figurine x2 + Ghostfire Wisp + New Flavor Out Now! x2 + Nine-Bite Snack Box,572718,81816.857143
7,Artwork: Deep Forest + Asahi Inori Figurine x2 + Ghostfire Wisp + New Flavor Out Now! x2 + Thud-Thud Hammer,432510,61787.142857
7,Artwork: Deep Forest + Asahi Inori Figurine x2 + Ghostfire Wisp + New Flavor Out Now! x2 + Wheelchair Model,359669,51381.285714
7,Artwork: Deep Forest + Asahi Inori Figurine x2 + Ghostfire Wisp + New Flavor Out Now! + Nine-Bite Snack Box x2,810181,115740.142857
7,Artwork: Deep Forest + Asahi Inori Figurine x2 + Ghostfire Wisp + New Flavor Out Now! + Nine-Bite Snack Box + Thud-Thud Hammer,669973,95710.428571
7,Artwork: Deep Forest + Asahi Inori Figurine x2 + Ghostfire Wisp + New Flavor Out Now! + Nine-Bite Snack Box + Wheelchair Model,597132,85304.571429
7,Artwork: Deep Forest + Asahi Inori Figurine x2 + Ghostfire Wisp + New Flavor Out Now! + Thud-Thud Hammer x2,529765,75680.714286
7,Artwork: Deep Forest + Asahi Inori Figurine x2 + Ghostfire Wisp + New Flavor Out Now! + Thud-Thud Hammer + Wheelchair Model,456924,65274.857143
7,Artwork: Deep Forest + Asahi Inori Figurine x2 + Ghostfire Wisp + New Flavor Out Now! + Wheelchair Model x2,384083,54869.0
7,Artwork: Deep Forest + Asahi Inori Figurine x2 + Ghostfire Wisp + Nine-Bite Snack Box x3,1047644,149663.428571
7,Artwork: Deep Forest + Asahi Inori Figurine x2 + Ghostfire Wisp + Nine-Bite Snack Box x2 + Thud-Thud Hammer,907436,129633.714286
7,Artwork: Deep Forest + Asahi Inori Figurine x2 + Ghostfire Wisp + Nine-Bite Snack Box x2 + Wheelchair Model,834595,119227.857143
7,Artwork: Deep Forest + Asahi Inori Figurine x2 + Ghostfire Wisp + Nine-Bite Snack Box + Thud-Thud Hammer x2,767228,109604.0
7,Artwork: Deep Forest + Asahi Inori Figurine x2 + Ghostfire Wisp + Nine-Bite Snack Box + Thud-Thud Hammer + Wheelchair Model,694387,99198.142857
7,Artwork: Deep Forest + Asahi Inori Figurine x2 + Ghostfire Wisp + Nine-Bite Snack Box + Wheelchair Model x2,621546,88792.285714
7,Artwork: Deep Forest + Asahi Inori Figurine x2 + Ghostfire Wisp + Thud-Thud Hammer x3,627020,89574.285714
7,Artwork: Deep Forest + Asahi Inori Figurine x2 + Ghostfire Wisp + Thud-Thud Hammer x2 + Wheelchair Model,554179,79168.428571
7,Artwork: Deep Forest + Asahi Inori Figurine x2 + Ghostfire Wisp + Thud-Thud Hammer + Wheelchair Model x2,481338,68762.571429
7,Artwork: Deep Forest + Asahi Inori Figurine x2 + Ghostfire Wisp + Wheelchair Model x3,408497,58356.714286
7,Artwork: Deep Forest + Asahi Inori Figurine x2 + Lost Armor x4,81101,11585.857143
7,Artwork: Deep Forest + Asahi Inori Figurine x2 + Lost Armor x3 + New Flavor Out Now!,80220,11460.0
7,Artwork: Deep Forest + Asahi Inori Figurine x2 + Lost Armor x3 + Nine-Bite Snack Box,317683,45383.285714
7,Artwork: Deep Forest + Asahi Inori Figurine x2 + Lost Armor x3 + Thud-Thud Hammer,177475,25353.571429
7,Artwork: Deep Forest + Asahi Inori Figurine x2 + Lost Armor x3 + Wheelchair Model,104634,14947.714286
7,Artwork: Deep Forest + Asahi Inori Figurine x2 + Lost Armor x2 + New Flavor Out Now! x2,79339,11334.142857
7,Artwork: Deep Forest + Asahi Inori Figurine x2 + Lost Armor x2 + New Flavor Out Now! + Nine-Bite Snack Box,316802,45257.428571
7,Artwork: Deep Forest + Asahi Inori Figurine x2 + Lost Armor x2 + New Flavor Out Now! + Thud-Thud Hammer,176594,25227.714286
7,Artwork: Deep Forest + Asahi Inori Figurine x2 + Lost Armor x2 + New Flavor Out Now! + Wheelchair Model,103753,14821.857143
7,Artwork: Deep Forest + Asahi Inori Figurine x2 + Lost Armor x2 + Nine-Bite Snack Box x2,554265,79180.714286
7,Artwork: Deep Forest + Asahi Inori Figurine x2 + Lost Armor x2 + Nine-Bite Snack Box + Thud-Thud Hammer,414057,59151.0
7,Artwork: Deep Forest + Asahi Inori Figurine x2 + Lost Armor x2 + Nine-Bite Snack Box + Wheelchair Model,341216,48745.142857
7,Artwork: Deep Forest + Asahi Inori Figurine x2 + Lost Armor x2 + Thud-Thud Hammer x2,273849,39121.285714
7,Artwork: Deep Forest + Asahi Inori Figurine x2 + Lost Armor x2 + Thud-Thud Hammer + Wheelchair Model,201008,28715.428571
7,Artwork: Deep Forest + Asahi Inori Figurine x2 + Lost Armor x2 + Wheelchair Model x2,128167,18309.571429
7,Artwork: Deep Forest + Asahi Inori Figurine x2 + Lost Armor + New Flavor Out Now! x3,78458,11208.285714
7,Artwork: Deep Forest + Asahi Inori Figurine x2 + Lost Armor + New Flavor Out Now! x2 + Nine-Bite Snack Box,315921,45131.571429
7,Artwork: Deep Forest + Asahi Inori Figurine x2 + Lost Armor + New Flavor Out Now! x2 + Thud-Thud Hammer,175713,25101.857143
7,Artwork: Deep Forest + Asahi Inori Figurine x2 + Lost Armor + New Flavor Out Now! x2 + Wheelchair Model,102872,14696.0
7,Artwork: Deep Forest + Asahi Inori Figurine x2 + Lost Armor + New Flavor Out Now! + Nine-Bite Snack Box x2,553384,79054.857143
7,Artwork: Deep Forest + Asahi Inori Figurine x2 + Lost Armor + New Flavor Out Now! + Nine-Bite Snack Box + Thud-Thud Hammer,413176,59025.142857
7,Artwork: Deep Forest + Asahi Inori Figurine x2 + Lost Armor + New Flavor Out Now! + Nine-Bite Snack Box + Wheelchair Model,340335,48619.285714
7,Artwork: Deep Forest + Asahi Inori Figurine x2 + Lost Armor + New Flavor Out Now! + Thud-Thud Hammer x2,272968,38995.428571
7,Artwork: Deep Forest + Asahi Inori Figurine x2 + Lost Armor + New Flavor Out Now! + Thud-Thud Hammer + Wheelchair Model,200127,28589.571429
7,Artwork: Deep Forest + Asahi Inori Figurine x2 + Lost Armor + New Flavor Out Now! + Wheelchair Model x2,127286,18183.714286
7,Artwork: Deep Forest + Asahi Inori Figurine x2 + Lost Armor + Nine-Bite Snack Box x3,790847,112978.142857
7,Artwork: Deep Forest + Asahi Inori Figurine x2 + Lost Armor + Nine-Bite Snack Box x2 + Thud-Thud Hammer,650639,92948.428571
7,Artwork: Deep Forest + Asahi Inori Figurine x2 + Lost Armor + Nine-Bite Snack Box x2 + Wheelchair Model,577798,82542.571429
7,Artwork: Deep Forest + Asahi Inori Figurine x2 + Lost Armor + Nine-Bite Snack Box + Thud-Thud Hammer x2,510431,72918.714286
7,Artwork: Deep Forest + Asahi Inori Figurine x2 + Lost Armor + Nine-Bite Snack Box + Thud-Thud Hammer + Wheelchair Model,437590,62512.857143
7,Artwork: Deep Forest + Asahi Inori Figurine x2 + Lost Armor + Nine-Bite Snack Box + Wheelchair Model x2,364749,52107.0
7,Artwork: Deep Forest + Asahi Inori Figurine x2 + Lost Armor + Thud-Thud Hammer x3,370223,52889.0
7,Artwork: Deep Forest + Asahi Inori Figurine x2 + Lost Armor + Thud-Thud Hammer x2 + Wheelchair Model,297382,42483.142857
7,Artwork: Deep Forest + Asahi Inori Figurine x2 + Lost Armor + Thud-Thud Hammer + Wheelchair Model x2,224541,32077.285714
7,Artwork: Deep Forest + Asahi Inori Figurine x2 + Lost Armor + Wheelchair Model x3,151700,21671.428571
7,Artwork: Deep Forest + Asahi Inori Figurine x2 + New Flavor Out Now! x4,77577,11082.428571
7,Artwork: Deep Forest + Asahi Inori Figurine x2 + New Flavor Out Now! x3 + Nine-Bite Snack Box,315040,45005.714286
7,Artwork: Deep Forest + Asahi Inori Figurine x2 + New Flavor Out Now! x3 + Thud-Thud Hammer,174832,24976.0
7,Artwork: Deep Forest + Asahi Inori Figurine x2 + New Flavor Out Now! x3 + Wheelchair Model,101991,14570.142857
7,Artwork: Deep Forest + Asahi Inori Figurine x2 + New Flavor Out Now! x2 + Nine-Bite Snack Box x2,552503,78929.0
7,Artwork: Deep Forest + Asahi Inori Figurine x2 + New Flavor Out Now! x2 + Nine-Bite Snack Box + Thud-Thud Hammer,412295,58899.285714
7,Artwork: Deep Forest + Asahi Inori Figurine x2 + New Flavor Out Now! x2 + Nine-Bite Snack Box + Wheelchair Model,339454,48493.428571
7,Artwork: Deep Forest + Asahi Inori Figurine x2 + New Flavor Out Now! x2 + Thud-Thud Hammer x2,272087,38869.571429
7,Artwork: Deep Forest + Asahi Inori Figurine x2 + New Flavor Out Now! x2 + Thud-Thud Hammer + Wheelchair Model,199246,28463.714286
7,Artwork: Deep Forest + Asahi Inori Figurine x2 + New Flavor Out Now! x2 + Wheelchair Model x2,126405,18057.857143
7,Artwork: Deep Forest + Asahi Inori Figurine x2 + New Flavor Out Now! + Nine-Bite Snack Box x3,789966,112852.285714
7,Artwork: Deep Forest + Asahi Inori Figurine x2 + New Flavor Out Now! + Nine-Bite Snack Box x2 + Thud-Thud Hammer,649758,92822.571429
7,Artwork: Deep Forest + Asahi Inori Figurine x2 + New Flavor Out Now! + Nine-Bite Snack Box x2 + Wheelchair Model,576917,82416.714286
7,Artwork: Deep Forest + Asahi Inori Figurine x2 + New Flavor Out Now! + Nine-Bite Snack Box + Thud-Thud Hammer x2,509550,72792.857143
7,Artwork: Deep Forest + Asahi Inori Figurine x2 + New Flavor Out Now! + Nine-Bite Snack Box + Thud-Thud Hammer + Wheelchair Model,436709,62387.0
7,Artwork: Deep Forest + Asahi Inori Figurine x2 + New Flavor Out Now! + Nine-Bite Snack Box + Wheelchair Model x2,363868,51981.142857
7,Artwork: Deep Forest + Asahi Inori Figurine x2 + New Flavor Out Now! + Thud-Thud Hammer x3,369342,52763.142857
7,Artwork: Deep Forest + Asahi Inori Figurine x2 + New Flavor Out Now! + Thud-Thud Hammer x2 + Wheelchair Model,296501,42357.285714
7,Artwork: Deep Forest + Asahi Inori Figurine x2 + New Flavor Out Now! + Thud-Thud Hammer + Wheelchair Model x2,223660,31951.428571
7,Artwork: Deep Forest + Asahi Inori Figurine x2 + New Flavor Out Now! + Wheelchair Model x3,150819,21545.571429
7,Artwork: Deep Forest + Asahi Inori Figurine x2 + Nine-Bite Snack Box x4,1027429,146775.571429
7,Artwork: Deep Forest + Asahi Inori Figurine x2 + Nine-Bite Snack Box x3 + Thud-Thud Hammer,887221,126745.857143
7,Artwork: Deep Forest + Asahi Inori Figurine x2 + Nine-Bite Snack Box x3 + Wheelchair Model,814380,116340.0
7,Artwork: Deep Forest + Asahi Inori Figurine x2 + Nine-Bite Snack Box x2 + Thud-Thud Hammer x2,747013,106716.142857
7,Artwork: Deep Forest + Asahi Inori Figurine x2 + Nine-Bite Snack Box x2 + Thud-Thud Hammer + Wheelchair Model,674172,96310.285714
7,Artwork: Deep Forest + Asahi Inori Figurine x2 + Nine-Bite Snack Box x2 + Wheelchair Model x2,601331,85904.428571
7,Artwork: Deep Forest + Asahi Inori Figurine x2 + Nine-Bite Snack Box + Thud-Thud Hammer x3,606805,86686.428571
7,Artwork: Deep Forest + Asahi Inori Figurine x2 + Nine-Bite Snack Box + Thud-Thud Hammer x2 + Wheelchair Model,533964,76280.571429
7,Artwork: Deep Forest + Asahi Inori Figurine x2 + Nine-Bite Snack Box + Thud-Thud Hammer + Wheelchair Model x2,461123,65874.714286
7,Artwork: Deep Forest + Asahi Inori Figurine x2 + Nine-Bite Snack Box + Wheelchair Model x3,388282,55468.857143
7,Artwork: Deep Forest + Asahi Inori Figurine x2 + Thud-Thud Hammer x4,466597,66656.714286
7,Artwork: Deep Forest + Asahi Inori Figurine x2 + Thud-Thud Hammer x3 + Wheelchair Model,393756,56250.857143
7,Artwork: Deep Forest + Asahi Inori Figurine x2 + Thud-Thud Hammer x2 + Wheelchair Model x2,320915,45845.0
7,Artwork: Deep Forest + Asahi Inori Figurine x2 + Thud-Thud Hammer + Wheelchair Model x3,248074,35439.142857
7,Artwork: Deep Forest + Asahi Inori Figurine x2 + Wheelchair Model x4,175233,25033.285714
7,Artwork: Deep Forest + Asahi Inori Figurine + Ghostfire Wisp x5,1338448,191206.857143
7,Artwork: Deep Forest + Asahi Inori Figurine + Ghostfire Wisp x4 + Lost Armor,1081651,154521.571429
7,Artwork: Deep Forest + Asahi Inori Figurine + Ghostfire Wisp x4 + New Flavor Out Now!,1080770,154395.714286
7,Artwork: Deep Forest + Asahi Inori Figurine + Ghostfire Wisp x4 + Nine-Bite Snack Box,1318233,188319.0
7,Artwork: Deep Forest + Asahi Inori Figurine + Ghostfire Wisp x4 + Thud-Thud Hammer,1178025,168289.285714
7,Artwork: Deep Forest + Asahi Inori Figurine + Ghostfire Wisp x4 + Wheelchair Model,1105184,157883.428571
7,Artwork: Deep Forest + Asahi Inori Figurine + Ghostfire Wisp x3 + Lost Armor x2,824854,117836.285714
7,Artwork: Deep Forest + Asahi Inori Figurine + Ghostfire Wisp x3 + Lost Armor + New Flavor Out Now!,823973,117710.428571
7,Artwork: Deep Forest + Asahi Inori Figurine + Ghostfire Wisp x3 + Lost Armor + Nine-Bite Snack Box,1061436,151633.714286
7,Artwork: Deep Forest + Asahi Inori Figurine + Ghostfire Wisp x3 + Lost Armor + Thud-Thud Hammer,921228,131604.0
7,Artwork: Deep Forest + Asahi Inori Figurine + Ghostfire Wisp x3 + Lost Armor + Wheelchair Model,848387,121198.142857
7,Artwork: Deep Forest + Asahi Inori Figurine + Ghostfire Wisp x3 + New Flavor Out Now! x2,823092,117584.571429
7,Artwork: Deep Forest + Asahi Inori Figurine + Ghostfire Wisp x3 + New Flavor Out Now! + Nine-Bite Snack Box,1060555,151507.857143
7,Artwork: Deep Forest + Asahi Inori Figurine + Ghostfire Wisp x3 + New Flavor Out Now! + Thud-Thud Hammer,920347,131478.142857
7,Artwork: Deep Forest + Asahi Inori Figurine + Ghostfire Wisp x3 + New Flavor Out Now! + Wheelchair Model,847506,121072.285714
7,Artwork: Deep Forest + Asahi Inori Figurine + Ghostfire Wisp x3 + Nine-Bite Snack Box x2,1298018,185431.142857
7,Artwork: Deep Forest + Asahi Inori Figurine + Ghostfire Wisp x3 + Nine-Bite Snack Box + Thud-Thud Hammer,1157810,165401.428571
7,Artwork: Deep Forest + Asahi Inori Figurine + Ghostfire Wisp x3 + Nine-Bite Snack Box + Wheelchair Model,1084969,154995.571429
7,Artwork: Deep Forest + Asahi Inori Figurine + Ghostfire Wisp x3 + Thud-Thud Hammer x2,1017602,145371.714286
7,Artwork: Deep Forest + Asahi Inori Figurine + Ghostfire Wisp x3 + Thud-Thud Hammer + Wheelchair Model,944761,134965.857143
7,Artwork: Deep Forest + Asahi Inori Figurine + Ghostfire Wisp x3 + Wheelchair Model x2,871920,124560.0
7,Artwork: Deep Forest + Asahi Inori Figurine + Ghostfire Wisp x2 + Lost Armor x3,568057,81151.0
7,Artwork: Deep Forest + Asahi Inori Figurine + Ghostfire Wisp x2 + Lost Armor x2 + New Flavor Out Now!,567176,81025.142857
7,Artwork: Deep Forest + Asahi Inori Figurine + Ghostfire Wisp x2 + Lost Armor x2 + Nine-Bite Snack Box,804639,114948.428571
7,Artwork: Deep Forest + Asahi Inori Figurine + Ghostfire Wisp x2 + Lost Armor x2 + Thud-Thud Hammer,664431,94918.714286
7,Artwork: Deep Forest + Asahi Inori Figurine + Ghostfire Wisp x2 + Lost Armor x2 + Wheelchair Model,591590,84512.857143
7,Artwork: Deep Forest + Asahi Inori Figurine + Ghostfire Wisp x2 + Lost Armor + New Flavor Out Now! x2,566295,80899.285714
7,Artwork: Deep Forest + Asahi Inori Figurine + Ghostfire Wisp x2 + Lost Armor + New Flavor Out Now! + Nine-Bite Snack Box,803758,114822.571429
7,Artwork: Deep Forest + Asahi Inori Figurine + Ghostfire Wisp x2 + Lost Armor + New Flavor Out Now! + Thud-Thud Hammer,663550,94792.857143
7,Artwork: Deep Forest + Asahi Inori Figurine + Ghostfire Wisp x2 + Lost Armor + New Flavor Out Now! + Wheelchair Model,590709,84387.0
7,Artwork: Deep Forest + Asahi Inori Figurine + Ghostfire Wisp x2 + Lost Armor + Nine-Bite Snack Box x2,1041221,148745.857143
7,Artwork: Deep Forest + Asahi Inori Figurine + Ghostfire Wisp x2 + Lost Armor + Nine-Bite Snack Box + Thud-Thud Hammer,901013,128716.142857
7,Artwork: Deep Forest + Asahi Inori Figurine + Ghostfire Wisp x2 + Lost Armor + Nine-Bite Snack Box + Wheelchair Model,828172,118310.285714
7,Artwork: Deep Forest + Asahi Inori Figurine + Ghostfire Wisp x2 + Lost Armor + Thud-Thud Hammer x2,760805,108686.428571
7,Artwork: Deep Forest + Asahi Inori Figurine + Ghostfire Wisp x2 + Lost Armor + Thud-Thud Hammer + Wheelchair Model,687964,98280.571429
7,Artwork: Deep Forest + Asahi Inori Figurine + Ghostfire Wisp x2 + Lost Armor + Wheelchair Model x2,615123,87874.714286
7,Artwork: Deep Forest + Asahi Inori Figurine + Ghostfire Wisp x2 + New Flavor Out Now! x3,565414,80773.428571
7,Artwork: Deep Forest + Asahi Inori Figurine + Ghostfire Wisp x2 + New Flavor Out Now! x2 + Nine-Bite Snack Box,802877,114696.714286
7,Artwork: Deep Forest + Asahi Inori Figurine + Ghostfire Wisp x2 + New Flavor Out Now! x2 + Thud-Thud Hammer,662669,94667.0
7,Artwork: Deep Forest + Asahi Inori Figurine + Ghostfire Wisp x2 + New Flavor Out Now! x2 + Wheelchair Model,589828,84261.142857
7,Artwork: Deep Forest + Asahi Inori Figurine + Ghostfire Wisp x2 + New Flavor Out Now! + Nine-Bite Snack Box x2,1040340,148620.0
7,Artwork: Deep Forest + Asahi Inori Figurine + Ghostfire Wisp x2 + New Flavor Out Now! + Nine-Bite Snack Box + Thud-Thud Hammer,900132,128590.285714
7,Artwork: Deep Forest + Asahi Inori Figurine + Ghostfire Wisp x2 + New Flavor Out Now! + Nine-Bite Snack Box + Wheelchair Model,827291,118184.428571
7,Artwork: Deep Forest + Asahi Inori Figurine + Ghostfire Wisp x2 + New Flavor Out Now! + Thud-Thud Hammer x2,759924,108560.571429
7,Artwork: Deep Forest + Asahi Inori Figurine + Ghostfire Wisp x2 + New Flavor Out Now! + Thud-Thud Hammer + Wheelchair Model,687083,98154.714286
7,Artwork: Deep Forest + Asahi Inori Figurine + Ghostfire Wisp x2 + New Flavor Out Now! + Wheelchair Model x2,614242,87748.857143
7,Artwork: Deep Forest + Asahi Inori Figurine + Ghostfire Wisp x2 + Nine-Bite Snack Box x3,1277803,182543.285714
7,Artwork: Deep Forest + Asahi Inori Figurine + Ghostfire Wisp x2 + Nine-Bite Snack Box x2 + Thud-Thud Hammer,1137595,162513.571429
7,Artwork: Deep Forest + Asahi Inori Figurine + Ghostfire Wisp x2 + Nine-Bite Snack Box x2 + Wheelchair Model,1064754,152107.714286
7,Artwork: Deep Forest + Asahi Inori Figurine + Ghostfire Wisp x2 + Nine-Bite Snack Box + Thud-Thud Hammer x2,997387,142483.857143
7,Artwork: Deep Forest + Asahi Inori Figurine + Ghostfire Wisp x2 + Nine-Bite Snack Box + Thud-Thud Hammer + Wheelchair Model,924546,132078.0
7,Artwork: Deep Forest + Asahi Inori Figurine + Ghostfire Wisp x2 + Nine-Bite Snack Box + Wheelchair Model x2,851705,121672.142857
7,Artwork: Deep Forest + Asahi Inori Figurine + Ghostfire Wisp x2 + Thud-Thud Hammer x3,857179,122454.142857
7,Artwork: Deep Forest + Asahi Inori Figurine + Ghostfire Wisp x2 + Thud-Thud Hammer x2 + Wheelchair Model,784338,112048.285714
7,Artwork: Deep Forest + Asahi Inori Figurine + Ghostfire Wisp x2 + Thud-Thud Hammer + Wheelchair Model x2,711497,101642.428571
7,Artwork: Deep Forest + Asahi Inori Figurine + Ghostfire Wisp x2 + Wheelchair Model x3,638656,91236.571429
7,Artwork: Deep Forest + Asahi Inori Figurine + Ghostfire Wisp + Lost Armor x4,311260,44465.714286
7,Artwork: Deep Forest + Asahi Inori Figurine + Ghostfire Wisp + Lost Armor x3 + New Flavor Out Now!,310379,44339.857143
7,Artwork: Deep Forest + Asahi Inori Figurine + Ghostfire Wisp + Lost Armor x3 + Nine-Bite Snack Box,547842,78263.142857
7,Artwork: Deep Forest + Asahi Inori Figurine + Ghostfire Wisp + Lost Armor x3 + Thud-Thud Hammer,407634,58233.428571
7,Artwork: Deep Forest + Asahi Inori Figurine + Ghostfire Wisp + Lost Armor x3 + Wheelchair Model,334793,47827.571429
7,Artwork: Deep Forest + Asahi Inori Figurine + Ghostfire Wisp + Lost Armor x2 + New Flavor Out Now! x2,309498,44214.0
7,Artwork: Deep Forest + Asahi Inori Figurine + Ghostfire Wisp + Lost Armor x2 + New Flavor Out Now! + Nine-Bite Snack Box,546961,78137.285714
7,Artwork: Deep Forest + Asahi Inori Figurine + Ghostfire Wisp + Lost Armor x2 + New Flavor Out Now! + Thud-Thud Hammer,406753,58107.571429
7,Artwork: Deep Forest + Asahi Inori Figurine + Ghostfire Wisp + Lost Armor x2 + New Flavor Out Now! + Wheelchair Model,333912,47701.714286
7,Artwork: Deep Forest + Asahi Inori Figurine + Ghostfire Wisp + Lost Armor x2 + Nine-Bite Snack Box x2,784424,112060.571429
7,Artwork: Deep Forest + Asahi Inori Figurine + Ghostfire Wisp + Lost Armor x2 + Nine-Bite Snack Box + Thud-Thud Hammer,644216,92030.857143
7,Artwork: Deep Forest + Asahi Inori Figurine + Ghostfire Wisp + Lost Armor x2 + Nine-Bite Snack Box + Wheelchair Model,571375,81625.0
7,Artwork: Deep Forest + Asahi Inori Figurine + Ghostfire Wisp + Lost Armor x2 + Thud-Thud Hammer x2,504008,72001.142857
7,Artwork: Deep Forest + Asahi Inori Figurine + Ghostfire Wisp + Lost Armor x2 + Thud-Thud Hammer + Wheelchair Model,431167,61595.285714
7,Artwork: Deep Forest + Asahi Inori Figurine + Ghostfire Wisp + Lost Armor x2 + Wheelchair Model x2,358326,51189.428571
7,Artwork: Deep Forest + Asahi Inori Figurine + Ghostfire Wisp + Lost Armor + New Flavor Out Now! x3,308617,44088.142857
7,Artwork: Deep Forest + Asahi Inori Figurine + Ghostfire Wisp + Lost Armor + New Flavor Out Now! x2 + Nine-Bite Snack Box,546080,78011.428571
7,Artwork: Deep Forest + Asahi Inori Figurine + Ghostfire Wisp + Lost Armor + New Flavor Out Now! x2 + Thud-Thud Hammer,405872,57981.714286
7,Artwork: Deep Forest + Asahi Inori Figurine + Ghostfire Wisp + Lost Armor + New Flavor Out Now! x2 + Wheelchair Model,333031,47575.857143
7,Artwork: Deep Forest + Asahi Inori Figurine + Ghostfire Wisp + Lost Armor + New Flavor Out Now! + Nine-Bite Snack Box x2,783543,111934.714286
7,Artwork: Deep Forest + Asahi Inori Figurine + Ghostfire Wisp + Lost Armor + New Flavor Out Now! + Nine-Bite Snack Box + Thud-Thud Hammer,643335,91905.0
7,Artwork: Deep Forest + Asahi Inori Figurine + Ghostfire Wisp + Lost Armor + New Flavor Out Now! + Nine-Bite Snack Box + Wheelchair Model,570494,81499.142857
7,Artwork: Deep Forest + Asahi Inori Figurine + Ghostfire Wisp + Lost Armor + New Flavor Out Now! + Thud-Thud Hammer x2,503127,71875.285714
7,Artwork: Deep Forest + Asahi Inori Figurine + Ghostfire Wisp + Lost Armor + New Flavor Out Now! + Thud-Thud Hammer + Wheelchair Model,430286,61469.428571
7,Artwork: Deep Forest + Asahi Inori Figurine + Ghostfire Wisp + Lost Armor + New Flavor Out Now! + Wheelchair Model x2,357445,51063.571429
7,Artwork: Deep Forest + Asahi Inori Figurine + Ghostfire Wisp + Lost Armor + Nine-Bite Snack Box x3,1021006,145858.0
7,Artwork: Deep Forest + Asahi Inori Figurine + Ghostfire Wisp + Lost Armor + Nine-Bite Snack Box x2 + Thud-Thud Hammer,880798,125828.285714
7,Artwork: Deep Forest + Asahi Inori Figurine + Ghostfire Wisp + Lost Armor + Nine-Bite Snack Box x2 + Wheelchair Model,807957,115422.428571
7,Artwork: Deep Forest + Asahi Inori Figurine + Ghostfire Wisp + Lost Armor + Nine-Bite Snack Box + Thud-Thud Hammer x2,740590,105798.571429
7,Artwork: Deep Forest + Asahi Inori Figurine + Ghostfire Wisp + Lost Armor + Nine-Bite Snack Box + Thud-Thud Hammer + Wheelchair Model,667749,95392.714286
7,Artwork: Deep Forest + Asahi Inori Figurine + Ghostfire Wisp + Lost Armor + Nine-Bite Snack Box + Wheelchair Model x2,594908,84986.857143
7,Artwork: Deep Forest + Asahi Inori Figurine + Ghostfire Wisp + Lost Armor + Thud-Thud Hammer x3,600382,85768.857143
7,Artwork: Deep Forest + Asahi Inori Figurine + Ghostfire Wisp + Lost Armor + Thud-Thud Hammer x2 + Wheelchair Model,527541,75363.0
7,Artwork: Deep Forest + Asahi Inori Figurine + Ghostfire Wisp + Lost Armor + Thud-Thud Hammer + Wheelchair Model x2,454700,64957.142857
7,Artwork: Deep Forest + Asahi Inori Figurine + Ghostfire Wisp + Lost Armor + Wheelchair Model x3,381859,54551.285714
7,Artwork: Deep Forest + Asahi Inori Figurine + Ghostfire Wisp + New Flavor Out Now! x4,307736,43962.285714
7,Artwork: Deep Forest + Asahi Inori Figurine + Ghostfire Wisp + New Flavor Out Now! x3 + Nine-Bite Snack Box,545199,77885.571429
7,Artwork: Deep Forest + Asahi Inori Figurine + Ghostfire Wisp + New Flavor Out Now! x3 + Thud-Thud Hammer,404991,57855.857143
7,Artwork: Deep Forest + Asahi Inori Figurine + Ghostfire Wisp + New Flavor Out Now! x3 + Wheelchair Model,332150,47450.0
7,Artwork: Deep Forest + Asahi Inori Figurine + Ghostfire Wisp + New Flavor Out Now! x2 + Nine-Bite Snack Box x2,782662,111808.857143
7,Artwork: Deep Forest + Asahi Inori Figurine + Ghostfire Wisp + New Flavor Out Now! x2 + Nine-Bite Snack Box + Thud-Thud Hammer,642454,91779.142857
7,Artwork: Deep Forest + Asahi Inori Figurine + Ghostfire Wisp + New Flavor Out Now! x2 + Nine-Bite Snack Box + Wheelchair Model,569613,81373.285714
7,Artwork: Deep Forest + Asahi Inori Figurine + Ghostfire Wisp + New Flavor Out Now! x2 + Thud-Thud Hammer x2,502246,71749.428571
7,Artwork: Deep Forest + Asahi Inori Figurine + Ghostfire Wisp + New Flavor Out Now! x2 + Thud-Thud Hammer + Wheelchair Model,429405,61343.571429
7,Artwork: Deep Forest + Asahi Inori Figurine + Ghostfire Wisp + New Flavor Out Now! x2 + Wheelchair Model x2,356564,50937.714286
7,Artwork: Deep Forest + Asahi Inori Figurine + Ghostfire Wisp + New Flavor Out Now! + Nine-Bite Snack Box x3,1020125,145732.142857
7,Artwork: Deep Forest + Asahi Inori Figurine + Ghostfire Wisp + New Flavor Out Now! + Nine-Bite Snack Box x2 + Thud-Thud Hammer,879917,125702.428571
7,Artwork: Deep Forest + Asahi Inori Figurine + Ghostfire Wisp + New Flavor Out Now! + Nine-Bite Snack Box x2 + Wheelchair Model,807076,115296.571429
7,Artwork: Deep Forest + Asahi Inori Figurine + Ghostfire Wisp + New Flavor Out Now! + Nine-Bite Snack Box + Thud-Thud Hammer x2,739709,105672.714286
7,Artwork: Deep Forest + Asahi Inori Figurine + Ghostfire Wisp + New Flavor Out Now! + Nine-Bite Snack Box + Thud-Thud Hammer + Wheelchair Model,666868,95266.857143
7,Artwork: Deep Forest + Asahi Inori Figurine + Ghostfire Wisp + New Flavor Out Now! + Nine-Bite Snack Box + Wheelchair Model x2,594027,84861.0
7,Artwork: Deep Forest + Asahi Inori Figurine + Ghostfire Wisp + New Flavor Out Now! + Thud-Thud Hammer x3,599501,85643.0
7,Artwork: Deep Forest + Asahi Inori Figurine + Ghostfire Wisp + New Flavor Out Now! + Thud-Thud Hammer x2 + Wheelchair Model,526660,75237.142857
7,Artwork: Deep Forest + Asahi Inori Figurine + Ghostfire Wisp + New Flavor Out Now! + Thud-Thud Hammer + Wheelchair Model x2,453819,64831.285714
7,Artwork: Deep Forest + Asahi Inori Figurine + Ghostfire Wisp + New Flavor Out Now! + Wheelchair Model x3,380978,54425.428571
7,Artwork: Deep Forest + Asahi Inori Figurine + Ghostfire Wisp + Nine-Bite Snack Box x4,1257588,179655.428571
7,Artwork: Deep Forest + Asahi Inori Figurine + Ghostfire Wisp + Nine-Bite Snack Box x3 + Thud-Thud Hammer,1117380,159625.714286
7,Artwork: Deep Forest + Asahi Inori Figurine + Ghostfire Wisp + Nine-Bite Snack Box x3 + Wheelchair Model,1044539,149219.857143
7,Artwork: Deep Forest + Asahi Inori Figurine + Ghostfire Wisp + Nine-Bite Snack Box x2 + Thud-Thud Hammer x2,977172,139596.0
7,Artwork: Deep Forest + Asahi Inori Figurine + Ghostfire Wisp + Nine-Bite Snack Box x2 + Thud-Thud Hammer + Wheelchair Model,904331,129190.142857
7,Artwork: Deep Forest + Asahi Inori Figurine + Ghostfire Wisp + Nine-Bite Snack Box x2 + Wheelchair Model x2,831490,118784.285714
7,Artwork: Deep Forest + Asahi Inori Figurine + Ghostfire Wisp + Nine-Bite Snack Box + Thud-Thud Hammer x3,836964,119566.285714
7,Artwork: Deep Forest + Asahi Inori Figurine + Ghostfire Wisp + Nine-Bite Snack Box + Thud-Thud Hammer x2 + Wheelchair Model,764123,109160.428571
7,Artwork: Deep Forest + Asahi Inori Figurine + Ghostfire Wisp + Nine-Bite Snack Box + Thud-Thud Hammer + Wheelchair Model x2,691282,98754.571429
7,Artwork: Deep Forest + Asahi Inori Figurine + Ghostfire Wisp + Nine-Bite Snack Box + Wheelchair Model x3,618441,88348.714286
7,Artwork: Deep Forest + Asahi Inori Figurine + Ghostfire Wisp + Thud-Thud Hammer x4,696756,99536.571429
7,Artwork: Deep Forest + Asahi Inori Figurine + Ghostfire Wisp + Thud-Thud Hammer x3 + Wheelchair Model,623915,89130.714286
7,Artwork: Deep Forest + Asahi Inori Figurine + Ghostfire Wisp + Thud-Thud Hammer x2 + Wheelchair Model x2,551074,78724.857143
7,Artwork: Deep Forest + Asahi Inori Figurine + Ghostfire Wisp + Thud-Thud Hammer + Wheelchair Model x3,478233,68319.0
7,Artwork: Deep Forest + Asahi Inori Figurine + Ghostfire Wisp + Wheelchair Model x4,405392,57913.142857
7,Artwork: Deep Forest + Asahi Inori Figurine + Lost Armor x5,54463,7780.428571
7,Artwork: Deep Forest + Asahi Inori Figurine + Lost Armor x4 + New Flavor Out Now!,53582,7654.571429
7,Artwork: Deep Forest + Asahi Inori Figurine + Lost Armor x4 + Nine-Bite Snack Box,291045,41577.857143
7,Artwork: Deep Forest + Asahi Inori Figurine + Lost Armor x4 + Thud-Thud Hammer,150837,21548.142857
7,Artwork: Deep Forest + Asahi Inori Figurine + Lost Armor x4 + Wheelchair Model,77996,11142.285714
7,Artwork: Deep Forest + Asahi Inori Figurine + Lost Armor x3 + New Flavor Out Now! x2,52701,7528.714286
7,Artwork: Deep Forest + Asahi Inori Figurine + Lost Armor x3 + New Flavor Out Now! + Nine-Bite Snack Box,290164,41452.0
7,Artwork: Deep Forest + Asahi Inori Figurine + Lost Armor x3 + New Flavor Out Now! + Thud-Thud Hammer,149956,21422.285714
7,Artwork: Deep Forest + Asahi Inori Figurine + Lost Armor x3 + New Flavor Out Now! + Wheelchair Model,77115,11016.428571
7,Artwork: Deep Forest + Asahi Inori Figurine + Lost Armor x3 + Nine-Bite Snack Box x2,527627,75375.285714
7,Artwork: Deep Forest + Asahi Inori Figurine + Lost Armor x3 + Nine-Bite Snack Box + Thud-Thud Hammer,387419,55345.571429
7,Artwork: Deep Forest + Asahi Inori Figurine + Lost Armor x3 + Nine-Bite Snack Box + Wheelchair Model,314578,44939.714286
7,Artwork: Deep Forest + Asahi Inori Figurine + Lost Armor x3 + Thud-Thud Hammer x2,247211,35315.857143
7,Artwork: Deep Forest + Asahi Inori Figurine + Lost Armor x3 + Thud-Thud Hammer + Wheelchair Model,174370,24910.0
7,Artwork: Deep Forest + Asahi Inori Figurine + Lost Armor x3 + Wheelchair Model x2,101529,14504.142857
7,Artwork: Deep Forest + Asahi Inori Figurine + Lost Armor x2 + New Flavor Out Now! x3,51820,7402.857143
7,Artwork: Deep Forest + Asahi Inori Figurine + Lost Armor x2 + New Flavor Out Now! x2 + Nine-Bite Snack Box,289283,41326.142857
7,Artwork: Deep Forest + Asahi Inori Figurine + Lost Armor x2 + New Flavor Out Now! x2 + Thud-Thud Hammer,149075,21296.428571
7,Artwork: Deep Forest + Asahi Inori Figurine + Lost Armor x2 + New Flavor Out Now! x2 + Wheelchair Model,76234,10890.571429
7,Artwork: Deep Forest + Asahi Inori Figurine + Lost Armor x2 + New Flavor Out Now! + Nine-Bite Snack Box x2,526746,75249.428571
7,Artwork: Deep Forest + Asahi Inori Figurine + Lost Armor x2 + New Flavor Out Now! + Nine-Bite Snack Box + Thud-Thud Hammer,386538,55219.714286
7,Artwork: Deep Forest + Asahi Inori Figurine + Lost Armor x2 + New Flavor Out Now! + Nine-Bite Snack Box + Wheelchair Model,313697,44813.857143
7,Artwork: Deep Forest + Asahi Inori Figurine + Lost Armor x2 + New Flavor Out Now! + Thud-Thud Hammer x2,246330,35190.0
7,Artwork: Deep Forest + Asahi Inori Figurine + Lost Armor x2 + New Flavor Out Now! + Thud-Thud Hammer + Wheelchair Model,173489,24784.142857
7,Artwork: Deep Forest + Asahi Inori Figurine + Lost Armor x2 + New Flavor Out Now! + Wheelchair Model x2,100648,14378.285714
7,Artwork: Deep Forest + Asahi Inori Figurine + Lost Armor x2 + Nine-Bite Snack Box x3,764209,109172.714286
7,Artwork: Deep Forest + Asahi Inori Figurine + Lost Armor x2 + Nine-Bite Snack Box x2 + Thud-Thud Hammer,624001,89143.0
7,Artwork: Deep Forest + Asahi Inori Figurine + Lost Armor x2 + Nine-Bite Snack Box x2 + Wheelchair Model,551160,78737.142857
7,Artwork: Deep Forest + Asahi Inori Figurine + Lost Armor x2 + Nine-Bite Snack Box + Thud-Thud Hammer x2,483793,69113.285714
7,Artwork: Deep Forest + Asahi Inori Figurine + Lost Armor x2 + Nine-Bite Snack Box + Thud-Thud Hammer + Wheelchair Model,410952,58707.428571
7,Artwork: Deep Forest + Asahi Inori Figurine + Lost Armor x2 + Nine-Bite Snack Box + Wheelchair Model x2,338111,48301.571429
7,Artwork: Deep Forest + Asahi Inori Figurine + Lost Armor x2 + Thud-Thud Hammer x3,343585,49083.571429
7,Artwork: Deep Forest + Asahi Inori Figurine + Lost Armor x2 + Thud-Thud Hammer x2 + Wheelchair Model,270744,38677.714286
7,Artwork: Deep Forest + Asahi Inori Figurine + Lost Armor x2 + Thud-Thud Hammer + Wheelchair Model x2,197903,28271.857143
7,Artwork: Deep Forest + Asahi Inori Figurine + Lost Armor x2 + Wheelchair Model x3,125062,17866.0
7,Artwork: Deep Forest + Asahi Inori Figurine + Lost Armor + New Flavor Out Now! x4,50939,7277.0
7,Artwork: Deep Forest + Asahi Inori Figurine + Lost Armor + New Flavor Out Now! x3 + Nine-Bite Snack Box,288402,41200.285714
7,Artwork: Deep Forest + Asahi Inori Figurine + Lost Armor + New Flavor Out Now! x3 + Thud-Thud Hammer,148194,21170.571429
7,Artwork: Deep Forest + Asahi Inori Figurine + Lost Armor + New Flavor Out Now! x3 + Wheelchair Model,75353,10764.714286
7,Artwork: Deep Forest + Asahi Inori Figurine + Lost Armor + New Flavor Out Now! x2 + Nine-Bite Snack Box x2,525865,75123.571429
7,Artwork: Deep Forest + Asahi Inori Figurine + Lost Armor + New Flavor Out Now! x2 + Nine-Bite Snack Box + Thud-Thud Hammer,385657,55093.857143
7,Artwork: Deep Forest + Asahi Inori Figurine + Lost Armor + New Flavor Out Now! x2 + Nine-Bite Snack Box + Wheelchair Model,312816,44688.0
7,Artwork: Deep Forest + Asahi Inori Figurine + Lost Armor + New Flavor Out Now! x2 + Thud-Thud Hammer x2,245449,35064.142857
7,Artwork: Deep Forest + Asahi Inori Figurine + Lost Armor + New Flavor Out Now! x2 + Thud-Thud Hammer + Wheelchair Model,172608,24658.285714
7,Artwork: Deep Forest + Asahi Inori Figurine + Lost Armor + New Flavor Out Now! x2 + Wheelchair Model x2,99767,14252.428571
7,Artwork: Deep Forest + Asahi Inori Figurine + Lost Armor + New Flavor Out Now! + Nine-Bite Snack Box x3,763328,109046.857143
7,Artwork: Deep Forest + Asahi Inori Figurine + Lost Armor + New Flavor Out Now! + Nine-Bite Snack Box x2 + Thud-Thud Hammer,623120,89017.142857
7,Artwork: Deep Forest + Asahi Inori Figurine + Lost Armor + New Flavor Out Now! + Nine-Bite Snack Box x2 + Wheelchair Model,550279,78611.285714
7,Artwork: Deep Forest + Asahi Inori Figurine + Lost Armor + New Flavor Out Now! + Nine-Bite Snack Box + Thud-Thud Hammer x2,482912,68987.428571
7,Artwork: Deep Forest + Asahi Inori Figurine + Lost Armor + New Flavor Out Now! + Nine-Bite Snack Box + Thud-Thud Hammer + Wheelchair Model,410071,58581.571429
7,Artwork: Deep Forest + Asahi Inori Figurine + Lost Armor + New Flavor Out Now! + Nine-Bite Snack Box + Wheelchair Model x2,337230,48175.714286
7,Artwork: Deep Forest + Asahi Inori Figurine + Lost Armor + New Flavor Out Now! + Thud-Thud Hammer x3,342704,48957.714286
7,Artwork: Deep Forest + Asahi Inori Figurine + Lost Armor + New Flavor Out Now! + Thud-Thud Hammer x2 + Wheelchair Model,269863,38551.857143
7,Artwork: Deep Forest + Asahi Inori Figurine + Lost Armor + New Flavor Out Now! + Thud-Thud Hammer + Wheelchair Model x2,197022,28146.0
7,Artwork: Deep Forest + Asahi Inori Figurine + Lost Armor + New Flavor Out Now! + Wheelchair Model x3,124181,17740.142857
7,Artwork: Deep Forest + Asahi Inori Figurine + Lost Armor + Nine-Bite Snack Box x4,1000791,142970.142857
7,Artwork: Deep Forest + Asahi Inori Figurine + Lost Armor + Nine-Bite Snack Box x3 + Thud-Thud Hammer,860583,122940.428571
7,Artwork: Deep Forest + Asahi Inori Figurine + Lost Armor + Nine-Bite Snack Box x3 + Wheelchair Model,787742,112534.571429
7,Artwork: Deep Forest + Asahi Inori Figurine + Lost Armor + Nine-Bite Snack Box x2 + Thud-Thud Hammer x2,720375,102910.714286
7,Artwork: Deep Forest + Asahi Inori Figurine + Lost Armor + Nine-Bite Snack Box x2 + Thud-Thud Hammer + Wheelchair Model,647534,92504.857143
7,Artwork: Deep Forest + Asahi Inori Figurine + Lost Armor + Nine-Bite Snack Box x2 + Wheelchair Model x2,574693,82099.0
7,Artwork: Deep Forest + Asahi Inori Figurine + Lost Armor + Nine-Bite Snack Box + Thud-Thud Hammer x3,580167,82881.0
7,Artwork: Deep Forest + Asahi Inori Figurine + Lost Armor + Nine-Bite Snack Box + Thud-Thud Hammer x2 + Wheelchair Model,507326,72475.142857
7,Artwork: Deep Forest + Asahi Inori Figurine + Lost Armor + Nine-Bite Snack Box + Thud-Thud Hammer + Wheelchair Model x2,434485,62069.285714
7,Artwork: Deep Forest + Asahi Inori Figurine + Lost Armor + Nine-Bite Snack Box + Wheelchair Model x3,361644,51663.428571
7,Artwork: Deep Forest + Asahi Inori Figurine + Lost Armor + Thud-Thud Hammer x4,439959,62851.285714
7,Artwork: Deep Forest + Asahi Inori Figurine + Lost Armor + Thud-Thud Hammer x3 + Wheelchair Model,367118,52445.428571
7,Artwork: Deep Forest + Asahi Inori Figurine + Lost Armor + Thud-Thud Hammer x2 + Wheelchair Model x2,294277,42039.571429
7,Artwork: Deep Forest + Asahi Inori Figurine + Lost Armor + Thud-Thud Hammer + Wheelchair Model x3,221436,31633.714286
7,Artwork: Deep Forest + Asahi Inori Figurine + Lost Armor + Wheelchair Model x4,148595,21227.857143
7,Artwork: Deep Forest + Asahi Inori Figurine + New Flavor Out Now! x5,50058,7151.142857
7,Artwork: Deep Forest + Asahi Inori Figurine + New Flavor Out Now! x4 + Nine-Bite Snack Box,287521,41074.428571
7,Artwork: Deep Forest + Asahi Inori Figurine + New Flavor Out Now! x4 + Thud-Thud Hammer,147313,21044.714286
7,Artwork: Deep Forest + Asahi Inori Figurine + New Flavor Out Now! x4 + Wheelchair Model,74472,10638.857143
7,Artwork: Deep Forest + Asahi Inori Figurine + New Flavor Out Now! x3 + Nine-Bite Snack Box x2,524984,74997.714286
7,Artwork: Deep Forest + Asahi Inori Figurine + New Flavor Out Now! x3 + Nine-Bite Snack Box + Thud-Thud Hammer,384776,54968.0
7,Artwork: Deep Forest + Asahi Inori Figurine + New Flavor Out Now! x3 + Nine-Bite Snack Box + Wheelchair Model,311935,44562.142857
7,Artwork: Deep Forest + Asahi Inori Figurine + New Flavor Out Now! x3 + Thud-Thud Hammer x2,244568,34938.285714
7,Artwork: Deep Forest + Asahi Inori Figurine + New Flavor Out Now! x3 + Thud-Thud Hammer + Wheelchair Model,171727,24532.428571
7,Artwork: Deep Forest + Asahi Inori Figurine + New Flavor Out Now! x3 + Wheelchair Model x2,98886,14126.571429
7,Artwork: Deep Forest + Asahi Inori Figurine + New Flavor Out Now! x2 + Nine-Bite Snack Box x3,762447,108921.0
7,Artwork: Deep Forest + Asahi Inori Figurine + New Flavor Out Now! x2 + Nine-Bite Snack Box x2 + Thud-Thud Hammer,622239,88891.285714
7,Artwork: Deep Forest + Asahi Inori Figurine + New Flavor Out Now! x2 + Nine-Bite Snack Box x2 + Wheelchair Model,549398,78485.428571
7,Artwork: Deep Forest + Asahi Inori Figurine + New Flavor Out Now! x2 + Nine-Bite Snack Box + Thud-Thud Hammer x2,482031,68861.571429
7,Artwork: Deep Forest + Asahi Inori Figurine + New Flavor Out Now! x2 + Nine-Bite Snack Box + Thud-Thud Hammer + Wheelchair Model,409190,58455.714286
7,Artwork: Deep Forest + Asahi Inori Figurine + New Flavor Out Now! x2 + Nine-Bite Snack Box + Wheelchair Model x2,336349,48049.857143
7,Artwork: Deep Forest + Asahi Inori Figurine + New Flavor Out Now! x2 + Thud-Thud Hammer x3,341823,48831.857143
7,Artwork: Deep Forest + Asahi Inori Figurine + New Flavor Out Now! x2 + Thud-Thud Hammer x2 + Wheelchair Model,268982,38426.0
7,Artwork: Deep Forest + Asahi Inori Figurine + New Flavor Out Now! x2 + Thud-Thud Hammer + Wheelchair Model x2,196141,28020.142857
7,Artwork: Deep Forest + Asahi Inori Figurine + New Flavor Out Now! x2 + Wheelchair Model x3,123300,17614.285714
7,Artwork: Deep Forest + Asahi Inori Figurine + New Flavor Out Now! + Nine-Bite Snack Box x4,999910,142844.285714
7,Artwork: Deep Forest + Asahi Inori Figurine + New Flavor Out Now! + Nine-Bite Snack Box x3 + Thud-Thud Hammer,859702,122814.571429
7,Artwork: Deep Forest + Asahi Inori Figurine + New Flavor Out Now! + Nine-Bite Snack Box x3 + Wheelchair Model,786861,112408.714286
7,Artwork: Deep Forest + Asahi Inori Figurine + New Flavor Out Now! + Nine-Bite Snack Box x2 + Thud-Thud Hammer x2,719494,102784.857143
7,Artwork: Deep Forest + Asahi Inori Figurine + New Flavor Out Now! + Nine-Bite Snack Box x2 + Thud-Thud Hammer + Wheelchair Model,646653,92379.0
7,Artwork: Deep Forest + Asahi Inori Figurine + New Flavor Out Now! + Nine-Bite Snack Box x2 + Wheelchair Model x2,573812,81973.142857
7,Artwork: Deep Forest + Asahi Inori Figurine + New Flavor Out Now! + Nine-Bite Snack Box + Thud-Thud Hammer x3,579286,82755.142857
7,Artwork: Deep Forest + Asahi Inori Figurine + New Flavor Out Now! + Nine-Bite Snack Box + Thud-Thud Hammer x2 + Wheelchair Model,506445,72349.285714
7,Artwork: Deep Forest + Asahi Inori Figurine + New Flavor Out Now! + Nine-Bite Snack Box + Thud-Thud Hammer + Wheelchair Model x2,433604,61943.428571
7,Artwork: Deep Forest + Asahi Inori Figurine + New Flavor Out Now! + Nine-Bite Snack Box + Wheelchair Model x3,360763,51537.571429
7,Artwork: Deep Forest + Asahi Inori Figurine + New Flavor Out Now! + Thud-Thud Hammer x4,439078,62725.428571
7,Artwork: Deep Forest + Asahi Inori Figurine + New Flavor Out Now! + Thud-Thud Hammer x3 + Wheelchair Model,366237,52319.571429
7,Artwork: Deep Forest + Asahi Inori Figurine + New Flavor Out Now! + Thud-Thud Hammer x2 + Wheelchair Model x2,293396,41913.714286
7,Artwork: Deep Forest + Asahi Inori Figurine + New Flavor Out Now! + Thud-Thud Hammer + Wheelchair Model x3,220555,31507.857143
7,Artwork: Deep Forest + Asahi Inori Figurine + New Flavor Out Now! + Wheelchair Model x4,147714,21102.0
7,Artwork: Deep Forest + Asahi Inori Figurine + Nine-Bite Snack Box x5,1237373,176767.571429
7,Artwork: Deep Forest + Asahi Inori Figurine + Nine-Bite Snack Box x4 + Thud-Thud Hammer,1097165,156737.857143
7,Artwork: Deep Forest + Asahi Inori Figurine + Nine-Bite Snack Box x4 + Wheelchair Model,1024324,146332.0
7,Artwork: Deep Forest + Asahi Inori Figurine + Nine-Bite Snack Box x3 + Thud-Thud Hammer x2,956957,136708.142857
7,Artwork: Deep Forest + Asahi Inori Figurine + Nine-Bite Snack Box x3 + Thud-Thud Hammer + Wheelchair Model,884116,126302.285714
7,Artwork: Deep Forest + Asahi Inori Figurine + Nine-Bite Snack Box x3 + Wheelchair Model x2,811275,115896.428571
7,Artwork: Deep Forest + Asahi Inori Figurine + Nine-Bite Snack Box x2 + Thud-Thud Hammer x3,816749,116678.428571
7,Artwork: Deep Forest + Asahi Inori Figurine + Nine-Bite Snack Box x2 + Thud-Thud Hammer x2 + Wheelchair Model,743908,106272.571429
7,Artwork: Deep Forest + Asahi Inori Figurine + Nine-Bite Snack Box x2 + Thud-Thud Hammer + Wheelchair Model x2,671067,95866.714286
7,Artwork: Deep Forest + Asahi Inori Figurine + Nine-Bite Snack Box x2 + Wheelchair Model x3,598226,85460.857143
7,Artwork: Deep Forest + Asahi Inori Figurine + Nine-Bite Snack Box + Thud-Thud Hammer x4,676541,96648.714286
7,Artwork: Deep Forest + Asahi Inori Figurine + Nine-Bite Snack Box + Thud-Thud Hammer x3 + Wheelchair Model,603700,86242.857143
7,Artwork: Deep Forest + Asahi Inori Figurine + Nine-Bite Snack Box + Thud-Thud Hammer x2 + Wheelchair Model x2,530859,75837.0
7,Artwork: Deep Forest + Asahi Inori Figurine + Nine-Bite Snack Box + Thud-Thud Hammer + Wheelchair Model x3,458018,65431.142857
7,Artwork: Deep Forest + Asahi Inori Figurine + Nine-Bite Snack Box + Wheelchair Model x4,385177,55025.285714
7,Artwork: Deep Forest + Asahi Inori Figurine + Thud-Thud Hammer x5,536333,76619.0
7,Artwork: Deep Forest + Asahi Inori Figurine + Thud-Thud Hammer x4 + Wheelchair Model,463492,66213.142857
7,Artwork: Deep Forest + Asahi Inori Figurine + Thud-Thud Hammer x3 + Wheelchair Model x2,390651,55807.285714
7,Artwork: Deep Forest + Asahi Inori Figurine + Thud-Thud Hammer x2 + Wheelchair Model x3,317810,45401.428571
7,Artwork: Deep Forest + Asahi Inori Figurine + Thud-Thud Hammer + Wheelchair Model x4,244969,34995.571429
7,Artwork: Deep Forest + Asahi Inori Figurine + Wheelchair Model x5,172128,24589.714286
7,Artwork: Deep Forest + Ghostfire Wisp x6,1568607,224086.714286
7,Artwork: Deep Forest + Ghostfire Wisp x5 + Lost Armor,1311810,187401.428571
7,Artwork: Deep Forest + Ghostfire Wisp x5 + New Flavor Out Now!,1310929,187275.571429
7,Artwork: Deep Forest + Ghostfire Wisp x5 + Nine-Bite Snack Box,1548392,221198.857143
7,Artwork: Deep Forest + Ghostfire Wisp x5 + Thud-Thud Hammer,1408184,201169.142857
7,Artwork: Deep Forest + Ghostfire Wisp x5 + Wheelchair Model,1335343,190763.285714
7,Artwork: Deep Forest + Ghostfire Wisp x4 + Lost Armor x2,1055013,150716.142857
7,Artwork: Deep Forest + Ghostfire Wisp x4 + Lost Armor + New Flavor Out Now!,1054132,150590.285714
7,Artwork: Deep Forest + Ghostfire Wisp x4 + Lost Armor + Nine-Bite Snack Box,1291595,184513.571429
7,Artwork: Deep Forest + Ghostfire Wisp x4 + Lost Armor + Thud-Thud Hammer,1151387,164483.857143
7,Artwork: Deep Forest + Ghostfire Wisp x4 + Lost Armor + Wheelchair Model,1078546,154078.0
7,Artwork: Deep Forest + Ghostfire Wisp x4 + New Flavor Out Now! x2,1053251,150464.428571
7,Artwork: Deep Forest + Ghostfire Wisp x4 + New Flavor Out Now! + Nine-Bite Snack Box,1290714,184387.714286
7,Artwork: Deep Forest + Ghostfire Wisp x4 + New Flavor Out Now! + Thud-Thud Hammer,1150506,164358.0
7,Artwork: Deep Forest + Ghostfire Wisp x4 + New Flavor Out Now! + Wheelchair Model,1077665,153952.142857
7,Artwork: Deep Forest + Ghostfire Wisp x4 + Nine-Bite Snack Box x2,1528177,218311.0
7,Artwork: Deep Forest + Ghostfire Wisp x4 + Nine-Bite Snack Box + Thud-Thud Hammer,1387969,198281.285714
7,Artwork: Deep Forest + Ghostfire Wisp x4 + Nine-Bite Snack Box + Wheelchair Model,1315128,187875.428571
7,Artwork: Deep Forest + Ghostfire Wisp x4 + Thud-Thud Hammer x2,1247761,178251.571429
7,Artwork: Deep Forest + Ghostfire Wisp x4 + Thud-Thud Hammer + Wheelchair Model,1174920,167845.714286
7,Artwork: Deep Forest + Ghostfire Wisp x4 + Wheelchair Model x2,1102079,157439.857143
7,Artwork: Deep Forest + Ghostfire Wisp x3 + Lost Armor x3,798216,114030.857143
7,Artwork: Deep Forest + Ghostfire Wisp x3 + Lost Armor x2 + New Flavor Out Now!,797335,113905.0
7,Artwork: Deep Forest + Ghostfire Wisp x3 + Lost Armor x2 + Nine-Bite Snack Box,1034798,147828.285714
7,Artwork: Deep Forest + Ghostfire Wisp x3 + Lost Armor x2 + Thud-Thud Hammer,894590,127798.571429
7,Artwork: Deep Forest + Ghostfire Wisp x3 + Lost Armor x2 + Wheelchair Model,821749,117392.714286
7,Artwork: Deep Forest + Ghostfire Wisp x3 + Lost Armor + New Flavor Out Now! x2,796454,113779.142857
7,Artwork: Deep Forest + Ghostfire Wisp x3 + Lost Armor + New Flavor Out Now! + Nine-Bite Snack Box,1033917,147702.428571
7,Artwork: Deep Forest + Ghostfire Wisp x3 + Lost Armor + New Flavor Out Now! + Thud-Thud Hammer,893709,127672.714286
7,Artwork: Deep Forest + Ghostfire Wisp x3 + Lost Armor + New Flavor Out Now! + Wheelchair Model,820868,117266.857143
7,Artwork: Deep Forest + Ghostfire Wisp x3 + Lost Armor + Nine-Bite Snack Box x2,1271380,181625.714286
7,Artwork: Deep Forest + Ghostfire Wisp x3 + Lost Armor + Nine-Bite Snack Box + Thud-Thud Hammer,1131172,161596.0
7,Artwork: Deep Forest + Ghostfire Wisp x3 + Lost Armor + Nine-Bite Snack Box + Wheelchair Model,1058331,151190.142857
7,Artwork: Deep Forest + Ghostfire Wisp x3 + Lost Armor + Thud-Thud Hammer x2,990964,141566.285714
7,Artwork: Deep Forest + Ghostfire Wisp x3 + Lost Armor + Thud-Thud Hammer + Wheelchair Model,918123,131160.428571
7,Artwork: Deep Forest + Ghostfire Wisp x3 + Lost Armor + Wheelchair Model x2,845282,120754.571429
7,Artwork: Deep Forest + Ghostfire Wisp x3 + New Flavor Out Now! x3,795573,113653.285714
7,Artwork: Deep Forest + Ghostfire Wisp x3 + New Flavor Out Now! x2 + Nine-Bite Snack Box,1033036,147576.571429
7,Artwork: Deep Forest + Ghostfire Wisp x3 + New Flavor Out Now! x2 + Thud-Thud Hammer,892828,127546.857143
7,Artwork: Deep Forest + Ghostfire Wisp x3 + New Flavor Out Now! x2 + Wheelchair Model,819987,117141.0
7,Artwork: Deep Forest + Ghostfire Wisp x3 + New Flavor Out Now! + Nine-Bite Snack Box x2,1270499,181499.857143
7,Artwork: Deep Forest + Ghostfire Wisp x3 + New Flavor Out Now! + Nine-Bite Snack Box + Thud-Thud Hammer,1130291,161470.142857
7,Artwork: Deep Forest + Ghostfire Wisp x3 + New Flavor Out Now! + Nine-Bite Snack Box + Wheelchair Model,1057450,151064.285714
7,Artwork: Deep Forest + Ghostfire Wisp x3 + New Flavor Out Now! + Thud-Thud Hammer x2,990083,141440.428571
7,Artwork: Deep Forest + Ghostfire Wisp x3 + New Flavor Out Now! + Thud-Thud Hammer + Wheelchair Model,917242,131034.571429
7,Artwork: Deep Forest + Ghostfire Wisp x3 + New Flavor Out Now! + Wheelchair Model x2,844401,120628.714286
7,Artwork: Deep Forest + Ghostfire Wisp x3 + Nine-Bite Snack Box x3,1507962,215423.142857
7,Artwork: Deep Forest + Ghostfire Wisp x3 + Nine-Bite Snack Box x2 + Thud-Thud Hammer,1367754,195393.428571
7,Artwork: Deep Forest + Ghostfire Wisp x3 + Nine-Bite Snack Box x2 + Wheelchair Model,1294913,184987.571429
7,Artwork: Deep Forest + Ghostfire Wisp x3 + Nine-Bite Snack Box + Thud-Thud Hammer x2,1227546,175363.714286
7,Artwork: Deep Forest + Ghostfire Wisp x3 + Nine-Bite Snack Box + Thud-Thud Hammer + Wheelchair Model,1154705,164957.857143
7,Artwork: Deep Forest + Ghostfire Wisp x3 + Nine-Bite Snack Box + Wheelchair Model x2,1081864,154552.0
7,Artwork: Deep Forest + Ghostfire Wisp x3 + Thud-Thud Hammer x3,1087338,155334.0
7,Artwork: Deep Forest + Ghostfire Wisp x3 + Thud-Thud Hammer x2 + Wheelchair Model,1014497,144928.142857
7,Artwork: Deep Forest + Ghostfire Wisp x3 + Thud-Thud Hammer + Wheelchair Model x2,941656,134522.285714
7,Artwork: Deep Forest + Ghostfire Wisp x3 + Wheelchair Model x3,868815,124116.428571
7,Artwork: Deep Forest + Ghostfire Wisp x2 + Lost Armor x4,541419,77345.571429
7,Artwork: Deep Forest + Ghostfire Wisp x2 + Lost Armor x3 + New Flavor Out Now!,540538,77219.714286
7,Artwork: Deep Forest + Ghostfire Wisp x2 + Lost Armor x3 + Nine-Bite Snack Box,778001,111143.0
7,Artwork: Deep Forest + Ghostfire Wisp x2 + Lost Armor x3 + Thud-Thud Hammer,637793,91113.285714
7,Artwork: Deep Forest + Ghostfire Wisp x2 + Lost Armor x3 + Wheelchair Model,564952,80707.428571
7,Artwork: Deep Forest + Ghostfire Wisp x2 + Lost Armor x2 + New Flavor Out Now! x2,539657,77093.857143
7,Artwork: Deep Forest + Ghostfire Wisp x2 + Lost Armor x2 + New Flavor Out Now! + Nine-Bite Snack Box,777120,111017.142857
7,Artwork: Deep Forest + Ghostfire Wisp x2 + Lost Armor x2 + New Flavor Out Now! + Thud-Thud Hammer,636912,90987.428571
7,Artwork: Deep Forest + Ghostfire Wisp x2 + Lost Armor x2 + New Flavor Out Now! + Wheelchair Model,564071,80581.571429
7,Artwork: Deep Forest + Ghostfire Wisp x2 + Lost Armor x2 + Nine-Bite Snack Box x2,1014583,144940.428571
7,Artwork: Deep Forest + Ghostfire Wisp x2 + Lost Armor x2 + Nine-Bite Snack Box + Thud-Thud Hammer,874375,124910.714286
7,Artwork: Deep Forest + Ghostfire Wisp x2 + Lost Armor x2 + Nine-Bite Snack Box + Wheelchair Model,801534,114504.857143
7,Artwork: Deep Forest + Ghostfire Wisp x2 + Lost Armor x2 + Thud-Thud Hammer x2,734167,104881.0
7,Artwork: Deep Forest + Ghostfire Wisp x2 + Lost Armor x2 + Thud-Thud Hammer + Wheelchair Model,661326,94475.142857
7,Artwork: Deep Forest + Ghostfire Wisp x2 + Lost Armor x2 + Wheelchair Model x2,588485,84069.285714
7,Artwork: Deep Forest + Ghostfire Wisp x2 + Lost Armor + New Flavor Out Now! x3,538776,76968.0
7,Artwork: Deep Forest + Ghostfire Wisp x2 + Lost Armor + New Flavor Out Now! x2 + Nine-Bite Snack Box,776239,110891.285714
7,Artwork: Deep Forest + Ghostfire Wisp x2 + Lost Armor + New Flavor Out Now! x2 + Thud-Thud Hammer,636031,90861.571429
7,Artwork: Deep Forest + Ghostfire Wisp x2 + Lost Armor + New Flavor Out Now! x2 + Wheelchair Model,563190,80455.714286
7,Artwork: Deep Forest + Ghostfire Wisp x2 + Lost Armor + New Flavor Out Now! + Nine-Bite Snack Box x2,1013702,144814.571429
7,Artwork: Deep Forest + Ghostfire Wisp x2 + Lost Armor + New Flavor Out Now! + Nine-Bite Snack Box + Thud-Thud Hammer,873494,124784.857143
7,Artwork: Deep Forest + Ghostfire Wisp x2 + Lost Armor + New Flavor Out Now! + Nine-Bite Snack Box + Wheelchair Model,800653,114379.0
7,Artwork: Deep Forest + Ghostfire Wisp x2 + Lost Armor + New Flavor Out Now! + Thud-Thud Hammer x2,733286,104755.142857
7,Artwork: Deep Forest + Ghostfire Wisp x2 + Lost Armor + New Flavor Out Now! + Thud-Thud Hammer + Wheelchair Model,660445,94349.285714
7,Artwork: Deep Forest + Ghostfire Wisp x2 + Lost Armor + New Flavor Out Now! + Wheelchair Model x2,587604,83943.428571
7,Artwork: Deep Forest + Ghostfire Wisp x2 + Lost Armor + Nine-Bite Snack Box x3,1251165,178737.857143
7,Artwork: Deep Forest + Ghostfire Wisp x2 + Lost Armor + Nine-Bite Snack Box x2 + Thud-Thud Hammer,1110957,158708.142857
7,Artwork: Deep Forest + Ghostfire Wisp x2 + Lost Armor + Nine-Bite Snack Box x2 + Wheelchair Model,1038116,148302.285714
7,Artwork: Deep Forest + Ghostfire Wisp x2 + Lost Armor + Nine-Bite Snack Box + Thud-Thud Hammer x2,970749,138678.428571
7,Artwork: Deep Forest + Ghostfire Wisp x2 + Lost Armor + Nine-Bite Snack Box + Thud-Thud Hammer + Wheelchair Model,897908,128272.571429
7,Artwork: Deep Forest + Ghostfire Wisp x2 + Lost Armor + Nine-Bite Snack Box + Wheelchair Model x2,825067,117866.714286
7,Artwork: Deep Forest + Ghostfire Wisp x2 + Lost Armor + Thud-Thud Hammer x3,830541,118648.714286
7,Artwork: Deep Forest + Ghostfire Wisp x2 + Lost Armor + Thud-Thud Hammer x2 + Wheelchair Model,757700,108242.857143
7,Artwork: Deep Forest + Ghostfire Wisp x2 + Lost Armor + Thud-Thud Hammer + Wheelchair Model x2,684859,97837.0
7,Artwork: Deep Forest + Ghostfire Wisp x2 + Lost Armor + Wheelchair Model x3,612018,87431.142857
7,Artwork: Deep Forest + Ghostfire Wisp x2 + New Flavor Out Now! x4,537895,76842.142857
7,Artwork: Deep Forest + Ghostfire Wisp x2 + New Flavor Out Now! x3 + Nine-Bite Snack Box,775358,110765.428571
7,Artwork: Deep Forest + Ghostfire Wisp x2 + New Flavor Out Now! x3 + Thud-Thud Hammer,635150,90735.714286
7,Artwork: Deep Forest + Ghostfire Wisp x2 + New Flavor Out Now! x3 + Wheelchair Model,562309,80329.857143
7,Artwork: Deep Forest + Ghostfire Wisp x2 + New Flavor Out Now! x2 + Nine-Bite Snack Box x2,1012821,144688.714286
7,Artwork: Deep Forest + Ghostfire Wisp x2 + New Flavor Out Now! x2 + Nine-Bite Snack Box + Thud-Thud Hammer,872613,124659.0
7,Artwork: Deep Forest + Ghostfire Wisp x2 + New Flavor Out Now! x2 + Nine-Bite Snack Box + Wheelchair Model,799772,114253.142857
7,Artwork: Deep Forest + Ghostfire Wisp x2 + New Flavor Out Now! x2 + Thud-Thud Hammer x2,732405,104629.285714
7,Artwork: Deep Forest + Ghostfire Wisp x2 + New Flavor Out Now! x2 + Thud-Thud Hammer + Wheelchair Model,659564,94223.428571
7,Artwork: Deep Forest + Ghostfire Wisp x2 + New Flavor Out Now! x2 + Wheelchair Model x2,586723,83817.571429
7,Artwork: Deep Forest + Ghostfire Wisp x2 + New Flavor Out Now! + Nine-Bite Snack Box x3,1250284,178612.0
7,Artwork: Deep Forest + Ghostfire Wisp x2 + New Flavor Out Now! + Nine-Bite Snack Box x2 + Thud-Thud Hammer,1110076,158582.285714
7,Artwork: Deep Forest + Ghostfire Wisp x2 + New Flavor Out Now! + Nine-Bite Snack Box x2 + Wheelchair Model,1037235,148176.428571
7,Artwork: Deep Forest + Ghostfire Wisp x2 + New Flavor Out Now! + Nine-Bite Snack Box + Thud-Thud Hammer x2,969868,138552.571429
7,Artwork: Deep Forest + Ghostfire Wisp x2 + New Flavor Out Now! + Nine-Bite Snack Box + Thud-Thud Hammer + Wheelchair Model,897027,128146.714286
7,Artwork: Deep Forest + Ghostfire Wisp x2 + New Flavor Out Now! + Nine-Bite Snack Box + Wheelchair Model x2,824186,117740.857143
7,Artwork: Deep Forest + Ghostfire Wisp x2 + New Flavor Out Now! + Thud-Thud Hammer x3,829660,118522.857143
7,Artwork: Deep Forest + Ghostfire Wisp x2 + New Flavor Out Now! + Thud-Thud Hammer x2 + Wheelchair Model,756819,108117.0
7,Artwork: Deep Forest + Ghostfire Wisp x2 + New Flavor Out Now! + Thud-Thud Hammer + Wheelchair Model x2,683978,97711.142857
7,Artwork: Deep Forest + Ghostfire Wisp x2 + New Flavor Out Now! + Wheelchair Model x3,611137,87305.285714
7,Artwork: Deep Forest + Ghostfire Wisp x2 + Nine-Bite Snack Box x4,1487747,212535.285714
7,Artwork: Deep Forest + Ghostfire Wisp x2 + Nine-Bite Snack Box x3 + Thud-Thud Hammer,1347539,192505.571429
7,Artwork: Deep Forest + Ghostfire Wisp x2 + Nine-Bite Snack Box x3 + Wheelchair Model,1274698,182099.714286
7,Artwork: Deep Forest + Ghostfire Wisp x2 + Nine-Bite Snack Box x2 + Thud-Thud Hammer x2,1207331,172475.857143
7,Artwork: Deep Forest + Ghostfire Wisp x2 + Nine-Bite Snack Box x2 + Thud-Thud Hammer + Wheelchair Model,1134490,162070.0
7,Artwork: Deep Forest + Ghostfire Wisp x2 + Nine-Bite Snack Box x2 + Wheelchair Model x2,1061649,151664.142857
7,Artwork: Deep Forest + Ghostfire Wisp x2 + Nine-Bite Snack Box + Thud-Thud Hammer x3,1067123,152446.142857
7,Artwork: Deep Forest + Ghostfire Wisp x2 + Nine-Bite Snack Box + Thud-Thud Hammer x2 + Wheelchair Model,994282,142040.285714
7,Artwork: Deep Forest + Ghostfire Wisp x2 + Nine-Bite Snack Box + Thud-Thud Hammer + Wheelchair Model x2,921441,131634.428571
7,Artwork: Deep Forest + Ghostfire Wisp x2 + Nine-Bite Snack Box + Wheelchair Model x3,848600,121228.571429
7,Artwork: Deep Forest + Ghostfire Wisp x2 + Thud-Thud Hammer x4,926915,132416.428571
7,Artwork: Deep Forest + Ghostfire Wisp x2 + Thud-Thud Hammer x3 + Wheelchair Model,854074,122010.571429
7,Artwork: Deep Forest + Ghostfire Wisp x2 + Thud-Thud Hammer x2 + Wheelchair Model x2,781233,111604.714286
7,Artwork: Deep Forest + Ghostfire Wisp x2 + Thud-Thud Hammer + Wheelchair Model x3,708392,101198.857143
7,Artwork: Deep Forest + Ghostfire Wisp x2 + Wheelchair Model x4,635551,90793.0
7,Artwork: Deep Forest + Ghostfire Wisp + Lost Armor x5,284622,40660.285714
7,Artwork: Deep Forest + Ghostfire Wisp + Lost Armor x4 + New Flavor Out Now!,283741,40534.428571
7,Artwork: Deep Forest + Ghostfire Wisp + Lost Armor x4 + Nine-Bite Snack Box,521204,74457.714286
7,Artwork: Deep Forest + Ghostfire Wisp + Lost Armor x4 + Thud-Thud Hammer,380996,54428.0
7,Artwork: Deep Forest + Ghostfire Wisp + Lost Armor x4 + Wheelchair Model,308155,44022.142857
7,Artwork: Deep Forest + Ghostfire Wisp + Lost Armor x3 + New Flavor Out Now! x2,282860,40408.571429
7,Artwork: Deep Forest + Ghostfire Wisp + Lost Armor x3 + New Flavor Out Now! + Nine-Bite Snack Box,520323,74331.857143
7,Artwork: Deep Forest + Ghostfire Wisp + Lost Armor x3 + New Flavor Out Now! + Thud-Thud Hammer,380115,54302.142857
7,Artwork: Deep Forest + Ghostfire Wisp + Lost Armor x3 + New Flavor Out Now! + Wheelchair Model,307274,43896.285714
7,Artwork: Deep Forest + Ghostfire Wisp + Lost Armor x3 + Nine-Bite Snack Box x2,757786,108255.142857
7,Artwork: Deep Forest + Ghostfire Wisp + Lost Armor x3 + Nine-Bite Snack Box + Thud-Thud Hammer,617578,88225.428571
7,Artwork: Deep Forest + Ghostfire Wisp + Lost Armor x3 + Nine-Bite Snack Box + Wheelchair Model,544737,77819.571429
7,Artwork: Deep Forest + Ghostfire Wisp + Lost Armor x3 + Thud-Thud Hammer x2,477370,68195.714286
7,Artwork: Deep Forest + Ghostfire Wisp + Lost Armor x3 + Thud-Thud Hammer + Wheelchair Model,404529,57789.857143
7,Artwork: Deep Forest + Ghostfire Wisp + Lost Armor x3 + Wheelchair Model x2,331688,47384.0
7,Artwork: Deep Forest + Ghostfire Wisp + Lost Armor x2 + New Flavor Out Now! x3,281979,40282.714286
7,Artwork: Deep Forest + Ghostfire Wisp + Lost Armor x2 + New Flavor Out Now! x2 + Nine-Bite Snack Box,519442,74206.0
7,Artwork: Deep Forest + Ghostfire Wisp + Lost Armor x2 + New Flavor Out Now! x2 + Thud-Thud Hammer,379234,54176.285714
7,Artwork: Deep Forest + Ghostfire Wisp + Lost Armor x2 + New Flavor Out Now! x2 + Wheelchair Model,306393,43770.428571
7,Artwork: Deep Forest + Ghostfire Wisp + Lost Armor x2 + New Flavor Out Now! + Nine-Bite Snack Box x2,756905,108129.285714
7,Artwork: Deep Forest + Ghostfire Wisp + Lost Armor x2 + New Flavor Out Now! + Nine-Bite Snack Box + Thud-Thud Hammer,616697,88099.571429
7,Artwork: Deep Forest + Ghostfire Wisp + Lost Armor x2 + New Flavor Out Now! + Nine-Bite Snack Box + Wheelchair Model,543856,77693.714286
7,Artwork: Deep Forest + Ghostfire Wisp + Lost Armor x2 + New Flavor Out Now! + Thud-Thud Hammer x2,476489,68069.857143
7,Artwork: Deep Forest + Ghostfire Wisp + Lost Armor x2 + New Flavor Out Now! + Thud-Thud Hammer + Wheelchair Model,403648,57664.0
7,Artwork: Deep Forest + Ghostfire Wisp + Lost Armor x2 + New Flavor Out Now! + Wheelchair Model x2,330807,47258.142857
7,Artwork: Deep Forest + Ghostfire Wisp + Lost Armor x2 + Nine-Bite Snack Box x3,994368,142052.571429
7,Artwork: Deep Forest + Ghostfire Wisp + Lost Armor x2 + Nine-Bite Snack Box x2 + Thud-Thud Hammer,854160,122022.857143
7,Artwork: Deep Forest + Ghostfire Wisp + Lost Armor x2 + Nine-Bite Snack Box x2 + Wheelchair Model,781319,111617.0
7,Artwork: Deep Forest + Ghostfire Wisp + Lost Armor x2 + Nine-Bite Snack Box + Thud-Thud Hammer x2,713952,101993.142857
7,Artwork: Deep Forest + Ghostfire Wisp + Lost Armor x2 + Nine-Bite Snack Box + Thud-Thud Hammer + Wheelchair Model,641111,91587.285714
7,Artwork: Deep Forest + Ghostfire Wisp + Lost Armor x2 + Nine-Bite Snack Box + Wheelchair Model x2,568270,81181.428571
7,Artwork: Deep Forest + Ghostfire Wisp + Lost Armor x2 + Thud-Thud Hammer x3,573744,81963.428571
7,Artwork: Deep Forest + Ghostfire Wisp + Lost Armor x2 + Thud-Thud Hammer x2 + Wheelchair Model,500903,71557.571429
7,Artwork: Deep Forest + Ghostfire Wisp + Lost Armor x2 + Thud-Thud Hammer + Wheelchair Model x2,428062,61151.714286
7,Artwork: Deep Forest + Ghostfire Wisp + Lost Armor x2 + Wheelchair Model x3,355221,50745.857143
7,Artwork: Deep Forest + Ghostfire Wisp + Lost Armor + New Flavor Out Now! x4,281098,40156.857143
7,Artwork: Deep Forest + Ghostfire Wisp + Lost Armor + New Flavor Out Now! x3 + Nine-Bite Snack Box,518561,74080.142857
7,Artwork: Deep Forest + Ghostfire Wisp + Lost Armor + New Flavor Out Now! x3 + Thud-Thud Hammer,378353,54050.428571
7,Artwork: Deep Forest + Ghostfire Wisp + Lost Armor + New Flavor Out Now! x3 + Wheelchair Model,305512,43644.571429
7,Artwork: Deep Forest + Ghostfire Wisp + Lost Armor + New Flavor Out Now! x2 + Nine-Bite Snack Box x2,756024,108003.428571
7,Artwork: Deep Forest + Ghostfire Wisp + Lost Armor + New Flavor Out Now! x2 + Nine-Bite Snack Box + Thud-Thud Hammer,615816,87973.714286
7,Artwork: Deep Forest + Ghostfire Wisp + Lost Armor + New Flavor Out Now! x2 + Nine-Bite Snack Box + Wheelchair Model,542975,77567.857143
7,Artwork: Deep Forest + Ghostfire Wisp + Lost Armor + New Flavor Out Now! x2 + Thud-Thud Hammer x2,475608,67944.0
7,Artwork: Deep Forest + Ghostfire Wisp + Lost Armor + New Flavor Out Now! x2 + Thud-Thud Hammer + Wheelchair Model,402767,57538.142857
7,Artwork: Deep Forest + Ghostfire Wisp + Lost Armor + New Flavor Out Now! x2 + Wheelchair Model x2,329926,47132.285714
7,Artwork: Deep Forest + Ghostfire Wisp + Lost Armor + New Flavor Out Now! + Nine-Bite Snack Box x3,993487,141926.714286
7,Artwork: Deep Forest + Ghostfire Wisp + Lost Armor + New Flavor Out Now! + Nine-Bite Snack Box x2 + Thud-Thud Hammer,853279,121897.0
7,Artwork: Deep Forest + Ghostfire Wisp + Lost Armor + New Flavor Out Now! + Nine-Bite Snack Box x2 + Wheelchair Model,780438,111491.142857
7,Artwork: Deep Forest + Ghostfire Wisp + Lost Armor + New Flavor Out Now! + Nine-Bite Snack Box + Thud-Thud Hammer x2,713071,101867.285714
7,Artwork: Deep Forest + Ghostfire Wisp + Lost Armor + New Flavor Out Now! + Nine-Bite Snack Box + Thud-Thud Hammer + Wheelchair Model,640230,91461.428571
7,Artwork: Deep Forest + Ghostfire Wisp + Lost Armor + New Flavor Out Now! + Nine-Bite Snack Box + Wheelchair Model x2,567389,81055.571429
7,Artwork: Deep Forest + Ghostfire Wisp + Lost Armor + New Flavor Out Now! + Thud-Thud Hammer x3,572863,81837.571429
7,Artwork: Deep Forest + Ghostfire Wisp + Lost Armor + New Flavor Out Now! + Thud-Thud Hammer x2 + Wheelchair Model,500022,71431.714286
7,Artwork: Deep Forest + Ghostfire Wisp + Lost Armor + New Flavor Out Now! + Thud-Thud Hammer + Wheelchair Model x2,427181,61025.857143
7,Artwork: Deep Forest + Ghostfire Wisp + Lost Armor + New Flavor Out Now! + Wheelchair Model x3,354340,50620.0
7,Artwork: Deep Forest + Ghostfire Wisp + Lost Armor + Nine-Bite Snack Box x4,1230950,175850.0
7,Artwork: Deep Forest + Ghostfire Wisp + Lost Armor + Nine-Bite Snack Box x3 + Thud-Thud Hammer,1090742,155820.285714
7,Artwork: Deep Forest + Ghostfire Wisp + Lost Armor + Nine-Bite Snack Box x3 + Wheelchair Model,1017901,145414.428571
7,Artwork: Deep Forest + Ghostfire Wisp + Lost Armor + Nine-Bite Snack Box x2 + Thud-Thud Hammer x2,950534,135790.571429
7,Artwork: Deep Forest + Ghostfire Wisp + Lost Armor + Nine-Bite Snack Box x2 + Thud-Thud Hammer + Wheelchair Model,877693,125384.714286
7,Artwork: Deep Forest + Ghostfire Wisp + Lost Armor + Nine-Bite Snack Box x2 + Wheelchair Model x2,804852,114978.857143
7,Artwork: Deep Forest + Ghostfire Wisp + Lost Armor + Nine-Bite Snack Box + Thud-Thud Hammer x3,810326,115760.857143
7,Artwork: Deep Forest + Ghostfire Wisp + Lost Armor + Nine-Bite Snack Box + Thud-Thud Hammer x2 + Wheelchair Model,737485,105355.0
7,Artwork: Deep Forest + Ghostfire Wisp + Lost Armor + Nine-Bite Snack Box + Thud-Thud Hammer + Wheelchair Model x2,664644,94949.142857
7,Artwork: Deep Forest + Ghostfire Wisp + Lost Armor + Nine-Bite Snack Box + Wheelchair Model x3,591803,84543.285714
7,Artwork: Deep Forest + Ghostfire Wisp + Lost Armor + Thud-Thud Hammer x4,670118,95731.142857
7,Artwork: Deep Forest + Ghostfire Wisp + Lost Armor + Thud-Thud Hammer x3 + Wheelchair Model,597277,85325.285714
7,Artwork: Deep Forest + Ghostfire Wisp + Lost Armor + Thud-Thud Hammer x2 + Wheelchair Model x2,524436,74919.428571
7,Artwork: Deep Forest + Ghostfire Wisp + Lost Armor + Thud-Thud Hammer + Wheelchair Model x3,451595,64513.571429
7,Artwork: Deep Forest + Ghostfire Wisp + Lost Armor + Wheelchair Model x4,378754,54107.714286
7,Artwork: Deep Forest + Ghostfire Wisp + New Flavor Out Now! x5,280217,40031.0
7,Artwork: Deep Forest + Ghostfire Wisp + New Flavor Out Now! x4 + Nine-Bite Snack Box,517680,73954.285714
7,Artwork: Deep Forest + Ghostfire Wisp + New Flavor Out Now! x4 + Thud-Thud Hammer,377472,53924.571429
7,Artwork: Deep Forest + Ghostfire Wisp + New Flavor Out Now! x4 + Wheelchair Model,304631,43518.714286
7,Artwork: Deep Forest + Ghostfire Wisp + New Flavor Out Now! x3 + Nine-Bite Snack Box x2,755143,107877.571429
7,Artwork: Deep Forest + Ghostfire Wisp + New Flavor Out Now! x3 + Nine-Bite Snack Box + Thud-Thud Hammer,614935,87847.857143
7,Artwork: Deep Forest + Ghostfire Wisp + New Flavor Out Now! x3 + Nine-Bite Snack Box + Wheelchair Model,542094,77442.0
7,Artwork: Deep Forest + Ghostfire Wisp + New Flavor Out Now! x3 + Thud-Thud Hammer x2,474727,67818.142857
7,Artwork: Deep Forest + Ghostfire Wisp + New Flavor Out Now! x3 + Thud-Thud Hammer + Wheelchair Model,401886,57412.285714
7,Artwork: Deep Forest + Ghostfire Wisp + New Flavor Out Now! x3 + Wheelchair Model x2,329045,47006.428571
7,Artwork: Deep Forest + Ghostfire Wisp + New Flavor Out Now! x2 + Nine-Bite Snack Box x3,992606,141800.857143
7,Artwork: Deep Forest + Ghostfire Wisp + New Flavor Out Now! x2 + Nine-Bite Snack Box x2 + Thud-Thud Hammer,852398,121771.142857
7,Artwork: Deep Forest + Ghostfire Wisp + New Flavor Out Now! x2 + Nine-Bite Snack Box x2 + Wheelchair Model,779557,111365.285714
7,Artwork: Deep Forest + Ghostfire Wisp + New Flavor Out Now! x2 + Nine-Bite Snack Box + Thud-Thud Hammer x2,712190,101741.428571
7,Artwork: Deep Forest + Ghostfire Wisp + New Flavor Out Now! x2 + Nine-Bite Snack Box + Thud-Thud Hammer + Wheelchair Model,639349,91335.571429
7,Artwork: Deep Forest + Ghostfire Wisp + New Flavor Out Now! x2 + Nine-Bite Snack Box + Wheelchair Model x2,566508,80929.714286
7,Artwork: Deep Forest + Ghostfire Wisp + New Flavor Out Now! x2 + Thud-Thud Hammer x3,571982,81711.714286
7,Artwork: Deep Forest + Ghostfire Wisp + New Flavor Out Now! x2 + Thud-Thud Hammer x2 + Wheelchair Model,499141,71305.857143
7,Artwork: Deep Forest + Ghostfire Wisp + New Flavor Out Now! x2 + Thud-Thud Hammer + Wheelchair Model x2,426300,60900.0
7,Artwork: Deep Forest + Ghostfire Wisp + New Flavor Out Now! x2 + Wheelchair Model x3,353459,50494.142857
7,Artwork: Deep Forest + Ghostfire Wisp + New Flavor Out Now! + Nine-Bite Snack Box x4,1230069,175724.142857
7,Artwork: Deep Forest + Ghostfire Wisp + New Flavor Out Now! + Nine-Bite Snack Box x3 + Thud-Thud Hammer,1089861,155694.428571
7,Artwork: Deep Forest + Ghostfire Wisp + New Flavor Out Now! + Nine-Bite Snack Box x3 + Wheelchair Model,1017020,145288.571429
7,Artwork: Deep Forest + Ghostfire Wisp + New Flavor Out Now! + Nine-Bite Snack Box x2 + Thud-Thud Hammer x2,949653,135664.714286
7,Artwork: Deep Forest + Ghostfire Wisp + New Flavor Out Now! + Nine-Bite Snack Box x2 + Thud-Thud Hammer + Wheelchair Model,876812,125258.857143
7,Artwork: Deep Forest + Ghostfire Wisp + New Flavor Out Now! + Nine-Bite Snack Box x2 + Wheelchair Model x2,803971,114853.0
7,Artwork: Deep Forest + Ghostfire Wisp + New Flavor Out Now! + Nine-Bite Snack Box + Thud-Thud Hammer x3,809445,115635.0
7,Artwork: Deep Forest + Ghostfire Wisp + New Flavor Out Now! + Nine-Bite Snack Box + Thud-Thud Hammer x2 + Wheelchair Model,736604,105229.142857
7,Artwork: Deep Forest + Ghostfire Wisp + New Flavor Out Now! + Nine-Bite Snack Box + Thud-Thud Hammer + Wheelchair Model x2,663763,94823.285714
7,Artwork: Deep Forest + Ghostfire Wisp + New Flavor Out Now! + Nine-Bite Snack Box + Wheelchair Model x3,590922,84417.428571
7,Artwork: Deep Forest + Ghostfire Wisp + New Flavor Out Now! + Thud-Thud Hammer x4,669237,95605.285714
7,Artwork: Deep Forest + Ghostfire Wisp + New Flavor Out Now! + Thud-Thud Hammer x3 + Wheelchair Model,596396,85199.428571
7,Artwork: Deep Forest + Ghostfire Wisp + New Flavor Out Now! + Thud-Thud Hammer x2 + Wheelchair Model x2,523555,74793.571429
7,Artwork: Deep Forest + Ghostfire Wisp + New Flavor Out Now! + Thud-Thud Hammer + Wheelchair Model x3,450714,64387.714286
7,Artwork: Deep Forest + Ghostfire Wisp + New Flavor Out Now! + Wheelchair Model x4,377873,53981.857143
7,Artwork: Deep Forest + Ghostfire Wisp + Nine-Bite Snack Box x5,1467532,209647.428571
7,Artwork: Deep Forest + Ghostfire Wisp + Nine-Bite Snack Box x4 + Thud-Thud Hammer,1327324,189617.714286
7,Artwork: Deep Forest + Ghostfire Wisp + Nine-Bite Snack Box x4 + Wheelchair Model,1254483,179211.857143
7,Artwork: Deep Forest + Ghostfire Wisp + Nine-Bite Snack Box x3 + Thud-Thud Hammer x2,1187116,169588.0
7,Artwork: Deep Forest + Ghostfire Wisp + Nine-Bite Snack Box x3 + Thud-Thud Hammer + Wheelchair Model,1114275,159182.142857
7,Artwork: Deep Forest + Ghostfire Wisp + Nine-Bite Snack Box x3 + Wheelchair Model x2,1041434,148776.285714
7,Artwork: Deep Forest + Ghostfire Wisp + Nine-Bite Snack Box x2 + Thud-Thud Hammer x3,1046908,149558.285714
7,Artwork: Deep Forest + Ghostfire Wisp + Nine-Bite Snack Box x2 + Thud-Thud Hammer x2 + Wheelchair Model,974067,139152.428571
7,Artwork: Deep Forest + Ghostfire Wisp + Nine-Bite Snack Box x2 + Thud-Thud Hammer + Wheelchair Model x2,901226,128746.571429
7,Artwork: Deep Forest + Ghostfire Wisp + Nine-Bite Snack Box x2 + Wheelchair Model x3,828385,118340.714286
7,Artwork: Deep Forest + Ghostfire Wisp + Nine-Bite Snack Box + Thud-Thud Hammer x4,906700,129528.571429
7,Artwork: Deep Forest + Ghostfire Wisp + Nine-Bite Snack Box + Thud-Thud Hammer x3 + Wheelchair Model,833859,119122.714286
7,Artwork: Deep Forest + Ghostfire Wisp + Nine-Bite Snack Box + Thud-Thud Hammer x2 + Wheelchair Model x2,761018,108716.857143
7,Artwork: Deep Forest + Ghostfire Wisp + Nine-Bite Snack Box + Thud-Thud Hammer + Wheelchair Model x3,688177,98311.0
7,Artwork: Deep Forest + Ghostfire Wisp + Nine-Bite Snack Box + Wheelchair Model x4,615336,87905.142857
7,Artwork: Deep Forest + Ghostfire Wisp + Thud-Thud Hammer x5,766492,109498.857143
7,Artwork: Deep Forest + Ghostfire Wisp + Thud-Thud Hammer x4 + Wheelchair Model,693651,99093.0
7,Artwork: Deep Forest + Ghostfire Wisp + Thud-Thud Hammer x3 + Wheelchair Model x2,620810,88687.142857
7,Artwork: Deep Forest + Ghostfire Wisp + Thud-Thud Hammer x2 + Wheelchair Model x3,547969,78281.285714
7,Artwork: Deep Forest + Ghostfire Wisp + Thud-Thud Hammer + Wheelchair Model x4,475128,67875.428571
7,Artwork: Deep Forest + Ghostfire Wisp + Wheelchair Model x5,402287,57469.571429
7,Artwork: Deep Forest + Lost Armor x6,27825,3975.0
7,Artwork: Deep Forest + Lost Armor x5 + New Flavor Out Now!,26944,3849.142857
7,Artwork: Deep Forest + Lost Armor x5 + Nine-Bite Snack Box,264407,37772.428571
7,Artwork: Deep Forest + Lost Armor x5 + Thud-Thud Hammer,124199,17742.714286
7,Artwork: Deep Forest + Lost Armor x5 + Wheelchair Model,51358,7336.857143
7,Artwork: Deep Forest + Lost Armor x4 + New Flavor Out Now! x2,26063,3723.285714
7,Artwork: Deep Forest + Lost Armor x4 + New Flavor Out Now! + Nine-Bite Snack Box,263526,37646.571429
7,Artwork: Deep Forest + Lost Armor x4 + New Flavor Out Now! + Thud-Thud Hammer,123318,17616.857143
7,Artwork: Deep Forest + Lost Armor x4 + New Flavor Out Now! + Wheelchair Model,50477,7211.0
7,Artwork: Deep Forest + Lost Armor x4 + Nine-Bite Snack Box x2,500989,71569.857143
7,Artwork: Deep Forest + Lost Armor x4 + Nine-Bite Snack Box + Thud-Thud Hammer,360781,51540.142857
7,Artwork: Deep Forest + Lost Armor x4 + Nine-Bite Snack Box + Wheelchair Model,287940,41134.285714
7,Artwork: Deep Forest + Lost Armor x4 + Thud-Thud Hammer x2,220573,31510.428571
7,Artwork: Deep Forest + Lost Armor x4 + Thud-Thud Hammer + Wheelchair Model,147732,21104.571429
7,Artwork: Deep Forest + Lost Armor x4 + Wheelchair Model x2,74891,10698.714286
7,Artwork: Deep Forest + Lost Armor x3 + New Flavor Out Now! x3,25182,3597.428571
7,Artwork: Deep Forest + Lost Armor x3 + New Flavor Out Now! x2 + Nine-Bite Snack Box,262645,37520.714286
7,Artwork: Deep Forest + Lost Armor x3 + New Flavor Out Now! x2 + Thud-Thud Hammer,122437,17491.0
7,Artwork: Deep Forest + Lost Armor x3 + New Flavor Out Now! x2 + Wheelchair Model,49596,7085.142857
7,Artwork: Deep Forest + Lost Armor x3 + New Flavor Out Now! + Nine-Bite Snack Box x2,500108,71444.0
7,Artwork: Deep Forest + Lost Armor x3 + New Flavor Out Now! + Nine-Bite Snack Box + Thud-Thud Hammer,359900,51414.285714
7,Artwork: Deep Forest + Lost Armor x3 + New Flavor Out Now! + Nine-Bite Snack Box + Wheelchair Model,287059,41008.428571
7,Artwork: Deep Forest + Lost Armor x3 + New Flavor Out Now! + Thud-Thud Hammer x2,219692,31384.571429
7,Artwork: Deep Forest + Lost Armor x3 + New Flavor Out Now! + Thud-Thud Hammer + Wheelchair Model,146851,20978.714286
7,Artwork: Deep Forest + Lost Armor x3 + New Flavor Out Now! + Wheelchair Model x2,74010,10572.857143
7,Artwork: Deep Forest + Lost Armor x3 + Nine-Bite Snack Box x3,737571,105367.285714
7,Artwork: Deep Forest + Lost Armor x3 + Nine-Bite Snack Box x2 + Thud-Thud Hammer,597363,85337.571429
7,Artwork: Deep Forest + Lost Armor x3 + Nine-Bite Snack Box x2 + Wheelchair Model,524522,74931.714286
7,Artwork: Deep Forest + Lost Armor x3 + Nine-Bite Snack Box + Thud-Thud Hammer x2,457155,65307.857143
7,Artwork: Deep Forest + Lost Armor x3 + Nine-Bite Snack Box + Thud-Thud Hammer + Wheelchair Model,384314,54902.0
7,Artwork: Deep Forest + Lost Armor x3 + Nine-Bite Snack Box + Wheelchair Model x2,311473,44496.142857
7,Artwork: Deep Forest + Lost Armor x3 + Thud-Thud Hammer x3,316947,45278.142857
7,Artwork: Deep Forest + Lost Armor x3 + Thud-Thud Hammer x2 + Wheelchair Model,244106,34872.285714
7,Artwork: Deep Forest + Lost Armor x3 + Thud-Thud Hammer + Wheelchair Model x2,171265,24466.428571
7,Artwork: Deep Forest + Lost Armor x3 + Wheelchair Model x3,98424,14060.571429
7,Artwork: Deep Forest + Lost Armor x2 + New Flavor Out Now! x4,24301,3471.571429
7,Artwork: Deep Forest + Lost Armor x2 + New Flavor Out Now! x3 + Nine-Bite Snack Box,261764,37394.857143
7,Artwork: Deep Forest + Lost Armor x2 + New Flavor Out Now! x3 + Thud-Thud Hammer,121556,17365.142857
7,Artwork: Deep Forest + Lost Armor x2 + New Flavor Out Now! x3 + Wheelchair Model,48715,6959.285714
7,Artwork: Deep Forest + Lost Armor x2 + New Flavor Out Now! x2 + Nine-Bite Snack Box x2,499227,71318.142857
7,Artwork: Deep Forest + Lost Armor x2 + New Flavor Out Now! x2 + Nine-Bite Snack Box + Thud-Thud Hammer,359019,51288.428571
7,Artwork: Deep Forest + Lost Armor x2 + New Flavor Out Now! x2 + Nine-Bite Snack Box + Wheelchair Model,286178,40882.571429
7,Artwork: Deep Forest + Lost Armor x2 + New Flavor Out Now! x2 + Thud-Thud Hammer x2,218811,31258.714286
7,Artwork: Deep Forest + Lost Armor x2 + New Flavor Out Now! x2 + Thud-Thud Hammer + Wheelchair Model,145970,20852.857143
7,Artwork: Deep Forest + Lost Armor x2 + New Flavor Out Now! x2 + Wheelchair Model x2,73129,10447.0
7,Artwork: Deep Forest + Lost Armor x2 + New Flavor Out Now! + Nine-Bite Snack Box x3,736690,105241.428571
7,Artwork: Deep Forest + Lost Armor x2 + New Flavor Out Now! + Nine-Bite Snack Box x2 + Thud-Thud Hammer,596482,85211.714286
7,Artwork: Deep Forest + Lost Armor x2 + New Flavor Out Now! + Nine-Bite Snack Box x2 + Wheelchair Model,523641,74805.857143
7,Artwork: Deep Forest + Lost Armor x2 + New Flavor Out Now! + Nine-Bite Snack Box + Thud-Thud Hammer x2,456274,65182.0
7,Artwork: Deep Forest + Lost Armor x2 + New Flavor Out Now! + Nine-Bite Snack Box + Thud-Thud Hammer + Wheelchair Model,383433,54776.142857
7,Artwork: Deep Forest + Lost Armor x2 + New Flavor Out Now! + Nine-Bite Snack Box + Wheelchair Model x2,310592,44370.285714
7,Artwork: Deep Forest + Lost Armor x2 + New Flavor Out Now! + Thud-Thud Hammer x3,316066,45152.285714
7,Artwork: Deep Forest + Lost Armor x2 + New Flavor Out Now! + Thud-Thud Hammer x2 + Wheelchair Model,243225,34746.428571
7,Artwork: Deep Forest + Lost Armor x2 + New Flavor Out Now! + Thud-Thud Hammer + Wheelchair Model x2,170384,24340.571429
7,Artwork: Deep Forest + Lost Armor x2 + New Flavor Out Now! + Wheelchair Model x3,97543,13934.714286
7,Artwork: Deep Forest + Lost Armor x2 + Nine-Bite Snack Box x4,974153,139164.714286
7,Artwork: Deep Forest + Lost Armor x2 + Nine-Bite Snack Box x3 + Thud-Thud Hammer,833945,119135.0
7,Artwork: Deep Forest + Lost Armor x2 + Nine-Bite Snack Box x3 + Wheelchair Model,761104,108729.142857
7,Artwork: Deep Forest + Lost Armor x2 + Nine-Bite Snack Box x2 + Thud-Thud Hammer x2,693737,99105.285714
7,Artwork: Deep Forest + Lost Armor x2 + Nine-Bite Snack Box x2 + Thud-Thud Hammer + Wheelchair Model,620896,88699.428571
7,Artwork: Deep Forest + Lost Armor x2 + Nine-Bite Snack Box x2 + Wheelchair Model x2,548055,78293.571429
7,Artwork: Deep Forest + Lost Armor x2 + Nine-Bite Snack Box + Thud-Thud Hammer x3,553529,79075.571429
7,Artwork: Deep Forest + Lost Armor x2 + Nine-Bite Snack Box + Thud-Thud Hammer x2 + Wheelchair Model,480688,68669.714286
7,Artwork: Deep Forest + Lost Armor x2 + Nine-Bite Snack Box + Thud-Thud Hammer + Wheelchair Model x2,407847,58263.857143
7,Artwork: Deep Forest + Lost Armor x2 + Nine-Bite Snack Box + Wheelchair Model x3,335006,47858.0
7,Artwork: Deep Forest + Lost Armor x2 + Thud-Thud Hammer x4,413321,59045.857143
7,Artwork: Deep Forest + Lost Armor x2 + Thud-Thud Hammer x3 + Wheelchair Model,340480,48640.0
7,Artwork: Deep Forest + Lost Armor x2 + Thud-Thud Hammer x2 + Wheelchair Model x2,267639,38234.142857
7,Artwork: Deep Forest + Lost Armor x2 + Thud-Thud Hammer + Wheelchair Model x3,194798,27828.285714
7,Artwork: Deep Forest + Lost Armor x2 + Wheelchair Model x4,121957,17422.428571
7,Artwork: Deep Forest + Lost Armor + New Flavor Out Now! x5,23420,3345.714286
7,Artwork: Deep Forest + Lost Armor + New Flavor Out Now! x4 + Nine-Bite Snack Box,260883,37269.0
7,Artwork: Deep Forest + Lost Armor + New Flavor Out Now! x4 + Thud-Thud Hammer,120675,17239.285714
7,Artwork: Deep Forest + Lost Armor + New Flavor Out Now! x4 + Wheelchair Model,47834,6833.428571
7,Artwork: Deep Forest + Lost Armor + New Flavor Out Now! x3 + Nine-Bite Snack Box x2,498346,71192.285714
7,Artwork: Deep Forest + Lost Armor + New Flavor Out Now! x3 + Nine-Bite Snack Box + Thud-Thud Hammer,358138,51162.571429
7,Artwork: Deep Forest + Lost Armor + New Flavor Out Now! x3 + Nine-Bite Snack Box + Wheelchair Model,285297,40756.714286
7,Artwork: Deep Forest + Lost Armor + New Flavor Out Now! x3 + Thud-Thud Hammer x2,217930,31132.857143
7,Artwork: Deep Forest + Lost Armor + New Flavor Out Now! x3 + Thud-Thud Hammer + Wheelchair Model,145089,20727.0
7,Artwork: Deep Forest + Lost Armor + New Flavor Out Now! x3 + Wheelchair Model x2,72248,10321.142857
7,Artwork: Deep Forest + Lost Armor + New Flavor Out Now! x2 + Nine-Bite Snack Box x3,735809,105115.571429
7,Artwork: Deep Forest + Lost Armor + New Flavor Out Now! x2 + Nine-Bite Snack Box x2 + Thud-Thud Hammer,595601,85085.857143
7,Artwork: Deep Forest + Lost Armor + New Flavor Out Now! x2 + Nine-Bite Snack Box x2 + Wheelchair Model,522760,74680.0
7,Artwork: Deep Forest + Lost Armor + New Flavor Out Now! x2 + Nine-Bite Snack Box + Thud-Thud Hammer x2,455393,65056.142857
7,Artwork: Deep Forest + Lost Armor + New Flavor Out Now! x2 + Nine-Bite Snack Box + Thud-Thud Hammer + Wheelchair Model,382552,54650.285714
7,Artwork: Deep Forest + Lost Armor + New Flavor Out Now! x2 + Nine-Bite Snack Box + Wheelchair Model x2,309711,44244.428571
7,Artwork: Deep Forest + Lost Armor + New Flavor Out Now! x2 + Thud-Thud Hammer x3,315185,45026.428571
7,Artwork: Deep Forest + Lost Armor + New Flavor Out Now! x2 + Thud-Thud Hammer x2 + Wheelchair Model,242344,34620.571429
7,Artwork: Deep Forest + Lost Armor + New Flavor Out Now! x2 + Thud-Thud Hammer + Wheelchair Model x2,169503,24214.714286
7,Artwork: Deep Forest + Lost Armor + New Flavor Out Now! x2 + Wheelchair Model x3,96662,13808.857143
7,Artwork: Deep Forest + Lost Armor + New Flavor Out Now! + Nine-Bite Snack Box x4,973272,139038.857143
7,Artwork: Deep Forest + Lost Armor + New Flavor Out Now! + Nine-Bite Snack Box x3 + Thud-Thud Hammer,833064,119009.142857
7,Artwork: Deep Forest + Lost Armor + New Flavor Out Now! + Nine-Bite Snack Box x3 + Wheelchair Model,760223,108603.285714
7,Artwork: Deep Forest + Lost Armor + New Flavor Out Now! + Nine-Bite Snack Box x2 + Thud-Thud Hammer x2,692856,98979.428571
7,Artwork: Deep Forest + Lost Armor + New Flavor Out Now! + Nine-Bite Snack Box x2 + Thud-Thud Hammer + Wheelchair Model,620015,88573.571429
7,Artwork: Deep Forest + Lost Armor + New Flavor Out Now! + Nine-Bite Snack Box x2 + Wheelchair Model x2,547174,78167.714286
7,Artwork: Deep Forest + Lost Armor + New Flavor Out Now! + Nine-Bite Snack Box + Thud-Thud Hammer x3,552648,78949.714286
7,Artwork: Deep Forest + Lost Armor + New Flavor Out Now! + Nine-Bite Snack Box + Thud-Thud Hammer x2 + Wheelchair Model,479807,68543.857143
7,Artwork: Deep Forest + Lost Armor + New Flavor Out Now! + Nine-Bite Snack Box + Thud-Thud Hammer + Wheelchair Model x2,406966,58138.0
7,Artwork: Deep Forest + Lost Armor + New Flavor Out Now! + Nine-Bite Snack Box + Wheelchair Model x3,334125,47732.142857
7,Artwork: Deep Forest + Lost Armor + New Flavor Out Now! + Thud-Thud Hammer x4,412440,58920.0
7,Artwork: Deep Forest + Lost Armor + New Flavor Out Now! + Thud-Thud Hammer x3 + Wheelchair Model,339599,48514.142857
7,Artwork: Deep Forest + Lost Armor + New Flavor Out Now! + Thud-Thud Hammer x2 + Wheelchair Model x2,266758,38108.285714
7,Artwork: Deep Forest + Lost Armor + New Flavor Out Now! + Thud-Thud Hammer + Wheelchair Model x3,193917,27702.428571
7,Artwork: Deep Forest + Lost Armor + New Flavor Out Now! + Wheelchair Model x4,121076,17296.571429
7,Artwork: Deep Forest + Lost Armor + Nine-Bite Snack Box x5,1210735,172962.142857
7,Artwork: Deep Forest + Lost Armor + Nine-Bite Snack Box x4 + Thud-Thud Hammer,1070527,152932.428571
7,Artwork: Deep Forest + Lost Armor + Nine-Bite Snack Box x4 + Wheelchair Model,997686,142526.571429
7,Artwork: Deep Forest + Lost Armor + Nine-Bite Snack Box x3 + Thud-Thud Hammer x2,930319,132902.714286
7,Artwork: Deep Forest + Lost Armor + Nine-Bite Snack Box x3 + Thud-Thud Hammer + Wheelchair Model,857478,122496.857143
7,Artwork: Deep Forest + Lost Armor + Nine-Bite Snack Box x3 + Wheelchair Model x2,784637,112091.0
7,Artwork: Deep Forest + Lost Armor + Nine-Bite Snack Box x2 + Thud-Thud Hammer x3,790111,112873.0
7,Artwork: Deep Forest + Lost Armor + Nine-Bite Snack Box x2 + Thud-Thud Hammer x2 + Wheelchair Model,717270,102467.142857
7,Artwork: Deep Forest + Lost Armor + Nine-Bite Snack Box x2 + Thud-Thud Hammer + Wheelchair Model x2,644429,92061.285714
7,Artwork: Deep Forest + Lost Armor + Nine-Bite Snack Box x2 + Wheelchair Model x3,571588,81655.428571
7,Artwork: Deep Forest + Lost Armor + Nine-Bite Snack Box + Thud-Thud Hammer x4,649903,92843.285714
7,Artwork: Deep Forest + Lost Armor + Nine-Bite Snack Box + Thud-Thud Hammer x3 + Wheelchair Model,577062,82437.428571
7,Artwork: Deep Forest + Lost Armor + Nine-Bite Snack Box + Thud-Thud Hammer x2 + Wheelchair Model x2,504221,72031.571429
7,Artwork: Deep Forest + Lost Armor + Nine-Bite Snack Box + Thud-Thud Hammer + Wheelchair Model x3,431380,61625.714286
7,Artwork: Deep Forest + Lost Armor + Nine-Bite Snack Box + Wheelchair Model x4,358539,51219.857143
7,Artwork: Deep Forest + Lost Armor + Thud-Thud Hammer x5,509695,72813.571429
7,Artwork: Deep Forest + Lost Armor + Thud-Thud Hammer x4 + Wheelchair Model,436854,62407.714286
7,Artwork: Deep Forest + Lost Armor + Thud-Thud Hammer x3 + Wheelchair Model x2,364013,52001.857143
7,Artwork: Deep Forest + Lost Armor + Thud-Thud Hammer x2 + Wheelchair Model x3,291172,41596.0
7,Artwork: Deep Forest + Lost Armor + Thud-Thud Hammer + Wheelchair Model x4,218331,31190.142857
7,Artwork: Deep Forest + Lost Armor + Wheelchair Model x5,145490,20784.285714
7,Artwork: Deep Forest + New Flavor Out Now! x6,22539,3219.857143
7,Artwork: Deep Forest + New Flavor Out Now! x5 + Nine-Bite Snack Box,260002,37143.142857
7,Artwork: Deep Forest + New Flavor Out Now! x5 + Thud-Thud Hammer,119794,17113.428571
7,Artwork: Deep Forest + New Flavor Out Now! x5 + Wheelchair Model,46953,6707.571429
7,Artwork: Deep Forest + New Flavor Out Now! x4 + Nine-Bite Snack Box x2,497465,71066.428571
7,Artwork: Deep Forest + New Flavor Out Now! x4 + Nine-Bite Snack Box + Thud-Thud Hammer,357257,51036.714286
7,Artwork: Deep Forest + New Flavor Out Now! x4 + Nine-Bite Snack Box + Wheelchair Model,284416,40630.857143
7,Artwork: Deep Forest + New Flavor Out Now! x4 + Thud-Thud Hammer x2,217049,31007.0
7,Artwork: Deep Forest + New Flavor Out Now! x4 + Thud-Thud Hammer + Wheelchair Model,144208,20601.142857
7,Artwork: Deep Forest + New Flavor Out Now! x4 + Wheelchair Model x2,71367,10195.285714
7,Artwork: Deep Forest + New Flavor Out Now! x3 + Nine-Bite Snack Box x3,734928,104989.714286
7,Artwork: Deep Forest + New Flavor Out Now! x3 + Nine-Bite Snack Box x2 + Thud-Thud Hammer,594720,84960.0
7,Artwork: Deep Forest + New Flavor Out Now! x3 + Nine-Bite Snack Box x2 + Wheelchair Model,521879,74554.142857
7,Artwork: Deep Forest + New Flavor Out Now! x3 + Nine-Bite Snack Box + Thud-Thud Hammer x2,454512,64930.285714
7,Artwork: Deep Forest + New Flavor Out Now! x3 + Nine-Bite Snack Box + Thud-Thud Hammer + Wheelchair Model,381671,54524.428571
7,Artwork: Deep Forest + New Flavor Out Now! x3 + Nine-Bite Snack Box + Wheelchair Model x2,308830,44118.571429
7,Artwork: Deep Forest + New Flavor Out Now! x3 + Thud-Thud Hammer x3,314304,44900.571429
7,Artwork: Deep Forest + New Flavor Out Now! x3 + Thud-Thud Hammer x2 + Wheelchair Model,241463,34494.714286
7,Artwork: Deep Forest + New Flavor Out Now! x3 + Thud-Thud Hammer + Wheelchair Model x2,168622,24088.857143
7,Artwork: Deep Forest + New Flavor Out Now! x3 + Wheelchair Model x3,95781,13683.0
7,Artwork: Deep Forest + New Flavor Out Now! x2 + Nine-Bite Snack Box x4,972391,138913.0
7,Artwork: Deep Forest + New Flavor Out Now! x2 + Nine-Bite Snack Box x3 + Thud-Thud Hammer,832183,118883.285714
7,Artwork: Deep Forest + New Flavor Out Now! x2 + Nine-Bite Snack Box x3 + Wheelchair Model,759342,108477.428571
7,Artwork: Deep Forest + New Flavor Out Now! x2 + Nine-Bite Snack Box x2 + Thud-Thud Hammer x2,691975,98853.571429
7,Artwork: Deep Forest + New Flavor Out Now! x2 + Nine-Bite Snack Box x2 + Thud-Thud Hammer + Wheelchair Model,619134,88447.714286
7,Artwork: Deep Forest + New Flavor Out Now! x2 + Nine-Bite Snack Box x2 + Wheelchair Model x2,546293,78041.857143
7,Artwork: Deep Forest + New Flavor Out Now! x2 + Nine-Bite Snack Box + Thud-Thud Hammer x3,551767,78823.857143
7,Artwork: Deep Forest + New Flavor Out Now! x2 + Nine-Bite Snack Box + Thud-Thud Hammer x2 + Wheelchair Model,478926,68418.0
7,Artwork: Deep Forest + New Flavor Out Now! x2 + Nine-Bite Snack Box + Thud-Thud Hammer + Wheelchair Model x2,406085,58012.142857
7,Artwork: Deep Forest + New Flavor Out Now! x2 + Nine-Bite Snack Box + Wheelchair Model x3,333244,47606.285714
7,Artwork: Deep Forest + New Flavor Out Now! x2 + Thud-Thud Hammer x4,411559,58794.142857
7,Artwork: Deep Forest + New Flavor Out Now! x2 + Thud-Thud Hammer x3 + Wheelchair Model,338718,48388.285714
7,Artwork: Deep Forest + New Flavor Out Now! x2 + Thud-Thud Hammer x2 + Wheelchair Model x2,265877,37982.428571
7,Artwork: Deep Forest + New Flavor Out Now! x2 + Thud-Thud Hammer + Wheelchair Model x3,193036,27576.571429
7,Artwork: Deep Forest + New Flavor Out Now! x2 + Wheelchair Model x4,120195,17170.714286
7,Artwork: Deep Forest + New Flavor Out Now! + Nine-Bite Snack Box x5,1209854,172836.285714
7,Artwork: Deep Forest + New Flavor Out Now! + Nine-Bite Snack Box x4 + Thud-Thud Hammer,1069646,152806.571429
7,Artwork: Deep Forest + New Flavor Out Now! + Nine-Bite Snack Box x4 + Wheelchair Model,996805,142400.714286
7,Artwork: Deep Forest + New Flavor Out Now! + Nine-Bite Snack Box x3 + Thud-Thud Hammer x2,929438,132776.857143
7,Artwork: Deep Forest + New Flavor Out Now! + Nine-Bite Snack Box x3 + Thud-Thud Hammer + Wheelchair Model,856597,122371.0
7,Artwork: Deep Forest + New Flavor Out Now! + Nine-Bite Snack Box x3 + Wheelchair Model x2,783756,111965.142857
7,Artwork: Deep Forest + New Flavor Out Now! + Nine-Bite Snack Box x2 + Thud-Thud Hammer x3,789230,112747.142857
7,Artwork: Deep Forest + New Flavor Out Now! + Nine-Bite Snack Box x2 + Thud-Thud Hammer x2 + Wheelchair Model,716389,102341.285714
7,Artwork: Deep Forest + New Flavor Out Now! + Nine-Bite Snack Box x2 + Thud-Thud Hammer + Wheelchair Model x2,643548,91935.428571
7,Artwork: Deep Forest + New Flavor Out Now! + Nine-Bite Snack Box x2 + Wheelchair Model x3,570707,81529.571429
7,Artwork: Deep Forest + New Flavor Out Now! + Nine-Bite Snack Box + Thud-Thud Hammer x4,649022,92717.428571
7,Artwork: Deep Forest + New Flavor Out Now! + Nine-Bite Snack Box + Thud-Thud Hammer x3 + Wheelchair Model,576181,82311.571429
7,Artwork: Deep Forest + New Flavor Out Now! + Nine-Bite Snack Box + Thud-Thud Hammer x2 + Wheelchair Model x2,503340,71905.714286
7,Artwork: Deep Forest + New Flavor Out Now! + Nine-Bite Snack Box + Thud-Thud Hammer + Wheelchair Model x3,430499,61499.857143
7,Artwork: Deep Forest + New Flavor Out Now! + Nine-Bite Snack Box + Wheelchair Model x4,357658,51094.0
7,Artwork: Deep Forest + New Flavor Out Now! + Thud-Thud Hammer x5,508814,72687.714286
7,Artwork: Deep Forest + New Flavor Out Now! + Thud-Thud Hammer x4 + Wheelchair Model,435973,62281.857143
7,Artwork: Deep Forest + New Flavor Out Now! + Thud-Thud Hammer x3 + Wheelchair Model x2,363132,51876.0
7,Artwork: Deep Forest + New Flavor Out Now! + Thud-Thud Hammer x2 + Wheelchair Model x3,290291,41470.142857
7,Artwork: Deep Forest + New Flavor Out Now! + Thud-Thud Hammer + Wheelchair Model x4,217450,31064.285714
7,Artwork: Deep Forest + New Flavor Out Now! + Wheelchair Model x5,144609,20658.428571
7,Artwork: Deep Forest + Nine-Bite Snack Box x6,1447317,206759.571429
7,Artwork: Deep Forest + Nine-Bite Snack Box x5 + Thud-Thud Hammer,1307109,186729.857143
7,Artwork: Deep Forest + Nine-Bite Snack Box x5 + Wheelchair Model,1234268,176324.0
7,Artwork: Deep Forest + Nine-Bite Snack Box x4 + Thud-Thud Hammer x2,1166901,166700.142857
7,Artwork: Deep Forest + Nine-Bite Snack Box x4 + Thud-Thud Hammer + Wheelchair Model,1094060,156294.285714
7,Artwork: Deep Forest + Nine-Bite Snack Box x4 + Wheelchair Model x2,1021219,145888.428571
7,Artwork: Deep Forest + Nine-Bite Snack Box x3 + Thud-Thud Hammer x3,1026693,146670.428571
7,Artwork: Deep Forest + Nine-Bite Snack Box x3 + Thud-Thud Hammer x2 + Wheelchair Model,953852,136264.571429
7,Artwork: Deep Forest + Nine-Bite Snack Box x3 + Thud-Thud Hammer + Wheelchair Model x2,881011,125858.714286
7,Artwork: Deep Forest + Nine-Bite Snack Box x3 + Wheelchair Model x3,808170,115452.857143
7,Artwork: Deep Forest + Nine-Bite Snack Box x2 + Thud-Thud Hammer x4,886485,126640.714286
7,Artwork: Deep Forest + Nine-Bite Snack Box x2 + Thud-Thud Hammer x3 + Wheelchair Model,813644,116234.857143
7,Artwork: Deep Forest + Nine-Bite Snack Box x2 + Thud-Thud Hammer x2 + Wheelchair Model x2,740803,105829.0
7,Artwork: Deep Forest + Nine-Bite Snack Box x2 + Thud-Thud Hammer + Wheelchair Model x3,667962,95423.142857
7,Artwork: Deep Forest + Nine-Bite Snack Box x2 + Wheelchair Model x4,595121,85017.285714
7,Artwork: Deep Forest + Nine-Bite Snack Box + Thud-Thud Hammer x5,746277,106611.0
7,Artwork: Deep Forest + Nine-Bite Snack Box + Thud-Thud Hammer x4 + Wheelchair Model,673436,96205.142857
7,Artwork: Deep Forest + Nine-Bite Snack Box + Thud-Thud Hammer x3 + Wheelchair Model x2,600595,85799.285714
7,Artwork: Deep Forest + Nine-Bite Snack Box + Thud-Thud Hammer x2 + Wheelchair Model x3,527754,75393.428571
7,Artwork: Deep Forest + Nine-Bite Snack Box + Thud-Thud Hammer + Wheelchair Model x4,454913,64987.571429
7,Artwork: Deep Forest + Nine-Bite Snack Box + Wheelchair Model x5,382072,54581.714286
7,Artwork: Deep Forest + Thud-Thud Hammer x6,606069,86581.285714
7,Artwork: Deep Forest + Thud-Thud Hammer x5 + Wheelchair Model,533228,76175.428571
7,Artwork: Deep Forest + Thud-Thud Hammer x4 + Wheelchair Model x2,460387,65769.571429
7,Artwork: Deep Forest + Thud-Thud Hammer x3 + Wheelchair Model x3,387546,55363.714286
7,Artwork: Deep Forest + Thud-Thud Hammer x2 + Wheelchair Model x4,314705,44957.857143
7,Artwork: Deep Forest + Thud-Thud Hammer + Wheelchair Model x5,241864,34552.0
7,Artwork: Deep Forest + Wheelchair Model x6,169023,24146.142857
7,Asahi Inori Figurine x7,211848,30264.0
7,Asahi Inori Figurine x6 + Ghostfire Wisp,442007,63143.857143
7,Asahi Inori Figurine x6 + Lost Armor,185210,26458.571429
7,Asahi Inori Figurine x6 + New Flavor Out Now!,184329,26332.714286
7,Asahi Inori Figurine x6 + Nine-Bite Snack Box,421792,60256.0
7,Asahi Inori Figurine x6 + Thud-Thud Hammer,281584,40226.285714
7,Asahi Inori Figurine x6 + Wheelchair Model,208743,29820.428571
7,Asahi Inori Figurine x5 + Ghostfire Wisp x2,672166,96023.714286
7,Asahi Inori Figurine x5 + Ghostfire Wisp + Lost Armor,415369,59338.428571
7,Asahi Inori Figurine x5 + Ghostfire Wisp + New Flavor Out Now!,414488,59212.571429
7,Asahi Inori Figurine x5 + Ghostfire Wisp + Nine-Bite Snack Box,651951,93135.857143
7,Asahi Inori Figurine x5 + Ghostfire Wisp + Thud-Thud Hammer,511743,73106.142857
7,Asahi Inori Figurine x5 + Ghostfire Wisp + Wheelchair Model,438902,62700.285714
7,Asahi Inori Figurine x5 + Lost Armor x2,158572,22653.142857
7,Asahi Inori Figurine x5 + Lost Armor + New Flavor Out Now!,157691,22527.285714
7,Asahi Inori Figurine x5 + Lost Armor + Nine-Bite Snack Box,395154,56450.571429
7,Asahi Inori Figurine x5 + Lost Armor + Thud-Thud Hammer,254946,36420.857143
7,Asahi Inori Figurine x5 + Lost Armor + Wheelchair Model,182105,26015.0
7,Asahi Inori Figurine x5 + New Flavor Out Now! x2,156810,22401.428571
7,Asahi Inori Figurine x5 + New Flavor Out Now! + Nine-Bite Snack Box,394273,56324.714286
7,Asahi Inori Figurine x5 + New Flavor Out Now! + Thud-Thud Hammer,254065,36295.0
7,Asahi Inori Figurine x5 + New Flavor Out Now! + Wheelchair Model,181224,25889.142857
7,Asahi Inori Figurine x5 + Nine-Bite Snack Box x2,631736,90248.0
7,Asahi Inori Figurine x5 + Nine-Bite Snack Box + Thud-Thud Hammer,491528,70218.285714
7,Asahi Inori Figurine x5 + Nine-Bite Snack Box + Wheelchair Model,418687,59812.428571
7,Asahi Inori Figurine x5 + Thud-Thud Hammer x2,351320,50188.571429
7,Asahi Inori Figurine x5 + Thud-Thud Hammer + Wheelchair Model,278479,39782.714286
7,Asahi Inori Figurine x5 + Wheelchair Model x2,205638,29376.857143
7,Asahi Inori Figurine x4 + Ghostfire Wisp x3,902325,128903.571429
7,Asahi Inori Figurine x4 + Ghostfire Wisp x2 + Lost Armor,645528,92218.285714
7,Asahi Inori Figurine x4 + Ghostfire Wisp x2 + New Flavor Out Now!,644647,92092.428571
7,Asahi Inori Figurine x4 + Ghostfire Wisp x2 + Nine-Bite Snack Box,882110,126015.714286
7,Asahi Inori Figurine x4 + Ghostfire Wisp x2 + Thud-Thud Hammer,741902,105986.0
7,Asahi Inori Figurine x4 + Ghostfire Wisp x2 + Wheelchair Model,669061,95580.142857
7,Asahi Inori Figurine x4 + Ghostfire Wisp + Lost Armor x2,388731,55533.0
7,Asahi Inori Figurine x4 + Ghostfire Wisp + Lost Armor + New Flavor Out Now!,387850,55407.142857
7,Asahi Inori Figurine x4 + Ghostfire Wisp + Lost Armor + Nine-Bite Snack Box,625313,89330.428571
7,Asahi Inori Figurine x4 + Ghostfire Wisp + Lost Armor + Thud-Thud Hammer,485105,69300.714286
7,Asahi Inori Figurine x4 + Ghostfire Wisp + Lost Armor + Wheelchair Model,412264,58894.857143
7,Asahi Inori Figurine x4 + Ghostfire Wisp + New Flavor Out Now! x2,386969,55281.285714
7,Asahi Inori Figurine x4 + Ghostfire Wisp + New Flavor Out Now! + Nine-Bite Snack Box,624432,89204.571429
7,Asahi Inori Figurine x4 + Ghostfire Wisp + New Flavor Out Now! + Thud-Thud Hammer,484224,69174.857143
7,Asahi Inori Figurine x4 + Ghostfire Wisp + New Flavor Out Now! + Wheelchair Model,411383,58769.0
7,Asahi Inori Figurine x4 + Ghostfire Wisp + Nine-Bite Snack Box x2,861895,123127.857143
7,Asahi Inori Figurine x4 + Ghostfire Wisp + Nine-Bite Snack Box + Thud-Thud Hammer,721687,103098.142857
7,Asahi Inori Figurine x4 + Ghostfire Wisp + Nine-Bite Snack Box + Wheelchair Model,648846,92692.285714
7,Asahi Inori Figurine x4 + Ghostfire Wisp + Thud-Thud Hammer x2,581479,83068.428571
7,Asahi Inori Figurine x4 + Ghostfire Wisp + Thud-Thud Hammer + Wheelchair Model,508638,72662.571429
7,Asahi Inori Figurine x4 + Ghostfire Wisp + Wheelchair Model x2,435797,62256.714286
7,Asahi Inori Figurine x4 + Lost Armor x3,131934,18847.714286
7,Asahi Inori Figurine x4 + Lost Armor x2 + New Flavor Out Now!,131053,18721.857143
7,Asahi Inori Figurine x4 + Lost Armor x2 + Nine-Bite Snack Box,368516,52645.142857
7,Asahi Inori Figurine x4 + Lost Armor x2 + Thud-Thud Hammer,228308,32615.428571
7,Asahi Inori Figurine x4 + Lost Armor x2 + Wheelchair Model,155467,22209.571429
7,Asahi Inori Figurine x4 + Lost Armor + New Flavor Out Now! x2,130172,18596.0
7,Asahi Inori Figurine x4 + Lost Armor + New Flavor Out Now! + Nine-Bite Snack Box,367635,52519.285714
7,Asahi Inori Figurine x4 + Lost Armor + New Flavor Out Now! + Thud-Thud Hammer,227427,32489.571429
7,Asahi Inori Figurine x4 + Lost Armor + New Flavor Out Now! + Wheelchair Model,154586,22083.714286
7,Asahi Inori Figurine x4 + Lost Armor + Nine-Bite Snack Box x2,605098,86442.571429
7,Asahi Inori Figurine x4 + Lost Armor + Nine-Bite Snack Box + Thud-Thud Hammer,464890,66412.857143
7,Asahi Inori Figurine x4 + Lost Armor + Nine-Bite Snack Box + Wheelchair Model,392049,56007.0
7,Asahi Inori Figurine x4 + Lost Armor + Thud-Thud Hammer x2,324682,46383.142857
7,Asahi Inori Figurine x4 + Lost Armor + Thud-Thud Hammer + Wheelchair Model,251841,35977.285714
7,Asahi Inori Figurine x4 + Lost Armor + Wheelchair Model x2,179000,25571.428571
7,Asahi Inori Figurine x4 + New Flavor Out Now! x3,129291,18470.142857
7,Asahi Inori Figurine x4 + New Flavor Out Now! x2 + Nine-Bite Snack Box,366754,52393.428571
7,Asahi Inori Figurine x4 + New Flavor Out Now! x2 + Thud-Thud Hammer,226546,32363.714286
7,Asahi Inori Figurine x4 + New Flavor Out Now! x2 + Wheelchair Model,153705,21957.857143
7,Asahi Inori Figurine x4 + New Flavor Out Now! + Nine-Bite Snack Box x2,604217,86316.714286
7,Asahi Inori Figurine x4 + New Flavor Out Now! + Nine-Bite Snack Box + Thud-Thud Hammer,464009,66287.0
7,Asahi Inori Figurine x4 + New Flavor Out Now! + Nine-Bite Snack Box + Wheelchair Model,391168,55881.142857
7,Asahi Inori Figurine x4 + New Flavor Out Now! + Thud-Thud Hammer x2,323801,46257.285714
7,Asahi Inori Figurine x4 + New Flavor Out Now! + Thud-Thud Hammer + Wheelchair Model,250960,35851.428571
7,Asahi Inori Figurine x4 + New Flavor Out Now! + Wheelchair Model x2,178119,25445.571429
7,Asahi Inori Figurine x4 + Nine-Bite Snack Box x3,841680,120240.0
7,Asahi Inori Figurine x4 + Nine-Bite Snack Box x2 + Thud-Thud Hammer,701472,100210.285714
7,Asahi Inori Figurine x4 + Nine-Bite Snack Box x2 + Wheelchair Model,628631,89804.428571
7,Asahi Inori Figurine x4 + Nine-Bite Snack Box + Thud-Thud Hammer x2,561264,80180.571429
7,Asahi Inori Figurine x4 + Nine-Bite Snack Box + Thud-Thud Hammer + Wheelchair Model,488423,69774.714286
7,Asahi Inori Figurine x4 + Nine-Bite Snack Box + Wheelchair Model x2,415582,59368.857143
7,Asahi Inori Figurine x4 + Thud-Thud Hammer x3,421056,60150.857143
7,Asahi Inori Figurine x4 + Thud-Thud Hammer x2 + Wheelchair Model,348215,49745.0
7,Asahi Inori Figurine x4 + Thud-Thud Hammer + Wheelchair Model x2,275374,39339.142857
7,Asahi Inori Figurine x4 + Wheelchair Model x3,202533,28933.285714
7,Asahi Inori Figurine x3 + Ghostfire Wisp x4,1132484,161783.428571
7,Asahi Inori Figurine x3 + Ghostfire Wisp x3 + Lost Armor,875687,125098.142857
7,Asahi Inori Figurine x3 + Ghostfire Wisp x3 + New Flavor Out Now!,874806,124972.285714
7,Asahi Inori Figurine x3 + Ghostfire Wisp x3 + Nine-Bite Snack Box,1112269,158895.571429
7,Asahi Inori Figurine x3 + Ghostfire Wisp x3 + Thud-Thud Hammer,972061,138865.857143
7,Asahi Inori Figurine x3 + Ghostfire Wisp x3 + Wheelchair Model,899220,128460.0
7,Asahi Inori Figurine x3 + Ghostfire Wisp x2 + Lost Armor x2,618890,88412.857143
7,Asahi Inori Figurine x3 + Ghostfire Wisp x2 + Lost Armor + New Flavor Out Now!,618009,88287.0
7,Asahi Inori Figurine x3 + Ghostfire Wisp x2 + Lost Armor + Nine-Bite Snack Box,855472,122210.285714
7,Asahi Inori Figurine x3 + Ghostfire Wisp x2 + Lost Armor + Thud-Thud Hammer,715264,102180.571429
7,Asahi Inori Figurine x3 + Ghostfire Wisp x2 + Lost Armor + Wheelchair Model,642423,91774.714286
7,Asahi Inori Figurine x3 + Ghostfire Wisp x2 + New Flavor Out Now! x2,617128,88161.142857
7,Asahi Inori Figurine x3 + Ghostfire Wisp x2 + New Flavor Out Now! + Nine-Bite Snack Box,854591,122084.428571
7,Asahi Inori Figurine x3 + Ghostfire Wisp x2 + New Flavor Out Now! + Thud-Thud Hammer,714383,102054.714286
7,Asahi Inori Figurine x3 + Ghostfire Wisp x2 + New Flavor Out Now! + Wheelchair Model,641542,91648.857143
7,Asahi Inori Figurine x3 + Ghostfire Wisp x2 + Nine-Bite Snack Box x2,1092054,156007.714286
7,Asahi Inori Figurine x3 + Ghostfire Wisp x2 + Nine-Bite Snack Box + Thud-Thud Hammer,951846,135978.0
7,Asahi Inori Figurine x3 + Ghostfire Wisp x2 + Nine-Bite Snack Box + Wheelchair Model,879005,125572.142857
7,Asahi Inori Figurine x3 + Ghostfire Wisp x2 + Thud-Thud Hammer x2,811638,115948.285714
7,Asahi Inori Figurine x3 + Ghostfire Wisp x2 + Thud-Thud Hammer + Wheelchair Model,738797,105542.428571
7,Asahi Inori Figurine x3 + Ghostfire Wisp x2 + Wheelchair Model x2,665956,95136.571429
7,Asahi Inori Figurine x3 + Ghostfire Wisp + Lost Armor x3,362093,51727.571429
7,Asahi Inori Figurine x3 + Ghostfire Wisp + Lost Armor x2 + New Flavor Out Now!,361212,51601.714286
7,Asahi Inori Figurine x3 + Ghostfire Wisp + Lost Armor x2 + Nine-Bite Snack Box,598675,85525.0
7,Asahi Inori Figurine x3 + Ghostfire Wisp + Lost Armor x2 + Thud-Thud Hammer,458467,65495.285714
7,Asahi Inori Figurine x3 + Ghostfire Wisp + Lost Armor x2 + Wheelchair Model,385626,55089.428571
7,Asahi Inori Figurine x3 + Ghostfire Wisp + Lost Armor + New Flavor Out Now! x2,360331,51475.857143
7,Asahi Inori Figurine x3 + Ghostfire Wisp + Lost Armor + New Flavor Out Now! + Nine-Bite Snack Box,597794,85399.142857
7,Asahi Inori Figurine x3 + Ghostfire Wisp + Lost Armor + New Flavor Out Now! + Thud-Thud Hammer,457586,65369.428571
7,Asahi Inori Figurine x3 + Ghostfire Wisp + Lost Armor + New Flavor Out Now! + Wheelchair Model,384745,54963.571429
7,Asahi Inori Figurine x3 + Ghostfire Wisp + Lost Armor + Nine-Bite Snack Box x2,835257,119322.428571
7,Asahi Inori Figurine x3 + Ghostfire Wisp + Lost Armor + Nine-Bite Snack Box + Thud-Thud Hammer,695049,99292.714286
7,Asahi Inori Figurine x3 + Ghostfire Wisp + Lost Armor + Nine-Bite Snack Box + Wheelchair Model,622208,88886.857143
7,Asahi Inori Figurine x3 + Ghostfire Wisp + Lost Armor + Thud-Thud Hammer x2,554841,79263.0
7,Asahi Inori Figurine x3 + Ghostfire Wisp + Lost Armor + Thud-Thud Hammer + Wheelchair Model,482000,68857.142857
7,Asahi Inori Figurine x3 + Ghostfire Wisp + Lost Armor + Wheelchair Model x2,409159,58451.285714
7,Asahi Inori Figurine x3 + Ghostfire Wisp + New Flavor Out Now! x3,359450,51350.0
7,Asahi Inori Figurine x3 + Ghostfire Wisp + New Flavor Out Now! x2 + Nine-Bite Snack Box,596913,85273.285714
7,Asahi Inori Figurine x3 + Ghostfire Wisp + New Flavor Out Now! x2 + Thud-Thud Hammer,456705,65243.571429
7,Asahi Inori Figurine x3 + Ghostfire Wisp + New Flavor Out Now! x2 + Wheelchair Model,383864,54837.714286
7,Asahi Inori Figurine x3 + Ghostfire Wisp + New Flavor Out Now! + Nine-Bite Snack Box x2,834376,119196.571429
7,Asahi Inori Figurine x3 + Ghostfire Wisp + New Flavor Out Now! + Nine-Bite Snack Box + Thud-Thud Hammer,694168,99166.857143
7,Asahi Inori Figurine x3 + Ghostfire Wisp + New Flavor Out Now! + Nine-Bite Snack Box + Wheelchair Model,621327,88761.0
7,Asahi Inori Figurine x3 + Ghostfire Wisp + New Flavor Out Now! + Thud-Thud Hammer x2,553960,79137.142857
7,Asahi Inori Figurine x3 + Ghostfire Wisp + New Flavor Out Now! + Thud-Thud Hammer + Wheelchair Model,481119,68731.285714
7,Asahi Inori Figurine x3 + Ghostfire Wisp + New Flavor Out Now! + Wheelchair Model x2,408278,58325.428571
7,Asahi Inori Figurine x3 + Ghostfire Wisp + Nine-Bite Snack Box x3,1071839,153119.857143
7,Asahi Inori Figurine x3 + Ghostfire Wisp + Nine-Bite Snack Box x2 + Thud-Thud Hammer,931631,133090.142857
7,Asahi Inori Figurine x3 + Ghostfire Wisp + Nine-Bite Snack Box x2 + Wheelchair Model,858790,122684.285714
7,Asahi Inori Figurine x3 + Ghostfire Wisp + Nine-Bite Snack Box + Thud-Thud Hammer x2,791423,113060.428571
7,Asahi Inori Figurine x3 + Ghostfire Wisp + Nine-Bite Snack Box + Thud-Thud Hammer + Wheelchair Model,718582,102654.571429
7,Asahi Inori Figurine x3 + Ghostfire Wisp + Nine-Bite Snack Box + Wheelchair Model x2,645741,92248.714286
7,Asahi Inori Figurine x3 + Ghostfire Wisp + Thud-Thud Hammer x3,651215,93030.714286
7,Asahi Inori Figurine x3 + Ghostfire Wisp + Thud-Thud Hammer x2 + Wheelchair Model,578374,82624.857143
7,Asahi Inori Figurine x3 + Ghostfire Wisp + Thud-Thud Hammer + Wheelchair Model x2,505533,72219.0
7,Asahi Inori Figurine x3 + Ghostfire Wisp + Wheelchair Model x3,432692,61813.142857
7,Asahi Inori Figurine x3 + Lost Armor x4,105296,15042.285714
7,Asahi Inori Figurine x3 + Lost Armor x3 + New Flavor Out Now!,104415,14916.428571
7,Asahi Inori Figurine x3 + Lost Armor x3 + Nine-Bite Snack Box,341878,48839.714286
7,Asahi Inori Figurine x3 + Lost Armor x3 + Thud-Thud Hammer,201670,28810.0
7,Asahi Inori Figurine x3 + Lost Armor x3 + Wheelchair Model,128829,18404.142857
7,Asahi Inori Figurine x3 + Lost Armor x2 + New Flavor Out Now! x2,103534,14790.571429
7,Asahi Inori Figurine x3 + Lost Armor x2 + New Flavor Out Now! + Nine-Bite Snack Box,340997,48713.857143
7,Asahi Inori Figurine x3 + Lost Armor x2 + New Flavor Out Now! + Thud-Thud Hammer,200789,28684.142857
7,Asahi Inori Figurine x3 + Lost Armor x2 + New Flavor Out Now! + Wheelchair Model,127948,18278.285714
7,Asahi Inori Figurine x3 + Lost Armor x2 + Nine-Bite Snack Box x2,578460,82637.142857
7,Asahi Inori Figurine x3 + Lost Armor x2 + Nine-Bite Snack Box + Thud-Thud Hammer,438252,62607.428571
7,Asahi Inori Figurine x3 + Lost Armor x2 + Nine-Bite Snack Box + Wheelchair Model,365411,52201.571429
7,Asahi Inori Figurine x3 + Lost Armor x2 + Thud-Thud Hammer x2,298044,42577.714286
7,Asahi Inori Figurine x3 + Lost Armor x2 + Thud-Thud Hammer + Wheelchair Model,225203,32171.857143
7,Asahi Inori Figurine x3 + Lost Armor x2 + Wheelchair Model x2,152362,21766.0
7,Asahi Inori Figurine x3 + Lost Armor + New Flavor Out Now! x3,102653,14664.714286
7,Asahi Inori Figurine x3 + Lost Armor + New Flavor Out Now! x2 + Nine-Bite Snack Box,340116,48588.0
7,Asahi Inori Figurine x3 + Lost Armor + New Flavor Out Now! x2 + Thud-Thud Hammer,199908,28558.285714
7,Asahi Inori Figurine x3 + Lost Armor + New Flavor Out Now! x2 + Wheelchair Model,127067,18152.428571
7,Asahi Inori Figurine x3 + Lost Armor + New Flavor Out Now! + Nine-Bite Snack Box x2,577579,82511.285714
7,Asahi Inori Figurine x3 + Lost Armor + New Flavor Out Now! + Nine-Bite Snack Box + Thud-Thud Hammer,437371,62481.571429
7,Asahi Inori Figurine x3 + Lost Armor + New Flavor Out Now! + Nine-Bite Snack Box + Wheelchair Model,364530,52075.714286
7,Asahi Inori Figurine x3 + Lost Armor + New Flavor Out Now! + Thud-Thud Hammer x2,297163,42451.857143
7,Asahi Inori Figurine x3 + Lost Armor + New Flavor Out Now! + Thud-Thud Hammer + Wheelchair Model,224322,32046.0
7,Asahi Inori Figurine x3 + Lost Armor + New Flavor Out Now! + Wheelchair Model x2,151481,21640.142857
7,Asahi Inori Figurine x3 + Lost Armor + Nine-Bite Snack Box x3,815042,116434.571429
7,Asahi Inori Figurine x3 + Lost Armor + Nine-Bite Snack Box x2 + Thud-Thud Hammer,674834,96404.857143
7,Asahi Inori Figurine x3 + Lost Armor + Nine-Bite Snack Box x2 + Wheelchair Model,601993,85999.0
7,Asahi Inori Figurine x3 + Lost Armor + Nine-Bite Snack Box + Thud-Thud Hammer x2,534626,76375.142857
7,Asahi Inori Figurine x3 + Lost Armor + Nine-Bite Snack Box + Thud-Thud Hammer + Wheelchair Model,461785,65969.285714
7,Asahi Inori Figurine x3 + Lost Armor + Nine-Bite Snack Box + Wheelchair Model x2,388944,55563.428571
7,Asahi Inori Figurine x3 + Lost Armor + Thud-Thud Hammer x3,394418,56345.428571
7,Asahi Inori Figurine x3 + Lost Armor + Thud-Thud Hammer x2 + Wheelchair Model,321577,45939.571429
7,Asahi Inori Figurine x3 + Lost Armor + Thud-Thud Hammer + Wheelchair Model x2,248736,35533.714286
7,Asahi Inori Figurine x3 + Lost Armor + Wheelchair Model x3,175895,25127.857143
7,Asahi Inori Figurine x3 + New Flavor Out Now! x4,101772,14538.857143
7,Asahi Inori Figurine x3 + New Flavor Out Now! x3 + Nine-Bite Snack Box,339235,48462.142857
7,Asahi Inori Figurine x3 + New Flavor Out Now! x3 + Thud-Thud Hammer,199027,28432.428571
7,Asahi Inori Figurine x3 + New Flavor Out Now! x3 + Wheelchair Model,126186,18026.571429
7,Asahi Inori Figurine x3 + New Flavor Out Now! x2 + Nine-Bite Snack Box x2,576698,82385.428571
7,Asahi Inori Figurine x3 + New Flavor Out Now! x2 + Nine-Bite Snack Box + Thud-Thud Hammer,436490,62355.714286
7,Asahi Inori Figurine x3 + New Flavor Out Now! x2 + Nine-Bite Snack Box + Wheelchair Model,363649,51949.857143
7,Asahi Inori Figurine x3 + New Flavor Out Now! x2 + Thud-Thud Hammer x2,296282,42326.0
7,Asahi Inori Figurine x3 + New Flavor Out Now! x2 + Thud-Thud Hammer + Wheelchair Model,223441,31920.142857
7,Asahi Inori Figurine x3 + New Flavor Out Now! x2 + Wheelchair Model x2,150600,21514.285714
7,Asahi Inori Figurine x3 + New Flavor Out Now! + Nine-Bite Snack Box x3,814161,116308.714286
7,Asahi Inori Figurine x3 + New Flavor Out Now! + Nine-Bite Snack Box x2 + Thud-Thud Hammer,673953,96279.0
7,Asahi Inori Figurine x3 + New Flavor Out Now! + Nine-Bite Snack Box x2 + Wheelchair Model,601112,85873.142857
7,Asahi Inori Figurine x3 + New Flavor Out Now! + Nine-Bite Snack Box + Thud-Thud Hammer x2,533745,76249.285714
7,Asahi Inori Figurine x3 + New Flavor Out Now! + Nine-Bite Snack Box + Thud-Thud Hammer + Wheelchair Model,460904,65843.428571
7,Asahi Inori Figurine x3 + New Flavor Out Now! + Nine-Bite Snack Box + Wheelchair Model x2,388063,55437.571429
7,Asahi Inori Figurine x3 + New Flavor Out Now! + Thud-Thud Hammer x3,393537,56219.571429
7,Asahi Inori Figurine x3 + New Flavor Out Now! + Thud-Thud Hammer x2 + Wheelchair Model,320696,45813.714286
7,Asahi Inori Figurine x3 + New Flavor Out Now! + Thud-Thud Hammer + Wheelchair Model x2,247855,35407.857143
7,Asahi Inori Figurine x3 + New Flavor Out Now! + Wheelchair Model x3,175014,25002.0
7,Asahi Inori Figurine x3 + Nine-Bite Snack Box x4,1051624,150232.0
7,Asahi Inori Figurine x3 + Nine-Bite Snack Box x3 + Thud-Thud Hammer,911416,130202.285714
7,Asahi Inori Figurine x3 + Nine-Bite Snack Box x3 + Wheelchair Model,838575,119796.428571
7,Asahi Inori Figurine x3 + Nine-Bite Snack Box x2 + Thud-Thud Hammer x2,771208,110172.571429
7,Asahi Inori Figurine x3 + Nine-Bite Snack Box x2 + Thud-Thud Hammer + Wheelchair Model,698367,99766.714286
7,Asahi Inori Figurine x3 + Nine-Bite Snack Box x2 + Wheelchair Model x2,625526,89360.857143
7,Asahi Inori Figurine x3 + Nine-Bite Snack Box + Thud-Thud Hammer x3,631000,90142.857143
7,Asahi Inori Figurine x3 + Nine-Bite Snack Box + Thud-Thud Hammer x2 + Wheelchair Model,558159,79737.0
7,Asahi Inori Figurine x3 + Nine-Bite Snack Box + Thud-Thud Hammer + Wheelchair Model x2,485318,69331.142857
7,Asahi Inori Figurine x3 + Nine-Bite Snack Box + Wheelchair Model x3,412477,58925.285714
7,Asahi Inori Figurine x3 + Thud-Thud Hammer x4,490792,70113.142857
7,Asahi Inori Figurine x3 + Thud-Thud Hammer x3 + Wheelchair Model,417951,59707.285714
7,Asahi Inori Figurine x3 + Thud-Thud Hammer x2 + Wheelchair Model x2,345110,49301.428571
7,Asahi Inori Figurine x3 + Thud-Thud Hammer + Wheelchair Model x3,272269,38895.571429
7,Asahi Inori Figurine x3 + Wheelchair Model x4,199428,28489.714286
7,Asahi Inori Figurine x2 + Ghostfire Wisp x5,1362643,194663.285714
7,Asahi Inori Figurine x2 + Ghostfire Wisp x4 + Lost Armor,1105846,157978.0
7,Asahi Inori Figurine x2 + Ghostfire Wisp x4 + New Flavor Out Now!,1104965,157852.142857
7,Asahi Inori Figurine x2 + Ghostfire Wisp x4 + Nine-Bite Snack Box,1342428,191775.428571
7,Asahi Inori Figurine x2 + Ghostfire Wisp x4 + Thud-Thud Hammer,1202220,171745.714286
7,Asahi Inori Figurine x2 + Ghostfire Wisp x4 + Wheelchair Model,1129379,161339.857143
7,Asahi Inori Figurine x2 + Ghostfire Wisp x3 + Lost Armor x2,849049,121292.714286
7,Asahi Inori Figurine x2 + Ghostfire Wisp x3 + Lost Armor + New Flavor Out Now!,848168,121166.857143
7,Asahi Inori Figurine x2 + Ghostfire Wisp x3 + Lost Armor + Nine-Bite Snack Box,1085631,155090.142857
7,Asahi Inori Figurine x2 + Ghostfire Wisp x3 + Lost Armor + Thud-Thud Hammer,945423,135060.428571
7,Asahi Inori Figurine x2 + Ghostfire Wisp x3 + Lost Armor + Wheelchair Model,872582,124654.571429
7,Asahi Inori Figurine x2 + Ghostfire Wisp x3 + New Flavor Out Now! x2,847287,121041.0
7,Asahi Inori Figurine x2 + Ghostfire Wisp x3 + New Flavor Out Now! + Nine-Bite Snack Box,1084750,154964.285714
7,Asahi Inori Figurine x2 + Ghostfire Wisp x3 + New Flavor Out Now! + Thud-Thud Hammer,944542,134934.571429
7,Asahi Inori Figurine x2 + Ghostfire Wisp x3 + New Flavor Out Now! + Wheelchair Model,871701,124528.714286
7,Asahi Inori Figurine x2 + Ghostfire Wisp x3 + Nine-Bite Snack Box x2,1322213,188887.571429
7,Asahi Inori Figurine x2 + Ghostfire Wisp x3 + Nine-Bite Snack Box + Thud-Thud Hammer,1182005,168857.857143
7,Asahi Inori Figurine x2 + Ghostfire Wisp x3 + Nine-Bite Snack Box + Wheelchair Model,1109164,158452.0
7,Asahi Inori Figurine x2 + Ghostfire Wisp x3 + Thud-Thud Hammer x2,1041797,148828.142857
7,Asahi Inori Figurine x2 + Ghostfire Wisp x3 + Thud-Thud Hammer + Wheelchair Model,968956,138422.285714
7,Asahi Inori Figurine x2 + Ghostfire Wisp x3 + Wheelchair Model x2,896115,128016.428571
7,Asahi Inori Figurine x2 + Ghostfire Wisp x2 + Lost Armor x3,592252,84607.428571
7,Asahi Inori Figurine x2 + Ghostfire Wisp x2 + Lost Armor x2 + New Flavor Out Now!,591371,84481.571429
7,Asahi Inori Figurine x2 + Ghostfire Wisp x2 + Lost Armor x2 + Nine-Bite Snack Box,828834,118404.857143
7,Asahi Inori Figurine x2 + Ghostfire Wisp x2 + Lost Armor x2 + Thud-Thud Hammer,688626,98375.142857
7,Asahi Inori Figurine x2 + Ghostfire Wisp x2 + Lost Armor x2 + Wheelchair Model,615785,87969.285714
7,Asahi Inori Figurine x2 + Ghostfire Wisp x2 + Lost Armor + New Flavor Out Now! x2,590490,84355.714286
7,Asahi Inori Figurine x2 + Ghostfire Wisp x2 + Lost Armor + New Flavor Out Now! + Nine-Bite Snack Box,827953,118279.0
7,Asahi Inori Figurine x2 + Ghostfire Wisp x2 + Lost Armor + New Flavor Out Now! + Thud-Thud Hammer,687745,98249.285714
7,Asahi Inori Figurine x2 + Ghostfire Wisp x2 + Lost Armor + New Flavor Out Now! + Wheelchair Model,614904,87843.428571
7,Asahi Inori Figurine x2 + Ghostfire Wisp x2 + Lost Armor + Nine-Bite Snack Box x2,1065416,152202.285714
7,Asahi Inori Figurine x2 + Ghostfire Wisp x2 + Lost Armor + Nine-Bite Snack Box + Thud-Thud Hammer,925208,132172.571429
7,Asahi Inori Figurine x2 + Ghostfire Wisp x2 + Lost Armor + Nine-Bite Snack Box + Wheelchair Model,852367,121766.714286
7,Asahi Inori Figurine x2 + Ghostfire Wisp x2 + Lost Armor + Thud-Thud Hammer x2,785000,112142.857143
7,Asahi Inori Figurine x2 + Ghostfire Wisp x2 + Lost Armor + Thud-Thud Hammer + Wheelchair Model,712159,101737.0
7,Asahi Inori Figurine x2 + Ghostfire Wisp x2 + Lost Armor + Wheelchair Model x2,639318,91331.142857
7,Asahi Inori Figurine x2 + Ghostfire Wisp x2 + New Flavor Out Now! x3,589609,84229.857143
7,Asahi Inori Figurine x2 + Ghostfire Wisp x2 + New Flavor Out Now! x2 + Nine-Bite Snack Box,827072,118153.142857
7,Asahi Inori Figurine x2 + Ghostfire Wisp x2 + New Flavor Out Now! x2 + Thud-Thud Hammer,686864,98123.428571
7,Asahi Inori Figurine x2 + Ghostfire Wisp x2 + New Flavor Out Now! x2 + Wheelchair Model,614023,87717.571429
7,Asahi Inori Figurine x2 + Ghostfire Wisp x2 + New Flavor Out Now! + Nine-Bite Snack Box x2,1064535,152076.428571
7,Asahi Inori Figurine x2 + Ghostfire Wisp x2 + New Flavor Out Now! + Nine-Bite Snack Box + Thud-Thud Hammer,924327,132046.714286
7,Asahi Inori Figurine x2 + Ghostfire Wisp x2 + New Flavor Out Now! + Nine-Bite Snack Box + Wheelchair Model,851486,121640.857143
7,Asahi Inori Figurine x2 + Ghostfire Wisp x2 + New Flavor Out Now! + Thud-Thud Hammer x2,784119,112017.0
7,Asahi Inori Figurine x2 + Ghostfire Wisp x2 + New Flavor Out Now! + Thud-Thud Hammer + Wheelchair Model,711278,101611.142857
7,Asahi Inori Figurine x2 + Ghostfire Wisp x2 + New Flavor Out Now! + Wheelchair Model x2,638437,91205.285714
7,Asahi Inori Figurine x2 + Ghostfire Wisp x2 + Nine-Bite Snack Box x3,1301998,185999.714286
7,Asahi Inori Figurine x2 + Ghostfire Wisp x2 + Nine-Bite Snack Box x2 + Thud-Thud Hammer,1161790,165970.0
7,Asahi Inori Figurine x2 + Ghostfire Wisp x2 + Nine-Bite Snack Box x2 + Wheelchair Model,1088949,155564.142857
7,Asahi Inori Figurine x2 + Ghostfire Wisp x2 + Nine-Bite Snack Box + Thud-Thud Hammer x2,1021582,145940.285714
7,Asahi Inori Figurine x2 + Ghostfire Wisp x2 + Nine-Bite Snack Box + Thud-Thud Hammer + Wheelchair Model,948741,135534.428571
7,Asahi Inori Figurine x2 + Ghostfire Wisp x2 + Nine-Bite Snack Box + Wheelchair Model x2,875900,125128.571429
7,Asahi Inori Figurine x2 + Ghostfire Wisp x2 + Thud-Thud Hammer x3,881374,125910.571429
7,Asahi Inori Figurine x2 + Ghostfire Wisp x2 + Thud-Thud Hammer x2 + Wheelchair Model,808533,115504.714286
7,Asahi Inori Figurine x2 + Ghostfire Wisp x2 + Thud-Thud Hammer + Wheelchair Model x2,735692,105098.857143
7,Asahi Inori Figurine x2 + Ghostfire Wisp x2 + Wheelchair Model x3,662851,94693.0
7,Asahi Inori Figurine x2 + Ghostfire Wisp + Lost Armor x4,335455,47922.142857
7,Asahi Inori Figurine x2 + Ghostfire Wisp + Lost Armor x3 + New Flavor Out Now!,334574,47796.285714
7,Asahi Inori Figurine x2 + Ghostfire Wisp + Lost Armor x3 + Nine-Bite Snack Box,572037,81719.571429
7,Asahi Inori Figurine x2 + Ghostfire Wisp + Lost Armor x3 + Thud-Thud Hammer,431829,61689.857143
7,Asahi Inori Figurine x2 + Ghostfire Wisp + Lost Armor x3 + Wheelchair Model,358988,51284.0
7,Asahi Inori Figurine x2 + Ghostfire Wisp + Lost Armor x2 + New Flavor Out Now! x2,333693,47670.428571
7,Asahi Inori Figurine x2 + Ghostfire Wisp + Lost Armor x2 + New Flavor Out Now! + Nine-Bite Snack Box,571156,81593.714286
7,Asahi Inori Figurine x2 + Ghostfire Wisp + Lost Armor x2 + New Flavor Out Now! + Thud-Thud Hammer,430948,61564.0
7,Asahi Inori Figurine x2 + Ghostfire Wisp + Lost Armor x2 + New Flavor Out Now! + Wheelchair Model,358107,51158.142857
7,Asahi Inori Figurine x2 + Ghostfire Wisp + Lost Armor x2 + Nine-Bite Snack Box x2,808619,115517.0
7,Asahi Inori Figurine x2 + Ghostfire Wisp + Lost Armor x2 + Nine-Bite Snack Box + Thud-Thud Hammer,668411,95487.285714
7,Asahi Inori Figurine x2 + Ghostfire Wisp + Lost Armor x2 + Nine-Bite Snack Box + Wheelchair Model,595570,85081.428571
7,Asahi Inori Figurine x2 + Ghostfire Wisp + Lost Armor x2 + Thud-Thud Hammer x2,528203,75457.571429
7,Asahi Inori Figurine x2 + Ghostfire Wisp + Lost Armor x2 + Thud-Thud Hammer + Wheelchair Model,455362,65051.714286
7,Asahi Inori Figurine x2 + Ghostfire Wisp + Lost Armor x2 + Wheelchair Model x2,382521,54645.857143
7,Asahi Inori Figurine x2 + Ghostfire Wisp + Lost Armor + New Flavor Out Now! x3,332812,47544.571429
7,Asahi Inori Figurine x2 + Ghostfire Wisp + Lost Armor + New Flavor Out Now! x2 + Nine-Bite Snack Box,570275,81467.857143
7,Asahi Inori Figurine x2 + Ghostfire Wisp + Lost Armor + New Flavor Out Now! x2 + Thud-Thud Hammer,430067,61438.142857
7,Asahi Inori Figurine x2 + Ghostfire Wisp + Lost Armor + New Flavor Out Now! x2 + Wheelchair Model,357226,51032.285714
7,Asahi Inori Figurine x2 + Ghostfire Wisp + Lost Armor + New Flavor Out Now! + Nine-Bite Snack Box x2,807738,115391.142857
7,Asahi Inori Figurine x2 + Ghostfire Wisp + Lost Armor + New Flavor Out Now! + Nine-Bite Snack Box + Thud-Thud Hammer,667530,95361.428571
7,Asahi Inori Figurine x2 + Ghostfire Wisp + Lost Armor + New Flavor Out Now! + Nine-Bite Snack Box + Wheelchair Model,594689,84955.571429
7,Asahi Inori Figurine x2 + Ghostfire Wisp + Lost Armor + New Flavor Out Now! + Thud-Thud Hammer x2,527322,75331.714286
7,Asahi Inori Figurine x2 + Ghostfire Wisp + Lost Armor + New Flavor Out Now! + Thud-Thud Hammer + Wheelchair Model,454481,64925.857143
7,Asahi Inori Figurine x2 + Ghostfire Wisp + Lost Armor + New Flavor Out Now! + Wheelchair Model x2,381640,54520.0
7,Asahi Inori Figurine x2 + Ghostfire Wisp + Lost Armor + Nine-Bite Snack Box x3,1045201,149314.428571
7,Asahi Inori Figurine x2 + Ghostfire Wisp + Lost Armor + Nine-Bite Snack Box x2 + Thud-Thud Hammer,904993,129284.714286
7,Asahi Inori Figurine x2 + Ghostfire Wisp + Lost Armor + Nine-Bite Snack Box x2 + Wheelchair Model,832152,118878.857143
7,Asahi Inori Figurine x2 + Ghostfire Wisp + Lost Armor + Nine-Bite Snack Box + Thud-Thud Hammer x2,764785,109255.0
7,Asahi Inori Figurine x2 + Ghostfire Wisp + Lost Armor + Nine-Bite Snack Box + Thud-Thud Hammer + Wheelchair Model,691944,98849.142857
7,Asahi Inori Figurine x2 + Ghostfire Wisp + Lost Armor + Nine-Bite Snack Box + Wheelchair Model x2,619103,88443.285714
7,Asahi Inori Figurine x2 + Ghostfire Wisp + Lost Armor + Thud-Thud Hammer x3,624577,89225.285714
7,Asahi Inori Figurine x2 + Ghostfire Wisp + Lost Armor + Thud-Thud Hammer x2 + Wheelchair Model,551736,78819.428571
7,Asahi Inori Figurine x2 + Ghostfire Wisp + Lost Armor + Thud-Thud Hammer + Wheelchair Model x2,478895,68413.571429
7,Asahi Inori Figurine x2 + Ghostfire Wisp + Lost Armor + Wheelchair Model x3,406054,58007.714286
7,Asahi Inori Figurine x2 + Ghostfire Wisp + New Flavor Out Now! x4,331931,47418.714286
7,Asahi Inori Figurine x2 + Ghostfire Wisp + New Flavor Out Now! x3 + Nine-Bite Snack Box,569394,81342.0
7,Asahi Inori Figurine x2 + Ghostfire Wisp + New Flavor Out Now! x3 + Thud-Thud Hammer,429186,61312.285714
7,Asahi Inori Figurine x2 + Ghostfire Wisp + New Flavor Out Now! x3 + Wheelchair Model,356345,50906.428571
7,Asahi Inori Figurine x2 + Ghostfire Wisp + New Flavor Out Now! x2 + Nine-Bite Snack Box x2,806857,115265.285714
7,Asahi Inori Figurine x2 + Ghostfire Wisp + New Flavor Out Now! x2 + Nine-Bite Snack Box + Thud-Thud Hammer,666649,95235.571429
7,Asahi Inori Figurine x2 + Ghostfire Wisp + New Flavor Out Now! x2 + Nine-Bite Snack Box + Wheelchair Model,593808,84829.714286
7,Asahi Inori Figurine x2 + Ghostfire Wisp + New Flavor Out Now! x2 + Thud-Thud Hammer x2,526441,75205.857143
7,Asahi Inori Figurine x2 + Ghostfire Wisp + New Flavor Out Now! x2 + Thud-Thud Hammer + Wheelchair Model,453600,64800.0
7,Asahi Inori Figurine x2 + Ghostfire Wisp + New Flavor Out Now! x2 + Wheelchair Model x2,380759,54394.142857
7,Asahi Inori Figurine x2 + Ghostfire Wisp + New Flavor Out Now! + Nine-Bite Snack Box x3,1044320,149188.571429
7,Asahi Inori Figurine x2 + Ghostfire Wisp + New Flavor Out Now! + Nine-Bite Snack Box x2 + Thud-Thud Hammer,904112,129158.857143
7,Asahi Inori Figurine x2 + Ghostfire Wisp + New Flavor Out Now! + Nine-Bite Snack Box x2 + Wheelchair Model,831271,118753.0
7,Asahi Inori Figurine x2 + Ghostfire Wisp + New Flavor Out Now! + Nine-Bite Snack Box + Thud-Thud Hammer x2,763904,109129.142857
7,Asahi Inori Figurine x2 + Ghostfire Wisp + New Flavor Out Now! + Nine-Bite Snack Box + Thud-Thud Hammer + Wheelchair Model,691063,98723.285714
7,Asahi Inori Figurine x2 + Ghostfire Wisp + New Flavor Out Now! + Nine-Bite Snack Box + Wheelchair Model x2,618222,88317.428571
7,Asahi Inori Figurine x2 + Ghostfire Wisp + New Flavor Out Now! + Thud-Thud Hammer x3,623696,89099.428571
7,Asahi Inori Figurine x2 + Ghostfire Wisp + New Flavor Out Now! + Thud-Thud Hammer x2 + Wheelchair Model,550855,78693.571429
7,Asahi Inori Figurine x2 + Ghostfire Wisp + New Flavor Out Now! + Thud-Thud Hammer + Wheelchair Model x2,478014,68287.714286
7,Asahi Inori Figurine x2 + Ghostfire Wisp + New Flavor Out Now! + Wheelchair Model x3,405173,57881.857143
7,Asahi Inori Figurine x2 + Ghostfire Wisp + Nine-Bite Snack Box x4,1281783,183111.857143
7,Asahi Inori Figurine x2 + Ghostfire Wisp + Nine-Bite Snack Box x3 + Thud-Thud Hammer,1141575,163082.142857
7,Asahi Inori Figurine x2 + Ghostfire Wisp + Nine-Bite Snack Box x3 + Wheelchair Model,1068734,152676.285714
7,Asahi Inori Figurine x2 + Ghostfire Wisp + Nine-Bite Snack Box x2 + Thud-Thud Hammer x2,1001367,143052.428571
7,Asahi Inori Figurine x2 + Ghostfire Wisp + Nine-Bite Snack Box x2 + Thud-Thud Hammer + Wheelchair Model,928526,132646.571429
7,Asahi Inori Figurine x2 + Ghostfire Wisp + Nine-Bite Snack Box x2 + Wheelchair Model x2,855685,122240.714286
7,Asahi Inori Figurine x2 + Ghostfire Wisp + Nine-Bite Snack Box + Thud-Thud Hammer x3,861159,123022.714286
7,Asahi Inori Figurine x2 + Ghostfire Wisp + Nine-Bite Snack Box + Thud-Thud Hammer x2 + Wheelchair Model,788318,112616.857143
7,Asahi Inori Figurine x2 + Ghostfire Wisp + Nine-Bite Snack Box + Thud-Thud Hammer + Wheelchair Model x2,715477,102211.0
7,Asahi Inori Figurine x2 + Ghostfire Wisp + Nine-Bite Snack Box + Wheelchair Model x3,642636,91805.142857
7,Asahi Inori Figurine x2 + Ghostfire Wisp + Thud-Thud Hammer x4,720951,102993.0
7,Asahi Inori Figurine x2 + Ghostfire Wisp + Thud-Thud Hammer x3 + Wheelchair Model,648110,92587.142857
7,Asahi Inori Figurine x2 + Ghostfire Wisp + Thud-Thud Hammer x2 + Wheelchair Model x2,575269,82181.285714
7,Asahi Inori Figurine x2 + Ghostfire Wisp + Thud-Thud Hammer + Wheelchair Model x3,502428,71775.428571
7,Asahi Inori Figurine x2 + Ghostfire Wisp + Wheelchair Model x4,429587,61369.571429
7,Asahi Inori Figurine x2 + Lost Armor x5,78658,11236.857143
7,Asahi Inori Figurine x2 + Lost Armor x4 + New Flavor Out Now!,77777,11111.0
7,Asahi Inori Figurine x2 + Lost Armor x4 + Nine-Bite Snack Box,315240,45034.285714
7,Asahi Inori Figurine x2 + Lost Armor x4 + Thud-Thud Hammer,175032,25004.571429
7,Asahi Inori Figurine x2 + Lost Armor x4 + Wheelchair Model,102191,14598.714286
7,Asahi Inori Figurine x2 + Lost Armor x3 + New Flavor Out Now! x2,76896,10985.142857
7,Asahi Inori Figurine x2 + Lost Armor x3 + New Flavor Out Now! + Nine-Bite Snack Box,314359,44908.428571
7,Asahi Inori Figurine x2 + Lost Armor x3 + New Flavor Out Now! + Thud-Thud Hammer,174151,24878.714286
7,Asahi Inori Figurine x2 + Lost Armor x3 + New Flavor Out Now! + Wheelchair Model,101310,14472.857143
7,Asahi Inori Figurine x2 + Lost Armor x3 + Nine-Bite Snack Box x2,551822,78831.714286
7,Asahi Inori Figurine x2 + Lost Armor x3 + Nine-Bite Snack Box + Thud-Thud Hammer,411614,58802.0
7,Asahi Inori Figurine x2 + Lost Armor x3 + Nine-Bite Snack Box + Wheelchair Model,338773,48396.142857
7,Asahi Inori Figurine x2 + Lost Armor x3 + Thud-Thud Hammer x2,271406,38772.285714
7,Asahi Inori Figurine x2 + Lost Armor x3 + Thud-Thud Hammer + Wheelchair Model,198565,28366.428571
7,Asahi Inori Figurine x2 + Lost Armor x3 + Wheelchair Model x2,125724,17960.571429
7,Asahi Inori Figurine x2 + Lost Armor x2 + New Flavor Out Now! x3,76015,10859.285714
7,Asahi Inori Figurine x2 + Lost Armor x2 + New Flavor Out Now! x2 + Nine-Bite Snack Box,313478,44782.571429
7,Asahi Inori Figurine x2 + Lost Armor x2 + New Flavor Out Now! x2 + Thud-Thud Hammer,173270,24752.857143
7,Asahi Inori Figurine x2 + Lost Armor x2 + New Flavor Out Now! x2 + Wheelchair Model,100429,14347.0
7,Asahi Inori Figurine x2 + Lost Armor x2 + New Flavor Out Now! + Nine-Bite Snack Box x2,550941,78705.857143
7,Asahi Inori Figurine x2 + Lost Armor x2 + New Flavor Out Now! + Nine-Bite Snack Box + Thud-Thud Hammer,410733,58676.142857
7,Asahi Inori Figurine x2 + Lost Armor x2 + New Flavor Out Now! + Nine-Bite Snack Box + Wheelchair Model,337892,48270.285714
7,Asahi Inori Figurine x2 + Lost Armor x2 + New Flavor Out Now! + Thud-Thud Hammer x2,270525,38646.428571
7,Asahi Inori Figurine x2 + Lost Armor x2 + New Flavor Out Now! + Thud-Thud Hammer + Wheelchair Model,197684,28240.571429
7,Asahi Inori Figurine x2 + Lost Armor x2 + New Flavor Out Now! + Wheelchair Model x2,124843,17834.714286
7,Asahi Inori Figurine x2 + Lost Armor x2 + Nine-Bite Snack Box x3,788404,112629.142857
7,Asahi Inori Figurine x2 + Lost Armor x2 + Nine-Bite Snack Box x2 + Thud-Thud Hammer,648196,92599.428571
7,Asahi Inori Figurine x2 + Lost Armor x2 + Nine-Bite Snack Box x2 + Wheelchair Model,575355,82193.571429
7,Asahi Inori Figurine x2 + Lost Armor x2 + Nine-Bite Snack Box + Thud-Thud Hammer x2,507988,72569.714286
7,Asahi Inori Figurine x2 + Lost Armor x2 + Nine-Bite Snack Box + Thud-Thud Hammer + Wheelchair Model,435147,62163.857143
7,Asahi Inori Figurine x2 + Lost Armor x2 + Nine-Bite Snack Box + Wheelchair Model x2,362306,51758.0
7,Asahi Inori Figurine x2 + Lost Armor x2 + Thud-Thud Hammer x3,367780,52540.0
7,Asahi Inori Figurine x2 + Lost Armor x2 + Thud-Thud Hammer x2 + Wheelchair Model,294939,42134.142857
7,Asahi Inori Figurine x2 + Lost Armor x2 + Thud-Thud Hammer + Wheelchair Model x2,222098,31728.285714
7,Asahi Inori Figurine x2 + Lost Armor x2 + Wheelchair Model x3,149257,21322.428571
7,Asahi Inori Figurine x2 + Lost Armor + New Flavor Out Now! x4,75134,10733.428571
7,Asahi Inori Figurine x2 + Lost Armor + New Flavor Out Now! x3 + Nine-Bite Snack Box,312597,44656.714286
7,Asahi Inori Figurine x2 + Lost Armor + New Flavor Out Now! x3 + Thud-Thud Hammer,172389,24627.0
7,Asahi Inori Figurine x2 + Lost Armor + New Flavor Out Now! x3 + Wheelchair Model,99548,14221.142857
7,Asahi Inori Figurine x2 + Lost Armor + New Flavor Out Now! x2 + Nine-Bite Snack Box x2,550060,78580.0
7,Asahi Inori Figurine x2 + Lost Armor + New Flavor Out Now! x2 + Nine-Bite Snack Box + Thud-Thud Hammer,409852,58550.285714
7,Asahi Inori Figurine x2 + Lost Armor + New Flavor Out Now! x2 + Nine-Bite Snack Box + Wheelchair Model,337011,48144.428571
7,Asahi Inori Figurine x2 + Lost Armor + New Flavor Out Now! x2 + Thud-Thud Hammer x2,269644,38520.571429
7,Asahi Inori Figurine x2 + Lost Armor + New Flavor Out Now! x2 + Thud-Thud Hammer + Wheelchair Model,196803,28114.714286
7,Asahi Inori Figurine x2 + Lost Armor + New Flavor Out Now! x2 + Wheelchair Model x2,123962,17708.857143
7,Asahi Inori Figurine x2 + Lost Armor + New Flavor Out Now! + Nine-Bite Snack Box x3,787523,112503.285714
7,Asahi Inori Figurine x2 + Lost Armor + New Flavor Out Now! + Nine-Bite Snack Box x2 + Thud-Thud Hammer,647315,92473.571429
7,Asahi Inori Figurine x2 + Lost Armor + New Flavor Out Now! + Nine-Bite Snack Box x2 + Wheelchair Model,574474,82067.714286
7,Asahi Inori Figurine x2 + Lost Armor + New Flavor Out Now! + Nine-Bite Snack Box + Thud-Thud Hammer x2,507107,72443.857143
7,Asahi Inori Figurine x2 + Lost Armor + New Flavor Out Now! + Nine-Bite Snack Box + Thud-Thud Hammer + Wheelchair Model,434266,62038.0
7,Asahi Inori Figurine x2 + Lost Armor + New Flavor Out Now! + Nine-Bite Snack Box + Wheelchair Model x2,361425,51632.142857
7,Asahi Inori Figurine x2 + Lost Armor + New Flavor Out Now! + Thud-Thud Hammer x3,366899,52414.142857
7,Asahi Inori Figurine x2 + Lost Armor + New Flavor Out Now! + Thud-Thud Hammer x2 + Wheelchair Model,294058,42008.285714
7,Asahi Inori Figurine x2 + Lost Armor + New Flavor Out Now! + Thud-Thud Hammer + Wheelchair Model x2,221217,31602.428571
7,Asahi Inori Figurine x2 + Lost Armor + New Flavor Out Now! + Wheelchair Model x3,148376,21196.571429
7,Asahi Inori Figurine x2 + Lost Armor + Nine-Bite Snack Box x4,1024986,146426.571429
7,Asahi Inori Figurine x2 + Lost Armor + Nine-Bite Snack Box x3 + Thud-Thud Hammer,884778,126396.857143
7,Asahi Inori Figurine x2 + Lost Armor + Nine-Bite Snack Box x3 + Wheelchair Model,811937,115991.0
7,Asahi Inori Figurine x2 + Lost Armor + Nine-Bite Snack Box x2 + Thud-Thud Hammer x2,744570,106367.142857
7,Asahi Inori Figurine x2 + Lost Armor + Nine-Bite Snack Box x2 + Thud-Thud Hammer + Wheelchair Model,671729,95961.285714
7,Asahi Inori Figurine x2 + Lost Armor + Nine-Bite Snack Box x2 + Wheelchair Model x2,598888,85555.428571
7,Asahi Inori Figurine x2 + Lost Armor + Nine-Bite Snack Box + Thud-Thud Hammer x3,604362,86337.428571
7,Asahi Inori Figurine x2 + Lost Armor + Nine-Bite Snack Box + Thud-Thud Hammer x2 + Wheelchair Model,531521,75931.571429
7,Asahi Inori Figurine x2 + Lost Armor + Nine-Bite Snack Box + Thud-Thud Hammer + Wheelchair Model x2,458680,65525.714286
7,Asahi Inori Figurine x2 + Lost Armor + Nine-Bite Snack Box + Wheelchair Model x3,385839,55119.857143
7,Asahi Inori Figurine x2 + Lost Armor + Thud-Thud Hammer x4,464154,66307.714286
7,Asahi Inori Figurine x2 + Lost Armor + Thud-Thud Hammer x3 + Wheelchair Model,391313,55901.857143
7,Asahi Inori Figurine x2 + Lost Armor + Thud-Thud Hammer x2 + Wheelchair Model x2,318472,45496.0
7,Asahi Inori Figurine x2 + Lost Armor + Thud-Thud Hammer + Wheelchair Model x3,245631,35090.142857
7,Asahi Inori Figurine x2 + Lost Armor + Wheelchair Model x4,172790,24684.285714
7,Asahi Inori Figurine x2 + New Flavor Out Now! x5,74253,10607.571429
7,Asahi Inori Figurine x2 + New Flavor Out Now! x4 + Nine-Bite Snack Box,311716,44530.857143
7,Asahi Inori Figurine x2 + New Flavor Out Now! x4 + Thud-Thud Hammer,171508,24501.142857
7,Asahi Inori Figurine x2 + New Flavor Out Now! x4 + Wheelchair Model,98667,14095.285714
7,Asahi Inori Figurine x2 + New Flavor Out Now! x3 + Nine-Bite Snack Box x2,549179,78454.142857
7,Asahi Inori Figurine x2 + New Flavor Out Now! x3 + Nine-Bite Snack Box + Thud-Thud Hammer,408971,58424.428571
7,Asahi Inori Figurine x2 + New Flavor Out Now! x3 + Nine-Bite Snack Box + Wheelchair Model,336130,48018.571429
7,Asahi Inori Figurine x2 + New Flavor Out Now! x3 + Thud-Thud Hammer x2,268763,38394.714286
7,Asahi Inori Figurine x2 + New Flavor Out Now! x3 + Thud-Thud Hammer + Wheelchair Model,195922,27988.857143
7,Asahi Inori Figurine x2 + New Flavor Out Now! x3 + Wheelchair Model x2,123081,17583.0
7,Asahi Inori Figurine x2 + New Flavor Out Now! x2 + Nine-Bite Snack Box x3,786642,112377.428571
7,Asahi Inori Figurine x2 + New Flavor Out Now! x2 + Nine-Bite Snack Box x2 + Thud-Thud Hammer,646434,92347.714286
7,Asahi Inori Figurine x2 + New Flavor Out Now! x2 + Nine-Bite Snack Box x2 + Wheelchair Model,573593,81941.857143
7,Asahi Inori Figurine x2 + New Flavor Out Now! x2 + Nine-Bite Snack Box + Thud-Thud Hammer x2,506226,72318.0
7,Asahi Inori Figurine x2 + New Flavor Out Now! x2 + Nine-Bite Snack Box + Thud-Thud Hammer + Wheelchair Model,433385,61912.142857
7,Asahi Inori Figurine x2 + New Flavor Out Now! x2 + Nine-Bite Snack Box + Wheelchair Model x2,360544,51506.285714
7,Asahi Inori Figurine x2 + New Flavor Out Now! x2 + Thud-Thud Hammer x3,366018,52288.285714
7,Asahi Inori Figurine x2 + New Flavor Out Now! x2 + Thud-Thud Hammer x2 + Wheelchair Model,293177,41882.428571
7,Asahi Inori Figurine x2 + New Flavor Out Now! x2 + Thud-Thud Hammer + Wheelchair Model x2,220336,31476.571429
7,Asahi Inori Figurine x2 + New Flavor Out Now! x2 + Wheelchair Model x3,147495,21070.714286
7,Asahi Inori Figurine x2 + New Flavor Out Now! + Nine-Bite Snack Box x4,1024105,146300.714286
7,Asahi Inori Figurine x2 + New Flavor Out Now! + Nine-Bite Snack Box x3 + Thud-Thud Hammer,883897,126271.0
7,Asahi Inori Figurine x2 + New Flavor Out Now! + Nine-Bite Snack Box x3 + Wheelchair Model,811056,115865.142857
7,Asahi Inori Figurine x2 + New Flavor Out Now! + Nine-Bite Snack Box x2 + Thud-Thud Hammer x2,743689,106241.285714
7,Asahi Inori Figurine x2 + New Flavor Out Now! + Nine-Bite Snack Box x2 + Thud-Thud Hammer + Wheelchair Model,670848,95835.428571
7,Asahi Inori Figurine x2 + New Flavor Out Now! + Nine-Bite Snack Box x2 + Wheelchair Model x2,598007,85429.571429
7,Asahi Inori Figurine x2 + New Flavor Out Now! + Nine-Bite Snack Box + Thud-Thud Hammer x3,603481,86211.571429
7,Asahi Inori Figurine x2 + New Flavor Out Now! + Nine-Bite Snack Box + Thud-Thud Hammer x2 + Wheelchair Model,530640,75805.714286
7,Asahi Inori Figurine x2 + New Flavor Out Now! + Nine-Bite Snack Box + Thud-Thud Hammer + Wheelchair Model x2,457799,65399.857143
7,Asahi Inori Figurine x2 + New Flavor Out Now! + Nine-Bite Snack Box + Wheelchair Model x3,384958,54994.0
7,Asahi Inori Figurine x2 + New Flavor Out Now! + Thud-Thud Hammer x4,463273,66181.857143
7,Asahi Inori Figurine x2 + New Flavor Out Now! + Thud-Thud Hammer x3 + Wheelchair Model,390432,55776.0
7,Asahi Inori Figurine x2 + New Flavor Out Now! + Thud-Thud Hammer x2 + Wheelchair Model x2,317591,45370.142857
7,Asahi Inori Figurine x2 + New Flavor Out Now! + Thud-Thud Hammer + Wheelchair Model x3,244750,34964.285714
7,Asahi Inori Figurine x2 + New Flavor Out Now! + Wheelchair Model x4,171909,24558.428571
7,Asahi Inori Figurine x2 + Nine-Bite Snack Box x5,1261568,180224.0
7,Asahi Inori Figurine x2 + Nine-Bite Snack Box x4 + Thud-Thud Hammer,1121360,160194.285714
7,Asahi Inori Figurine x2 + Nine-Bite Snack Box x4 + Wheelchair Model,1048519,149788.428571
7,Asahi Inori Figurine x2 + Nine-Bite Snack Box x3 + Thud-Thud Hammer x2,981152,140164.571429
7,Asahi Inori Figurine x2 + Nine-Bite Snack Box x3 + Thud-Thud Hammer + Wheelchair Model,908311,129758.714286
7,Asahi Inori Figurine x2 + Nine-Bite Snack Box x3 + Wheelchair Model x2,835470,119352.857143
7,Asahi Inori Figurine x2 + Nine-Bite Snack Box x2 + Thud-Thud Hammer x3,840944,120134.857143
7,Asahi Inori Figurine x2 + Nine-Bite Snack Box x2 + Thud-Thud Hammer x2 + Wheelchair Model,768103,109729.0
7,Asahi Inori Figurine x2 + Nine-Bite Snack Box x2 + Thud-Thud Hammer + Wheelchair Model x2,695262,99323.142857
7,Asahi Inori Figurine x2 + Nine-Bite Snack Box x2 + Wheelchair Model x3,622421,88917.285714
7,Asahi Inori Figurine x2 + Nine-Bite Snack Box + Thud-Thud Hammer x4,700736,100105.142857
7,Asahi Inori Figurine x2 + Nine-Bite Snack Box + Thud-Thud Hammer x3 + Wheelchair Model,627895,89699.285714
7,Asahi Inori Figurine x2 + Nine-Bite Snack Box + Thud-Thud Hammer x2 + Wheelchair Model x2,555054,79293.428571
7,Asahi Inori Figurine x2 + Nine-Bite Snack Box + Thud-Thud Hammer + Wheelchair Model x3,482213,68887.571429
7,Asahi Inori Figurine x2 + Nine-Bite Snack Box + Wheelchair Model x4,409372,58481.714286
7,Asahi Inori Figurine x2 + Thud-Thud Hammer x5,560528,80075.428571
7,Asahi Inori Figurine x2 + Thud-Thud Hammer x4 + Wheelchair Model,487687,69669.571429
7,Asahi Inori Figurine x2 + Thud-Thud Hammer x3 + Wheelchair Model x2,414846,59263.714286
7,Asahi Inori Figurine x2 + Thud-Thud Hammer x2 + Wheelchair Model x3,342005,48857.857143
7,Asahi Inori Figurine x2 + Thud-Thud Hammer + Wheelchair Model x4,269164,38452.0
7,Asahi Inori Figurine x2 + Wheelchair Model x5,196323,28046.142857
7,Asahi Inori Figurine + Ghostfire Wisp x6,1592802,227543.142857
7,Asahi Inori Figurine + Ghostfire Wisp x5 + Lost Armor,1336005,190857.857143
7,Asahi Inori Figurine + Ghostfire Wisp x5 + New Flavor Out Now!,1335124,190732.0
7,Asahi Inori Figurine + Ghostfire Wisp x5 + Nine-Bite Snack Box,1572587,224655.285714
7,Asahi Inori Figurine + Ghostfire Wisp x5 + Thud-Thud Hammer,1432379,204625.571429
7,Asahi Inori Figurine + Ghostfire Wisp x5 + Wheelchair Model,1359538,194219.714286
7,Asahi Inori Figurine + Ghostfire Wisp x4 + Lost Armor x2,1079208,154172.571429
7,Asahi Inori Figurine + Ghostfire Wisp x4 + Lost Armor + New Flavor Out Now!,1078327,154046.714286
7,Asahi Inori Figurine + Ghostfire Wisp x4 + Lost Armor + Nine-Bite Snack Box,1315790,187970.0
7,Asahi Inori Figurine + Ghostfire Wisp x4 + Lost Armor + Thud-Thud Hammer,1175582,167940.285714
7,Asahi Inori Figurine + Ghostfire Wisp x4 + Lost Armor + Wheelchair Model,1102741,157534.428571
7,Asahi Inori Figurine + Ghostfire Wisp x4 + New Flavor Out Now! x2,1077446,153920.857143
7,Asahi Inori Figurine + Ghostfire Wisp x4 + New Flavor Out Now! + Nine-Bite Snack Box,1314909,187844.142857
7,Asahi Inori Figurine + Ghostfire Wisp x4 + New Flavor Out Now! + Thud-Thud Hammer,1174701,167814.428571
7,Asahi Inori Figurine + Ghostfire Wisp x4 + New Flavor Out Now! + Wheelchair Model,1101860,157408.571429
7,Asahi Inori Figurine + Ghostfire Wisp x4 + Nine-Bite Snack Box x2,1552372,221767.428571
7,Asahi Inori Figurine + Ghostfire Wisp x4 + Nine-Bite Snack Box + Thud-Thud Hammer,1412164,201737.714286
7,Asahi Inori Figurine + Ghostfire Wisp x4 + Nine-Bite Snack Box + Wheelchair Model,1339323,191331.857143
7,Asahi Inori Figurine + Ghostfire Wisp x4 + Thud-Thud Hammer x2,1271956,181708.0
7,Asahi Inori Figurine + Ghostfire Wisp x4 + Thud-Thud Hammer + Wheelchair Model,1199115,171302.142857
7,Asahi Inori Figurine + Ghostfire Wisp x4 + Wheelchair Model x2,1126274,160896.285714
7,Asahi Inori Figurine + Ghostfire Wisp x3 + Lost Armor x3,822411,117487.285714
7,Asahi Inori Figurine + Ghostfire Wisp x3 + Lost Armor x2 + New Flavor Out Now!,821530,117361.428571
7,Asahi Inori Figurine + Ghostfire Wisp x3 + Lost Armor x2 + Nine-Bite Snack Box,1058993,151284.714286
7,Asahi Inori Figurine + Ghostfire Wisp x3 + Lost Armor x2 + Thud-Thud Hammer,918785,131255.0
7,Asahi Inori Figurine + Ghostfire Wisp x3 + Lost Armor x2 + Wheelchair Model,845944,120849.142857
7,Asahi Inori Figurine + Ghostfire Wisp x3 + Lost Armor + New Flavor Out Now! x2,820649,117235.571429
7,Asahi Inori Figurine + Ghostfire Wisp x3 + Lost Armor + New Flavor Out Now! + Nine-Bite Snack Box,1058112,151158.857143
7,Asahi Inori Figurine + Ghostfire Wisp x3 + Lost Armor + New Flavor Out Now! + Thud-Thud Hammer,917904,131129.142857
7,Asahi Inori Figurine + Ghostfire Wisp x3 + Lost Armor + New Flavor Out Now! + Wheelchair Model,845063,120723.285714
7,Asahi Inori Figurine + Ghostfire Wisp x3 + Lost Armor + Nine-Bite Snack Box x2,1295575,185082.142857
7,Asahi Inori Figurine + Ghostfire Wisp x3 + Lost Armor + Nine-Bite Snack Box + Thud-Thud Hammer,1155367,165052.428571
7,Asahi Inori Figurine + Ghostfire Wisp x3 + Lost Armor + Nine-Bite Snack Box + Wheelchair Model,1082526,154646.571429
7,Asahi Inori Figurine + Ghostfire Wisp x3 + Lost Armor + Thud-Thud Hammer x2,1015159,145022.714286
7,Asahi Inori Figurine + Ghostfire Wisp x3 + Lost Armor + Thud-Thud Hammer + Wheelchair Model,942318,134616.857143
7,Asahi Inori Figurine + Ghostfire Wisp x3 + Lost Armor + Wheelchair Model x2,869477,124211.0
7,Asahi Inori Figurine + Ghostfire Wisp x3 + New Flavor Out Now! x3,819768,117109.714286
7,Asahi Inori Figurine + Ghostfire Wisp x3 + New Flavor Out Now! x2 + Nine-Bite Snack Box,1057231,151033.0
7,Asahi Inori Figurine + Ghostfire Wisp x3 + New Flavor Out Now! x2 + Thud-Thud Hammer,917023,131003.285714
7,Asahi Inori Figurine + Ghostfire Wisp x3 + New Flavor Out Now! x2 + Wheelchair Model,844182,120597.428571
7,Asahi Inori Figurine + Ghostfire Wisp x3 + New Flavor Out Now! + Nine-Bite Snack Box x2,1294694,184956.285714
7,Asahi Inori Figurine + Ghostfire Wisp x3 + New Flavor Out Now! + Nine-Bite Snack Box + Thud-Thud Hammer,1154486,164926.571429
7,Asahi Inori Figurine + Ghostfire Wisp x3 + New Flavor Out Now! + Nine-Bite Snack Box + Wheelchair Model,1081645,154520.714286
7,Asahi Inori Figurine + Ghostfire Wisp x3 + New Flavor Out Now! + Thud-Thud Hammer x2,1014278,144896.857143
7,Asahi Inori Figurine + Ghostfire Wisp x3 + New Flavor Out Now! + Thud-Thud Hammer + Wheelchair Model,941437,134491.0
7,Asahi Inori Figurine + Ghostfire Wisp x3 + New Flavor Out Now! + Wheelchair Model x2,868596,124085.142857
7,Asahi Inori Figurine + Ghostfire Wisp x3 + Nine-Bite Snack Box x3,1532157,218879.571429
7,Asahi Inori Figurine + Ghostfire Wisp x3 + Nine-Bite Snack Box x2 + Thud-Thud Hammer,1391949,198849.857143
7,Asahi Inori Figurine + Ghostfire Wisp x3 + Nine-Bite Snack Box x2 + Wheelchair Model,1319108,188444.0
7,Asahi Inori Figurine + Ghostfire Wisp x3 + Nine-Bite Snack Box + Thud-Thud Hammer x2,1251741,178820.142857
7,Asahi Inori Figurine + Ghostfire Wisp x3 + Nine-Bite Snack Box + Thud-Thud Hammer + Wheelchair Model,1178900,168414.285714
7,Asahi Inori Figurine + Ghostfire Wisp x3 + Nine-Bite Snack Box + Wheelchair Model x2,1106059,158008.428571
7,Asahi Inori Figurine + Ghostfire Wisp x3 + Thud-Thud Hammer x3,1111533,158790.428571
7,Asahi Inori Figurine + Ghostfire Wisp x3 + Thud-Thud Hammer x2 + Wheelchair Model,1038692,148384.571429
7,Asahi Inori Figurine + Ghostfire Wisp x3 + Thud-Thud Hammer + Wheelchair Model x2,965851,137978.714286
7,Asahi Inori Figurine + Ghostfire Wisp x3 + Wheelchair Model x3,893010,127572.857143
7,Asahi Inori Figurine + Ghostfire Wisp x2 + Lost Armor x4,565614,80802.0
7,Asahi Inori Figurine + Ghostfire Wisp x2 + Lost Armor x3 + New Flavor Out Now!,564733,80676.142857
7,Asahi Inori Figurine + Ghostfire Wisp x2 + Lost Armor x3 + Nine-Bite Snack Box,802196,114599.428571
7,Asahi Inori Figurine + Ghostfire Wisp x2 + Lost Armor x3 + Thud-Thud Hammer,661988,94569.714286
7,Asahi Inori Figurine + Ghostfire Wisp x2 + Lost Armor x3 + Wheelchair Model,589147,84163.857143
7,Asahi Inori Figurine + Ghostfire Wisp x2 + Lost Armor x2 + New Flavor Out Now! x2,563852,80550.285714
7,Asahi Inori Figurine + Ghostfire Wisp x2 + Lost Armor x2 + New Flavor Out Now! + Nine-Bite Snack Box,801315,114473.571429
7,Asahi Inori Figurine + Ghostfire Wisp x2 + Lost Armor x2 + New Flavor Out Now! + Thud-Thud Hammer,661107,94443.857143
7,Asahi Inori Figurine + Ghostfire Wisp x2 + Lost Armor x2 + New Flavor Out Now! + Wheelchair Model,588266,84038.0
7,Asahi Inori Figurine + Ghostfire Wisp x2 + Lost Armor x2 + Nine-Bite Snack Box x2,1038778,148396.857143
7,Asahi Inori Figurine + Ghostfire Wisp x2 + Lost Armor x2 + Nine-Bite Snack Box + Thud-Thud Hammer,898570,128367.142857
7,Asahi Inori Figurine + Ghostfire Wisp x2 + Lost Armor x2 + Nine-Bite Snack Box + Wheelchair Model,825729,117961.285714
7,Asahi Inori Figurine + Ghostfire Wisp x2 + Lost Armor x2 + Thud-Thud Hammer x2,758362,108337.428571
7,Asahi Inori Figurine + Ghostfire Wisp x2 + Lost Armor x2 + Thud-Thud Hammer + Wheelchair Model,685521,97931.571429
7,Asahi Inori Figurine + Ghostfire Wisp x2 + Lost Armor x2 + Wheelchair Model x2,612680,87525.714286
7,Asahi Inori Figurine + Ghostfire Wisp x2 + Lost Armor + New Flavor Out Now! x3,562971,80424.428571
7,Asahi Inori Figurine + Ghostfire Wisp x2 + Lost Armor + New Flavor Out Now! x2 + Nine-Bite Snack Box,800434,114347.714286
7,Asahi Inori Figurine + Ghostfire Wisp x2 + Lost Armor + New Flavor Out Now! x2 + Thud-Thud Hammer,660226,94318.0
7,Asahi Inori Figurine + Ghostfire Wisp x2 + Lost Armor + New Flavor Out Now! x2 + Wheelchair Model,587385,83912.142857
7,Asahi Inori Figurine + Ghostfire Wisp x2 + Lost Armor + New Flavor Out Now! + Nine-Bite Snack Box x2,1037897,148271.0
7,Asahi Inori Figurine + Ghostfire Wisp x2 + Lost Armor + New Flavor Out Now! + Nine-Bite Snack Box + Thud-Thud Hammer,897689,128241.285714
7,Asahi Inori Figurine + Ghostfire Wisp x2 + Lost Armor + New Flavor Out Now! + Nine-Bite Snack Box + Wheelchair Model,824848,117835.428571
7,Asahi Inori Figurine + Ghostfire Wisp x2 + Lost Armor + New Flavor Out Now! + Thud-Thud Hammer x2,757481,108211.571429
7,Asahi Inori Figurine + Ghostfire Wisp x2 + Lost Armor + New Flavor Out Now! + Thud-Thud Hammer + Wheelchair Model,684640,97805.714286
7,Asahi Inori Figurine + Ghostfire Wisp x2 + Lost Armor + New Flavor Out Now! + Wheelchair Model x2,611799,87399.857143
7,Asahi Inori Figurine + Ghostfire Wisp x2 + Lost Armor + Nine-Bite Snack Box x3,1275360,182194.285714
7,Asahi Inori Figurine + Ghostfire Wisp x2 + Lost Armor + Nine-Bite Snack Box x2 + Thud-Thud Hammer,1135152,162164.571429
7,Asahi Inori Figurine + Ghostfire Wisp x2 + Lost Armor + Nine-Bite Snack Box x2 + Wheelchair Model,1062311,151758.714286
7,Asahi Inori Figurine + Ghostfire Wisp x2 + Lost Armor + Nine-Bite Snack Box + Thud-Thud Hammer x2,994944,142134.857143
7,Asahi Inori Figurine + Ghostfire Wisp x2 + Lost Armor + Nine-Bite Snack Box + Thud-Thud Hammer + Wheelchair Model,922103,131729.0
7,Asahi Inori Figurine + Ghostfire Wisp x2 + Lost Armor + Nine-Bite Snack Box + Wheelchair Model x2,849262,121323.142857
7,Asahi Inori Figurine + Ghostfire Wisp x2 + Lost Armor + Thud-Thud Hammer x3,854736,122105.142857
7,Asahi Inori Figurine + Ghostfire Wisp x2 + Lost Armor + Thud-Thud Hammer x2 + Wheelchair Model,781895,111699.285714
7,Asahi Inori Figurine + Ghostfire Wisp x2 + Lost Armor + Thud-Thud Hammer + Wheelchair Model x2,709054,101293.428571
7,Asahi Inori Figurine + Ghostfire Wisp x2 + Lost Armor + Wheelchair Model x3,636213,90887.571429
7,Asahi Inori Figurine + Ghostfire Wisp x2 + New Flavor Out Now! x4,562090,80298.571429
7,Asahi Inori Figurine + Ghostfire Wisp x2 + New Flavor Out Now! x3 + Nine-Bite Snack Box,799553,114221.857143
7,Asahi Inori Figurine + Ghostfire Wisp x2 + New Flavor Out Now! x3 + Thud-Thud Hammer,659345,94192.142857
7,Asahi Inori Figurine + Ghostfire Wisp x2 + New Flavor Out Now! x3 + Wheelchair Model,586504,83786.285714
7,Asahi Inori Figurine + Ghostfire Wisp x2 + New Flavor Out Now! x2 + Nine-Bite Snack Box x2,1037016,148145.142857
7,Asahi Inori Figurine + Ghostfire Wisp x2 + New Flavor Out Now! x2 + Nine-Bite Snack Box + Thud-Thud Hammer,896808,128115.428571
7,Asahi Inori Figurine + Ghostfire Wisp x2 + New Flavor Out Now! x2 + Nine-Bite Snack Box + Wheelchair Model,823967,117709.571429
7,Asahi Inori Figurine + Ghostfire Wisp x2 + New Flavor Out Now! x2 + Thud-Thud Hammer x2,756600,108085.714286
7,Asahi Inori Figurine + Ghostfire Wisp x2 + New Flavor Out Now! x2 + Thud-Thud Hammer + Wheelchair Model,683759,97679.857143
7,Asahi Inori Figurine + Ghostfire Wisp x2 + New Flavor Out Now! x2 + Wheelchair Model x2,610918,87274.0
7,Asahi Inori Figurine + Ghostfire Wisp x2 + New Flavor Out Now! + Nine-Bite Snack Box x3,1274479,182068.428571
7,Asahi Inori Figurine + Ghostfire Wisp x2 + New Flavor Out Now! + Nine-Bite Snack Box x2 + Thud-Thud Hammer,1134271,162038.714286
7,Asahi Inori Figurine + Ghostfire Wisp x2 + New Flavor Out Now! + Nine-Bite Snack Box x2 + Wheelchair Model,1061430,151632.857143
7,Asahi Inori Figurine + Ghostfire Wisp x2 + New Flavor Out Now! + Nine-Bite Snack Box + Thud-Thud Hammer x2,994063,142009.0
7,Asahi Inori Figurine + Ghostfire Wisp x2 + New Flavor Out Now! + Nine-Bite Snack Box + Thud-Thud Hammer + Wheelchair Model,921222,131603.142857
7,Asahi Inori Figurine + Ghostfire Wisp x2 + New Flavor Out Now! + Nine-Bite Snack Box + Wheelchair Model x2,848381,121197.285714
7,Asahi Inori Figurine + Ghostfire Wisp x2 + New Flavor Out Now! + Thud-Thud Hammer x3,853855,121979.285714
7,Asahi Inori Figurine + Ghostfire Wisp x2 + New Flavor Out Now! + Thud-Thud Hammer x2 + Wheelchair Model,781014,111573.428571
7,Asahi Inori Figurine + Ghostfire Wisp x2 + New Flavor Out Now! + Thud-Thud Hammer + Wheelchair Model x2,708173,101167.571429
7,Asahi Inori Figurine + Ghostfire Wisp x2 + New Flavor Out Now! + Wheelchair Model x3,635332,90761.714286
7,Asahi Inori Figurine + Ghostfire Wisp x2 + Nine-Bite Snack Box x4,1511942,215991.714286
7,Asahi Inori Figurine + Ghostfire Wisp x2 + Nine-Bite Snack Box x3 + Thud-Thud Hammer,1371734,195962.0
7,Asahi Inori Figurine + Ghostfire Wisp x2 + Nine-Bite Snack Box x3 + Wheelchair Model,1298893,185556.142857
7,Asahi Inori Figurine + Ghostfire Wisp x2 + Nine-Bite Snack Box x2 + Thud-Thud Hammer x2,1231526,175932.285714
7,Asahi Inori Figurine + Ghostfire Wisp x2 + Nine-Bite Snack Box x2 + Thud-Thud Hammer + Wheelchair Model,1158685,165526.428571
7,Asahi Inori Figurine + Ghostfire Wisp x2 + Nine-Bite Snack Box x2 + Wheelchair Model x2,1085844,155120.571429
7,Asahi Inori Figurine + Ghostfire Wisp x2 + Nine-Bite Snack Box + Thud-Thud Hammer x3,1091318,155902.571429
7,Asahi Inori Figurine + Ghostfire Wisp x2 + Nine-Bite Snack Box + Thud-Thud Hammer x2 + Wheelchair Model,1018477,145496.714286
7,Asahi Inori Figurine + Ghostfire Wisp x2 + Nine-Bite Snack Box + Thud-Thud Hammer + Wheelchair Model x2,945636,135090.857143
7,Asahi Inori Figurine + Ghostfire Wisp x2 + Nine-Bite Snack Box + Wheelchair Model x3,872795,124685.0
7,Asahi Inori Figurine + Ghostfire Wisp x2 + Thud-Thud Hammer x4,951110,135872.857143
7,Asahi Inori Figurine + Ghostfire Wisp x2 + Thud-Thud Hammer x3 + Wheelchair Model,878269,125467.0
7,Asahi Inori Figurine + Ghostfire Wisp x2 + Thud-Thud Hammer x2 + Wheelchair Model x2,805428,115061.142857
7,Asahi Inori Figurine + Ghostfire Wisp x2 + Thud-Thud Hammer + Wheelchair Model x3,732587,104655.285714
7,Asahi Inori Figurine + Ghostfire Wisp x2 + Wheelchair Model x4,659746,94249.428571
7,Asahi Inori Figurine + Ghostfire Wisp + Lost Armor x5,308817,44116.714286
7,Asahi Inori Figurine + Ghostfire Wisp + Lost Armor x4 + New Flavor Out Now!,307936,43990.857143
7,Asahi Inori Figurine + Ghostfire Wisp + Lost Armor x4 + Nine-Bite Snack Box,545399,77914.142857
7,Asahi Inori Figurine + Ghostfire Wisp + Lost Armor x4 + Thud-Thud Hammer,405191,57884.428571
7,Asahi Inori Figurine + Ghostfire Wisp + Lost Armor x4 + Wheelchair Model,332350,47478.571429
7,Asahi Inori Figurine + Ghostfire Wisp + Lost Armor x3 + New Flavor Out Now! x2,307055,43865.0
7,Asahi Inori Figurine + Ghostfire Wisp + Lost Armor x3 + New Flavor Out Now! + Nine-Bite Snack Box,544518,77788.285714
7,Asahi Inori Figurine + Ghostfire Wisp + Lost Armor x3 + New Flavor Out Now! + Thud-Thud Hammer,404310,57758.571429
7,Asahi Inori Figurine + Ghostfire Wisp + Lost Armor x3 + New Flavor Out Now! + Wheelchair Model,331469,47352.714286
7,Asahi Inori Figurine + Ghostfire Wisp + Lost Armor x3 + Nine-Bite Snack Box x2,781981,111711.571429
7,Asahi Inori Figurine + Ghostfire Wisp + Lost Armor x3 + Nine-Bite Snack Box + Thud-Thud Hammer,641773,91681.857143
7,Asahi Inori Figurine + Ghostfire Wisp + Lost Armor x3 + Nine-Bite Snack Box + Wheelchair Model,568932,81276.0
7,Asahi Inori Figurine + Ghostfire Wisp + Lost Armor x3 + Thud-Thud Hammer x2,501565,71652.142857
7,Asahi Inori Figurine + Ghostfire Wisp + Lost Armor x3 + Thud-Thud Hammer + Wheelchair Model,428724,61246.285714
7,Asahi Inori Figurine + Ghostfire Wisp + Lost Armor x3 + Wheelchair Model x2,355883,50840.428571
7,Asahi Inori Figurine + Ghostfire Wisp + Lost Armor x2 + New Flavor Out Now! x3,306174,43739.142857
7,Asahi Inori Figurine + Ghostfire Wisp + Lost Armor x2 + New Flavor Out Now! x2 + Nine-Bite Snack Box,543637,77662.428571
7,Asahi Inori Figurine + Ghostfire Wisp + Lost Armor x2 + New Flavor Out Now! x2 + Thud-Thud Hammer,403429,57632.714286
7,Asahi Inori Figurine + Ghostfire Wisp + Lost Armor x2 + New Flavor Out Now! x2 + Wheelchair Model,330588,47226.857143
7,Asahi Inori Figurine + Ghostfire Wisp + Lost Armor x2 + New Flavor Out Now! + Nine-Bite Snack Box x2,781100,111585.714286
7,Asahi Inori Figurine + Ghostfire Wisp + Lost Armor x2 + New Flavor Out Now! + Nine-Bite Snack Box + Thud-Thud Hammer,640892,91556.0
7,Asahi Inori Figurine + Ghostfire Wisp + Lost Armor x2 + New Flavor Out Now! + Nine-Bite Snack Box + Wheelchair Model,568051,81150.142857
7,Asahi Inori Figurine + Ghostfire Wisp + Lost Armor x2 + New Flavor Out Now! + Thud-Thud Hammer x2,500684,71526.285714
7,Asahi Inori Figurine + Ghostfire Wisp + Lost Armor x2 + New Flavor Out Now! + Thud-Thud Hammer + Wheelchair Model,427843,61120.428571
7,Asahi Inori Figurine + Ghostfire Wisp + Lost Armor x2 + New Flavor Out Now! + Wheelchair Model x2,355002,50714.571429
7,Asahi Inori Figurine + Ghostfire Wisp + Lost Armor x2 + Nine-Bite Snack Box x3,1018563,145509.0
7,Asahi Inori Figurine + Ghostfire Wisp + Lost Armor x2 + Nine-Bite Snack Box x2 + Thud-Thud Hammer,878355,125479.285714
7,Asahi Inori Figurine + Ghostfire Wisp + Lost Armor x2 + Nine-Bite Snack Box x2 + Wheelchair Model,805514,115073.428571
7,Asahi Inori Figurine + Ghostfire Wisp + Lost Armor x2 + Nine-Bite Snack Box + Thud-Thud Hammer x2,738147,105449.571429
7,Asahi Inori Figurine + Ghostfire Wisp + Lost Armor x2 + Nine-Bite Snack Box + Thud-Thud Hammer + Wheelchair Model,665306,95043.714286
7,Asahi Inori Figurine + Ghostfire Wisp + Lost Armor x2 + Nine-Bite Snack Box + Wheelchair Model x2,592465,84637.857143
7,Asahi Inori Figurine + Ghostfire Wisp + Lost Armor x2 + Thud-Thud Hammer x3,597939,85419.857143
7,Asahi Inori Figurine + Ghostfire Wisp + Lost Armor x2 + Thud-Thud Hammer x2 + Wheelchair Model,525098,75014.0
7,Asahi Inori Figurine + Ghostfire Wisp + Lost Armor x2 + Thud-Thud Hammer + Wheelchair Model x2,452257,64608.142857
7,Asahi Inori Figurine + Ghostfire Wisp + Lost Armor x2 + Wheelchair Model x3,379416,54202.285714
7,Asahi Inori Figurine + Ghostfire Wisp + Lost Armor + New Flavor Out Now! x4,305293,43613.285714
7,Asahi Inori Figurine + Ghostfire Wisp + Lost Armor + New Flavor Out Now! x3 + Nine-Bite Snack Box,542756,77536.571429
7,Asahi Inori Figurine + Ghostfire Wisp + Lost Armor + New Flavor Out Now! x3 + Thud-Thud Hammer,402548,57506.857143
7,Asahi Inori Figurine + Ghostfire Wisp + Lost Armor + New Flavor Out Now! x3 + Wheelchair Model,329707,47101.0
7,Asahi Inori Figurine + Ghostfire Wisp + Lost Armor + New Flavor Out Now! x2 + Nine-Bite Snack Box x2,780219,111459.857143
7,Asahi Inori Figurine + Ghostfire Wisp + Lost Armor + New Flavor Out Now! x2 + Nine-Bite Snack Box + Thud-Thud Hammer,640011,91430.142857
7,Asahi Inori Figurine + Ghostfire Wisp + Lost Armor + New Flavor Out Now! x2 + Nine-Bite Snack Box + Wheelchair Model,567170,81024.285714
7,Asahi Inori Figurine + Ghostfire Wisp + Lost Armor + New Flavor Out Now! x2 + Thud-Thud Hammer x2,499803,71400.428571
7,Asahi Inori Figurine + Ghostfire Wisp + Lost Armor + New Flavor Out Now! x2 + Thud-Thud Hammer + Wheelchair Model,426962,60994.571429
7,Asahi Inori Figurine + Ghostfire Wisp + Lost Armor + New Flavor Out Now! x2 + Wheelchair Model x2,354121,50588.714286
7,Asahi Inori Figurine + Ghostfire Wisp + Lost Armor + New Flavor Out Now! + Nine-Bite Snack Box x3,1017682,145383.142857
7,Asahi Inori Figurine + Ghostfire Wisp + Lost Armor + New Flavor Out Now! + Nine-Bite Snack Box x2 + Thud-Thud Hammer,877474,125353.428571
7,Asahi Inori Figurine + Ghostfire Wisp + Lost Armor + New Flavor Out Now! + Nine-Bite Snack Box x2 + Wheelchair Model,804633,114947.571429
7,Asahi Inori Figurine + Ghostfire Wisp + Lost Armor + New Flavor Out Now! + Nine-Bite Snack Box + Thud-Thud Hammer x2,737266,105323.714286
7,Asahi Inori Figurine + Ghostfire Wisp + Lost Armor + New Flavor Out Now! + Nine-Bite Snack Box + Thud-Thud Hammer + Wheelchair Model,664425,94917.857143
7,Asahi Inori Figurine + Ghostfire Wisp + Lost Armor + New Flavor Out Now! + Nine-Bite Snack Box + Wheelchair Model x2,591584,84512.0
7,Asahi Inori Figurine + Ghostfire Wisp + Lost Armor + New Flavor Out Now! + Thud-Thud Hammer x3,597058,85294.0
7,Asahi Inori Figurine + Ghostfire Wisp + Lost Armor + New Flavor Out Now! + Thud-Thud Hammer x2 + Wheelchair Model,524217,74888.142857
7,Asahi Inori Figurine + Ghostfire Wisp + Lost Armor + New Flavor Out Now! + Thud-Thud Hammer + Wheelchair Model x2,451376,64482.285714
7,Asahi Inori Figurine + Ghostfire Wisp + Lost Armor + New Flavor Out Now! + Wheelchair Model x3,378535,54076.428571
7,Asahi Inori Figurine + Ghostfire Wisp + Lost Armor + Nine-Bite Snack Box x4,1255145,179306.428571
7,Asahi Inori Figurine + Ghostfire Wisp + Lost Armor + Nine-Bite Snack Box x3 + Thud-Thud Hammer,1114937,159276.714286
7,Asahi Inori Figurine + Ghostfire Wisp + Lost Armor + Nine-Bite Snack Box x3 + Wheelchair Model,1042096,148870.857143
7,Asahi Inori Figurine + Ghostfire Wisp + Lost Armor + Nine-Bite Snack Box x2 + Thud-Thud Hammer x2,974729,139247.0
7,Asahi Inori Figurine + Ghostfire Wisp + Lost Armor + Nine-Bite Snack Box x2 + Thud-Thud Hammer + Wheelchair Model,901888,128841.142857
7,Asahi Inori Figurine + Ghostfire Wisp + Lost Armor + Nine-Bite Snack Box x2 + Wheelchair Model x2,829047,118435.285714
7,Asahi Inori Figurine + Ghostfire Wisp + Lost Armor + Nine-Bite Snack Box + Thud-Thud Hammer x3,834521,119217.285714
7,Asahi Inori Figurine + Ghostfire Wisp + Lost Armor + Nine-Bite Snack Box + Thud-Thud Hammer x2 + Wheelchair Model,761680,108811.428571
7,Asahi Inori Figurine + Ghostfire Wisp + Lost Armor + Nine-Bite Snack Box + Thud-Thud Hammer + Wheelchair Model x2,688839,98405.571429
7,Asahi Inori Figurine + Ghostfire Wisp + Lost Armor + Nine-Bite Snack Box + Wheelchair Model x3,615998,87999.714286
7,Asahi Inori Figurine + Ghostfire Wisp + Lost Armor + Thud-Thud Hammer x4,694313,99187.571429
7,Asahi Inori Figurine + Ghostfire Wisp + Lost Armor + Thud-Thud Hammer x3 + Wheelchair Model,621472,88781.714286
7,Asahi Inori Figurine + Ghostfire Wisp + Lost Armor + Thud-Thud Hammer x2 + Wheelchair Model x2,548631,78375.857143
7,Asahi Inori Figurine + Ghostfire Wisp + Lost Armor + Thud-Thud Hammer + Wheelchair Model x3,475790,67970.0
7,Asahi Inori Figurine + Ghostfire Wisp + Lost Armor + Wheelchair Model x4,402949,57564.142857
7,Asahi Inori Figurine + Ghostfire Wisp + New Flavor Out Now! x5,304412,43487.428571
7,Asahi Inori Figurine + Ghostfire Wisp + New Flavor Out Now! x4 + Nine-Bite Snack Box,541875,77410.714286
7,Asahi Inori Figurine + Ghostfire Wisp + New Flavor Out Now! x4 + Thud-Thud Hammer,401667,57381.0
7,Asahi Inori Figurine + Ghostfire Wisp + New Flavor Out Now! x4 + Wheelchair Model,328826,46975.142857
7,Asahi Inori Figurine + Ghostfire Wisp + New Flavor Out Now! x3 + Nine-Bite Snack Box x2,779338,111334.0
7,Asahi Inori Figurine + Ghostfire Wisp + New Flavor Out Now! x3 + Nine-Bite Snack Box + Thud-Thud Hammer,639130,91304.285714
7,Asahi Inori Figurine + Ghostfire Wisp + New Flavor Out Now! x3 + Nine-Bite Snack Box + Wheelchair Model,566289,80898.428571
7,Asahi Inori Figurine + Ghostfire Wisp + New Flavor Out Now! x3 + Thud-Thud Hammer x2,498922,71274.571429
7,Asahi Inori Figurine + Ghostfire Wisp + New Flavor Out Now! x3 + Thud-Thud Hammer + Wheelchair Model,426081,60868.714286
7,Asahi Inori Figurine + Ghostfire Wisp + New Flavor Out Now! x3 + Wheelchair Model x2,353240,50462.857143
7,Asahi Inori Figurine + Ghostfire Wisp + New Flavor Out Now! x2 + Nine-Bite Snack Box x3,1016801,145257.285714
7,Asahi Inori Figurine + Ghostfire Wisp + New Flavor Out Now! x2 + Nine-Bite Snack Box x2 + Thud-Thud Hammer,876593,125227.571429
7,Asahi Inori Figurine + Ghostfire Wisp + New Flavor Out Now! x2 + Nine-Bite Snack Box x2 + Wheelchair Model,803752,114821.714286
7,Asahi Inori Figurine + Ghostfire Wisp + New Flavor Out Now! x2 + Nine-Bite Snack Box + Thud-Thud Hammer x2,736385,105197.857143
7,Asahi Inori Figurine + Ghostfire Wisp + New Flavor Out Now! x2 + Nine-Bite Snack Box + Thud-Thud Hammer + Wheelchair Model,663544,94792.0
7,Asahi Inori Figurine + Ghostfire Wisp + New Flavor Out Now! x2 + Nine-Bite Snack Box + Wheelchair Model x2,590703,84386.142857
7,Asahi Inori Figurine + Ghostfire Wisp + New Flavor Out Now! x2 + Thud-Thud Hammer x3,596177,85168.142857
7,Asahi Inori Figurine + Ghostfire Wisp + New Flavor Out Now! x2 + Thud-Thud Hammer x2 + Wheelchair Model,523336,74762.285714
7,Asahi Inori Figurine + Ghostfire Wisp + New Flavor Out Now! x2 + Thud-Thud Hammer + Wheelchair Model x2,450495,64356.428571
7,Asahi Inori Figurine + Ghostfire Wisp + New Flavor Out Now! x2 + Wheelchair Model x3,377654,53950.571429
7,Asahi Inori Figurine + Ghostfire Wisp + New Flavor Out Now! + Nine-Bite Snack Box x4,1254264,179180.571429
7,Asahi Inori Figurine + Ghostfire Wisp + New Flavor Out Now! + Nine-Bite Snack Box x3 + Thud-Thud Hammer,1114056,159150.857143
7,Asahi Inori Figurine + Ghostfire Wisp + New Flavor Out Now! + Nine-Bite Snack Box x3 + Wheelchair Model,1041215,148745.0
7,Asahi Inori Figurine + Ghostfire Wisp + New Flavor Out Now! + Nine-Bite Snack Box x2 + Thud-Thud Hammer x2,973848,139121.142857
7,Asahi Inori Figurine + Ghostfire Wisp + New Flavor Out Now! + Nine-Bite Snack Box x2 + Thud-Thud Hammer + Wheelchair Model,901007,128715.285714
7,Asahi Inori Figurine + Ghostfire Wisp + New Flavor Out Now! + Nine-Bite Snack Box x2 + Wheelchair Model x2,828166,118309.428571
7,Asahi Inori Figurine + Ghostfire Wisp + New Flavor Out Now! + Nine-Bite Snack Box + Thud-Thud Hammer x3,833640,119091.428571
7,Asahi Inori Figurine + Ghostfire Wisp + New Flavor Out Now! + Nine-Bite Snack Box + Thud-Thud Hammer x2 + Wheelchair Model,760799,108685.571429
7,Asahi Inori Figurine + Ghostfire Wisp + New Flavor Out Now! + Nine-Bite Snack Box + Thud-Thud Hammer + Wheelchair Model x2,687958,98279.714286
7,Asahi Inori Figurine + Ghostfire Wisp + New Flavor Out Now! + Nine-Bite Snack Box + Wheelchair Model x3,615117,87873.857143
7,Asahi Inori Figurine + Ghostfire Wisp + New Flavor Out Now! + Thud-Thud Hammer x4,693432,99061.714286
7,Asahi Inori Figurine + Ghostfire Wisp + New Flavor Out Now! + Thud-Thud Hammer x3 + Wheelchair Model,620591,88655.857143
7,Asahi Inori Figurine + Ghostfire Wisp + New Flavor Out Now! + Thud-Thud Hammer x2 + Wheelchair Model x2,547750,78250.0
7,Asahi Inori Figurine + Ghostfire Wisp + New Flavor Out Now! + Thud-Thud Hammer + Wheelchair Model x3,474909,67844.142857
7,Asahi Inori Figurine + Ghostfire Wisp + New Flavor Out Now! + Wheelchair Model x4,402068,57438.285714
7,Asahi Inori Figurine + Ghostfire Wisp + Nine-Bite Snack Box x5,1491727,213103.857143
7,Asahi Inori Figurine + Ghostfire Wisp + Nine-Bite Snack Box x4 + Thud-Thud Hammer,1351519,193074.142857
7,Asahi Inori Figurine + Ghostfire Wisp + Nine-Bite Snack Box x4 + Wheelchair Model,1278678,182668.285714
7,Asahi Inori Figurine + Ghostfire Wisp + Nine-Bite Snack Box x3 + Thud-Thud Hammer x2,1211311,173044.428571
7,Asahi Inori Figurine + Ghostfire Wisp + Nine-Bite Snack Box x3 + Thud-Thud Hammer + Wheelchair Model,1138470,162638.571429
7,Asahi Inori Figurine + Ghostfire Wisp + Nine-Bite Snack Box x3 + Wheelchair Model x2,1065629,152232.714286
7,Asahi Inori Figurine + Ghostfire Wisp + Nine-Bite Snack Box x2 + Thud-Thud Hammer x3,1071103,153014.714286
7,Asahi Inori Figurine + Ghostfire Wisp + Nine-Bite Snack Box x2 + Thud-Thud Hammer x2 + Wheelchair Model,998262,142608.857143
7,Asahi Inori Figurine + Ghostfire Wisp + Nine-Bite Snack Box x2 + Thud-Thud Hammer + Wheelchair Model x2,925421,132203.0
7,Asahi Inori Figurine + Ghostfire Wisp + Nine-Bite Snack Box x2 + Wheelchair Model x3,852580,121797.142857
7,Asahi Inori Figurine + Ghostfire Wisp + Nine-Bite Snack Box + Thud-Thud Hammer x4,930895,132985.0
7,Asahi Inori Figurine + Ghostfire Wisp + Nine-Bite Snack Box + Thud-Thud Hammer x3 + Wheelchair Model,858054,122579.142857
7,Asahi Inori Figurine + Ghostfire Wisp + Nine-Bite Snack Box + Thud-Thud Hammer x2 + Wheelchair Model x2,785213,112173.285714
7,Asahi Inori Figurine + Ghostfire Wisp + Nine-Bite Snack Box + Thud-Thud Hammer + Wheelchair Model x3,712372,101767.428571
7,Asahi Inori Figurine + Ghostfire Wisp + Nine-Bite Snack Box + Wheelchair Model x4,639531,91361.571429
7,Asahi Inori Figurine + Ghostfire Wisp + Thud-Thud Hammer x5,790687,112955.285714
7,Asahi Inori Figurine + Ghostfire Wisp + Thud-Thud Hammer x4 + Wheelchair Model,717846,102549.428571
7,Asahi Inori Figurine + Ghostfire Wisp + Thud-Thud Hammer x3 + Wheelchair Model x2,645005,92143.571429
7,Asahi Inori Figurine + Ghostfire Wisp + Thud-Thud Hammer x2 + Wheelchair Model x3,572164,81737.714286
7,Asahi Inori Figurine + Ghostfire Wisp + Thud-Thud Hammer + Wheelchair Model x4,499323,71331.857143
7,Asahi Inori Figurine + Ghostfire Wisp + Wheelchair Model x5,426482,60926.0
7,Asahi Inori Figurine + Lost Armor x6,52020,7431.428571
7,Asahi Inori Figurine + Lost Armor x5 + New Flavor Out Now!,51139,7305.571429
7,Asahi Inori Figurine + Lost Armor x5 + Nine-Bite Snack Box,288602,41228.857143
7,Asahi Inori Figurine + Lost Armor x5 + Thud-Thud Hammer,148394,21199.142857
7,Asahi Inori Figurine + Lost Armor x5 + Wheelchair Model,75553,10793.285714
7,Asahi Inori Figurine + Lost Armor x4 + New Flavor Out Now! x2,50258,7179.714286
7,Asahi Inori Figurine + Lost Armor x4 + New Flavor Out Now! + Nine-Bite Snack Box,287721,41103.0
7,Asahi Inori Figurine + Lost Armor x4 + New Flavor Out Now! + Thud-Thud Hammer,147513,21073.285714
7,Asahi Inori Figurine + Lost Armor x4 + New Flavor Out Now! + Wheelchair Model,74672,10667.428571
7,Asahi Inori Figurine + Lost Armor x4 + Nine-Bite Snack Box x2,525184,75026.285714
7,Asahi Inori Figurine + Lost Armor x4 + Nine-Bite Snack Box + Thud-Thud Hammer,384976,54996.571429
7,Asahi Inori Figurine + Lost Armor x4 + Nine-Bite Snack Box + Wheelchair Model,312135,44590.714286
7,Asahi Inori Figurine + Lost Armor x4 + Thud-Thud Hammer x2,244768,34966.857143
7,Asahi Inori Figurine + Lost Armor x4 + Thud-Thud Hammer + Wheelchair Model,171927,24561.0
7,Asahi Inori Figurine + Lost Armor x4 + Wheelchair Model x2,99086,14155.142857
7,Asahi Inori Figurine + Lost Armor x3 + New Flavor Out Now! x3,49377,7053.857143
7,Asahi Inori Figurine + Lost Armor x3 + New Flavor Out Now! x2 + Nine-Bite Snack Box,286840,40977.142857
7,Asahi Inori Figurine + Lost Armor x3 + New Flavor Out Now! x2 + Thud-Thud Hammer,146632,20947.428571
7,Asahi Inori Figurine + Lost Armor x3 + New Flavor Out Now! x2 + Wheelchair Model,73791,10541.571429
7,Asahi Inori Figurine + Lost Armor x3 + New Flavor Out Now! + Nine-Bite Snack Box x2,524303,74900.428571
7,Asahi Inori Figurine + Lost Armor x3 + New Flavor Out Now! + Nine-Bite Snack Box + Thud-Thud Hammer,384095,54870.714286
7,Asahi Inori Figurine + Lost Armor x3 + New Flavor Out Now! + Nine-Bite Snack Box + Wheelchair Model,311254,44464.857143
7,Asahi Inori Figurine + Lost Armor x3 + New Flavor Out Now! + Thud-Thud Hammer x2,243887,34841.0
7,Asahi Inori Figurine + Lost Armor x3 + New Flavor Out Now! + Thud-Thud Hammer + Wheelchair Model,171046,24435.142857
7,Asahi Inori Figurine + Lost Armor x3 + New Flavor Out Now! + Wheelchair Model x2,98205,14029.285714
7,Asahi Inori Figurine + Lost Armor x3 + Nine-Bite Snack Box x3,761766,108823.714286
7,Asahi Inori Figurine + Lost Armor x3 + Nine-Bite Snack Box x2 + Thud-Thud Hammer,621558,88794.0
7,Asahi Inori Figurine + Lost Armor x3 + Nine-Bite Snack Box x2 + Wheelchair Model,548717,78388.142857
7,Asahi Inori Figurine + Lost Armor x3 + Nine-Bite Snack Box + Thud-Thud Hammer x2,481350,68764.285714
7,Asahi Inori Figurine + Lost Armor x3 + Nine-Bite Snack Box + Thud-Thud Hammer + Wheelchair Model,408509,58358.428571
7,Asahi Inori Figurine + Lost Armor x3 + Nine-Bite Snack Box + Wheelchair Model x2,335668,47952.571429
7,Asahi Inori Figurine + Lost Armor x3 + Thud-Thud Hammer x3,341142,48734.571429
7,Asahi Inori Figurine + Lost Armor x3 + Thud-Thud Hammer x2 + Wheelchair Model,268301,38328.714286
7,Asahi Inori Figurine + Lost Armor x3 + Thud-Thud Hammer + Wheelchair Model x2,195460,27922.857143
7,Asahi Inori Figurine + Lost Armor x3 + Wheelchair Model x3,122619,17517.0
7,Asahi Inori Figurine + Lost Armor x2 + New Flavor Out Now! x4,48496,6928.0
7,Asahi Inori Figurine + Lost Armor x2 + New Flavor Out Now! x3 + Nine-Bite Snack Box,285959,40851.285714
7,Asahi Inori Figurine + Lost Armor x2 + New Flavor Out Now! x3 + Thud-Thud Hammer,145751,20821.571429
7,Asahi Inori Figurine + Lost Armor x2 + New Flavor Out Now! x3 + Wheelchair Model,72910,10415.714286
7,Asahi Inori Figurine + Lost Armor x2 + New Flavor Out Now! x2 + Nine-Bite Snack Box x2,523422,74774.571429
7,Asahi Inori Figurine + Lost Armor x2 + New Flavor Out Now! x2 + Nine-Bite Snack Box + Thud-Thud Hammer,383214,54744.857143
7,Asahi Inori Figurine + Lost Armor x2 + New Flavor Out Now! x2 + Nine-Bite Snack Box + Wheelchair Model,310373,44339.0
7,Asahi Inori Figurine + Lost Armor x2 + New Flavor Out Now! x2 + Thud-Thud Hammer x2,243006,34715.142857
7,Asahi Inori Figurine + Lost Armor x2 + New Flavor Out Now! x2 + Thud-Thud Hammer + Wheelchair Model,170165,24309.285714
7,Asahi Inori Figurine + Lost Armor x2 + New Flavor Out Now! x2 + Wheelchair Model x2,97324,13903.428571
7,Asahi Inori Figurine + Lost Armor x2 + New Flavor Out Now! + Nine-Bite Snack Box x3,760885,108697.857143
7,Asahi Inori Figurine + Lost Armor x2 + New Flavor Out Now! + Nine-Bite Snack Box x2 + Thud-Thud Hammer,620677,88668.142857
7,Asahi Inori Figurine + Lost Armor x2 + New Flavor Out Now! + Nine-Bite Snack Box x2 + Wheelchair Model,547836,78262.285714
7,Asahi Inori Figurine + Lost Armor x2 + New Flavor Out Now! + Nine-Bite Snack Box + Thud-Thud Hammer x2,480469,68638.428571
7,Asahi Inori Figurine + Lost Armor x2 + New Flavor Out Now! + Nine-Bite Snack Box + Thud-Thud Hammer + Wheelchair Model,407628,58232.571429
7,Asahi Inori Figurine + Lost Armor x2 + New Flavor Out Now! + Nine-Bite Snack Box + Wheelchair Model x2,334787,47826.714286
7,Asahi Inori Figurine + Lost Armor x2 + New Flavor Out Now! + Thud-Thud Hammer x3,340261,48608.714286
7,Asahi Inori Figurine + Lost Armor x2 + New Flavor Out Now! + Thud-Thud Hammer x2 + Wheelchair Model,267420,38202.857143
7,Asahi Inori Figurine + Lost Armor x2 + New Flavor Out Now! + Thud-Thud Hammer + Wheelchair Model x2,194579,27797.0
7,Asahi Inori Figurine + Lost Armor x2 + New Flavor Out Now! + Wheelchair Model x3,121738,17391.142857
7,Asahi Inori Figurine + Lost Armor x2 + Nine-Bite Snack Box x4,998348,142621.142857
7,Asahi Inori Figurine + Lost Armor x2 + Nine-Bite Snack Box x3 + Thud-Thud Hammer,858140,122591.428571
7,Asahi Inori Figurine + Lost Armor x2 + Nine-Bite Snack Box x3 + Wheelchair Model,785299,112185.571429
7,Asahi Inori Figurine + Lost Armor x2 + Nine-Bite Snack Box x2 + Thud-Thud Hammer x2,717932,102561.714286
7,Asahi Inori Figurine + Lost Armor x2 + Nine-Bite Snack Box x2 + Thud-Thud Hammer + Wheelchair Model,645091,92155.857143
7,Asahi Inori Figurine + Lost Armor x2 + Nine-Bite Snack Box x2 + Wheelchair Model x2,572250,81750.0
7,Asahi Inori Figurine + Lost Armor x2 + Nine-Bite Snack Box + Thud-Thud Hammer x3,577724,82532.0
7,Asahi Inori Figurine + Lost Armor x2 + Nine-Bite Snack Box + Thud-Thud Hammer x2 + Wheelchair Model,504883,72126.142857
7,Asahi Inori Figurine + Lost Armor x2 + Nine-Bite Snack Box + Thud-Thud Hammer + Wheelchair Model x2,432042,61720.285714
7,Asahi Inori Figurine + Lost Armor x2 + Nine-Bite Snack Box + Wheelchair Model x3,359201,51314.428571
7,Asahi Inori Figurine + Lost Armor x2 + Thud-Thud Hammer x4,437516,62502.285714
7,Asahi Inori Figurine + Lost Armor x2 + Thud-Thud Hammer x3 + Wheelchair Model,364675,52096.428571
7,Asahi Inori Figurine + Lost Armor x2 + Thud-Thud Hammer x2 + Wheelchair Model x2,291834,41690.571429
7,Asahi Inori Figurine + Lost Armor x2 + Thud-Thud Hammer + Wheelchair Model x3,218993,31284.714286
7,Asahi Inori Figurine + Lost Armor x2 + Wheelchair Model x4,146152,20878.857143
7,Asahi Inori Figurine + Lost Armor + New Flavor Out Now! x5,47615,6802.142857
7,Asahi Inori Figurine + Lost Armor + New Flavor Out Now! x4 + Nine-Bite Snack Box,285078,40725.428571
7,Asahi Inori Figurine + Lost Armor + New Flavor Out Now! x4 + Thud-Thud Hammer,144870,20695.714286
7,Asahi Inori Figurine + Lost Armor + New Flavor Out Now! x4 + Wheelchair Model,72029,10289.857143
7,Asahi Inori Figurine + Lost Armor + New Flavor Out Now! x3 + Nine-Bite Snack Box x2,522541,74648.714286
7,Asahi Inori Figurine + Lost Armor + New Flavor Out Now! x3 + Nine-Bite Snack Box + Thud-Thud Hammer,382333,54619.0
7,Asahi Inori Figurine + Lost Armor + New Flavor Out Now! x3 + Nine-Bite Snack Box + Wheelchair Model,309492,44213.142857
7,Asahi Inori Figurine + Lost Armor + New Flavor Out Now! x3 + Thud-Thud Hammer x2,242125,34589.285714
7,Asahi Inori Figurine + Lost Armor + New Flavor Out Now! x3 + Thud-Thud Hammer + Wheelchair Model,169284,24183.428571
7,Asahi Inori Figurine + Lost Armor + New Flavor Out Now! x3 + Wheelchair Model x2,96443,13777.571429
7,Asahi Inori Figurine + Lost Armor + New Flavor Out Now! x2 + Nine-Bite Snack Box x3,760004,108572.0
7,Asahi Inori Figurine + Lost Armor + New Flavor Out Now! x2 + Nine-Bite Snack Box x2 + Thud-Thud Hammer,619796,88542.285714
7,Asahi Inori Figurine + Lost Armor + New Flavor Out Now! x2 + Nine-Bite Snack Box x2 + Wheelchair Model,546955,78136.428571
7,Asahi Inori Figurine + Lost Armor + New Flavor Out Now! x2 + Nine-Bite Snack Box + Thud-Thud Hammer x2,479588,68512.571429
7,Asahi Inori Figurine + Lost Armor + New Flavor Out Now! x2 + Nine-Bite Snack Box + Thud-Thud Hammer + Wheelchair Model,406747,58106.714286
7,Asahi Inori Figurine + Lost Armor + New Flavor Out Now! x2 + Nine-Bite Snack Box + Wheelchair Model x2,333906,47700.857143
7,Asahi Inori Figurine + Lost Armor + New Flavor Out Now! x2 + Thud-Thud Hammer x3,339380,48482.857143
7,Asahi Inori Figurine + Lost Armor + New Flavor Out Now! x2 + Thud-Thud Hammer x2 + Wheelchair Model,266539,38077.0
7,Asahi Inori Figurine + Lost Armor + New Flavor Out Now! x2 + Thud-Thud Hammer + Wheelchair Model x2,193698,27671.142857
7,Asahi Inori Figurine + Lost Armor + New Flavor Out Now! x2 + Wheelchair Model x3,120857,17265.285714
7,Asahi Inori Figurine + Lost Armor + New Flavor Out Now! + Nine-Bite Snack Box x4,997467,142495.285714
7,Asahi Inori Figurine + Lost Armor + New Flavor Out Now! + Nine-Bite Snack Box x3 + Thud-Thud Hammer,857259,122465.571429
7,Asahi Inori Figurine + Lost Armor + New Flavor Out Now! + Nine-Bite Snack Box x3 + Wheelchair Model,784418,112059.714286
7,Asahi Inori Figurine + Lost Armor + New Flavor Out Now! + Nine-Bite Snack Box x2 + Thud-Thud Hammer x2,717051,102435.857143
7,Asahi Inori Figurine + Lost Armor + New Flavor Out Now! + Nine-Bite Snack Box x2 + Thud-Thud Hammer + Wheelchair Model,644210,92030.0
7,Asahi Inori Figurine + Lost Armor + New Flavor Out Now! + Nine-Bite Snack Box x2 + Wheelchair Model x2,571369,81624.142857
7,Asahi Inori Figurine + Lost Armor + New Flavor Out Now! + Nine-Bite Snack Box + Thud-Thud Hammer x3,576843,82406.142857
7,Asahi Inori Figurine + Lost Armor + New Flavor Out Now! + Nine-Bite Snack Box + Thud-Thud Hammer x2 + Wheelchair Model,504002,72000.285714
7,Asahi Inori Figurine + Lost Armor + New Flavor Out Now! + Nine-Bite Snack Box + Thud-Thud Hammer + Wheelchair Model x2,431161,61594.428571
7,Asahi Inori Figurine + Lost Armor + New Flavor Out Now! + Nine-Bite Snack Box + Wheelchair Model x3,358320,51188.571429
7,Asahi Inori Figurine + Lost Armor + New Flavor Out Now! + Thud-Thud Hammer x4,436635,62376.428571
7,Asahi Inori Figurine + Lost Armor + New Flavor Out Now! + Thud-Thud Hammer x3 + Wheelchair Model,363794,51970.571429
7,Asahi Inori Figurine + Lost Armor + New Flavor Out Now! + Thud-Thud Hammer x2 + Wheelchair Model x2,290953,41564.714286
7,Asahi Inori Figurine + Lost Armor + New Flavor Out Now! + Thud-Thud Hammer + Wheelchair Model x3,218112,31158.857143
7,Asahi Inori Figurine + Lost Armor + New Flavor Out Now! + Wheelchair Model x4,145271,20753.0
7,Asahi Inori Figurine + Lost Armor + Nine-Bite Snack Box x5,1234930,176418.571429
7,Asahi Inori Figurine + Lost Armor + Nine-Bite Snack Box x4 + Thud-Thud Hammer,1094722,156388.857143
7,Asahi Inori Figurine + Lost Armor + Nine-Bite Snack Box x4 + Wheelchair Model,1021881,145983.0
7,Asahi Inori Figurine + Lost Armor + Nine-Bite Snack Box x3 + Thud-Thud Hammer x2,954514,136359.142857
7,Asahi Inori Figurine + Lost Armor + Nine-Bite Snack Box x3 + Thud-Thud Hammer + Wheelchair Model,881673,125953.285714
7,Asahi Inori Figurine + Lost Armor + Nine-Bite Snack Box x3 + Wheelchair Model x2,808832,115547.428571
7,Asahi Inori Figurine + Lost Armor + Nine-Bite Snack Box x2 + Thud-Thud Hammer x3,814306,116329.428571
7,Asahi Inori Figurine + Lost Armor + Nine-Bite Snack Box x2 + Thud-Thud Hammer x2 + Wheelchair Model,741465,105923.571429
7,Asahi Inori Figurine + Lost Armor + Nine-Bite Snack Box x2 + Thud-Thud Hammer + Wheelchair Model x2,668624,95517.714286
7,Asahi Inori Figurine + Lost Armor + Nine-Bite Snack Box x2 + Wheelchair Model x3,595783,85111.857143
7,Asahi Inori Figurine + Lost Armor + Nine-Bite Snack Box + Thud-Thud Hammer x4,674098,96299.714286
7,Asahi Inori Figurine + Lost Armor + Nine-Bite Snack Box + Thud-Thud Hammer x3 + Wheelchair Model,601257,85893.857143
7,Asahi Inori Figurine + Lost Armor + Nine-Bite Snack Box + Thud-Thud Hammer x2 + Wheelchair Model x2,528416,75488.0
7,Asahi Inori Figurine + Lost Armor + Nine-Bite Snack Box + Thud-Thud Hammer + Wheelchair Model x3,455575,65082.142857
7,Asahi Inori Figurine + Lost Armor + Nine-Bite Snack Box + Wheelchair Model x4,382734,54676.285714
7,Asahi Inori Figurine + Lost Armor + Thud-Thud Hammer x5,533890,76270.0
7,Asahi Inori Figurine + Lost Armor + Thud-Thud Hammer x4 + Wheelchair Model,461049,65864.142857
7,Asahi Inori Figurine + Lost Armor + Thud-Thud Hammer x3 + Wheelchair Model x2,388208,55458.285714
7,Asahi Inori Figurine + Lost Armor + Thud-Thud Hammer x2 + Wheelchair Model x3,315367,45052.428571
7,Asahi Inori Figurine + Lost Armor + Thud-Thud Hammer + Wheelchair Model x4,242526,34646.571429
7,Asahi Inori Figurine + Lost Armor + Wheelchair Model x5,169685,24240.714286
7,Asahi Inori Figurine + New Flavor Out Now! x6,46734,6676.285714
7,Asahi Inori Figurine + New Flavor Out Now! x5 + Nine-Bite Snack Box,284197,40599.571429
7,Asahi Inori Figurine + New Flavor Out Now! x5 + Thud-Thud Hammer,143989,20569.857143
7,Asahi Inori Figurine + New Flavor Out Now! x5 + Wheelchair Model,71148,10164.0
7,Asahi Inori Figurine + New Flavor Out Now! x4 + Nine-Bite Snack Box x2,521660,74522.857143
7,Asahi Inori Figurine + New Flavor Out Now! x4 + Nine-Bite Snack Box + Thud-Thud Hammer,381452,54493.142857
7,Asahi Inori Figurine + New Flavor Out Now! x4 + Nine-Bite Snack Box + Wheelchair Model,308611,44087.285714
7,Asahi Inori Figurine + New Flavor Out Now! x4 + Thud-Thud Hammer x2,241244,34463.428571
7,Asahi Inori Figurine + New Flavor Out Now! x4 + Thud-Thud Hammer + Wheelchair Model,168403,24057.571429
7,Asahi Inori Figurine + New Flavor Out Now! x4 + Wheelchair Model x2,95562,13651.714286
7,Asahi Inori Figurine + New Flavor Out Now! x3 + Nine-Bite Snack Box x3,759123,108446.142857
7,Asahi Inori Figurine + New Flavor Out Now! x3 + Nine-Bite Snack Box x2 + Thud-Thud Hammer,618915,88416.428571
7,Asahi Inori Figurine + New Flavor Out Now! x3 + Nine-Bite Snack Box x2 + Wheelchair Model,546074,78010.571429
7,Asahi Inori Figurine + New Flavor Out Now! x3 + Nine-Bite Snack Box + Thud-Thud Hammer x2,478707,68386.714286
7,Asahi Inori Figurine + New Flavor Out Now! x3 + Nine-Bite Snack Box + Thud-Thud Hammer + Wheelchair Model,405866,57980.857143
7,Asahi Inori Figurine + New Flavor Out Now! x3 + Nine-Bite Snack Box + Wheelchair Model x2,333025,47575.0
7,Asahi Inori Figurine + New Flavor Out Now! x3 + Thud-Thud Hammer x3,338499,48357.0
7,Asahi Inori Figurine + New Flavor Out Now! x3 + Thud-Thud Hammer x2 + Wheelchair Model,265658,37951.142857
7,Asahi Inori Figurine + New Flavor Out Now! x3 + Thud-Thud Hammer + Wheelchair Model x2,192817,27545.285714
7,Asahi Inori Figurine + New Flavor Out Now! x3 + Wheelchair Model x3,119976,17139.428571
7,Asahi Inori Figurine + New Flavor Out Now! x2 + Nine-Bite Snack Box x4,996586,142369.428571
7,Asahi Inori Figurine + New Flavor Out Now! x2 + Nine-Bite Snack Box x3 + Thud-Thud Hammer,856378,122339.714286
7,Asahi Inori Figurine + New Flavor Out Now! x2 + Nine-Bite Snack Box x3 + Wheelchair Model,783537,111933.857143
7,Asahi Inori Figurine + New Flavor Out Now! x2 + Nine-Bite Snack Box x2 + Thud-Thud Hammer x2,716170,102310.0
7,Asahi Inori Figurine + New Flavor Out Now! x2 + Nine-Bite Snack Box x2 + Thud-Thud Hammer + Wheelchair Model,643329,91904.142857
7,Asahi Inori Figurine + New Flavor Out Now! x2 + Nine-Bite Snack Box x2 + Wheelchair Model x2,570488,81498.285714
7,Asahi Inori Figurine + New Flavor Out Now! x2 + Nine-Bite Snack Box + Thud-Thud Hammer x3,575962,82280.285714
7,Asahi Inori Figurine + New Flavor Out Now! x2 + Nine-Bite Snack Box + Thud-Thud Hammer x2 + Wheelchair Model,503121,71874.428571
7,Asahi Inori Figurine + New Flavor Out Now! x2 + Nine-Bite Snack Box + Thud-Thud Hammer + Wheelchair Model x2,430280,61468.571429
7,Asahi Inori Figurine + New Flavor Out Now! x2 + Nine-Bite Snack Box + Wheelchair Model x3,357439,51062.714286
7,Asahi Inori Figurine + New Flavor Out Now! x2 + Thud-Thud Hammer x4,435754,62250.571429
7,Asahi Inori Figurine + New Flavor Out Now! x2 + Thud-Thud Hammer x3 + Wheelchair Model,362913,51844.714286
7,Asahi Inori Figurine + New Flavor Out Now! x2 + Thud-Thud Hammer x2 + Wheelchair Model x2,290072,41438.857143
7,Asahi Inori Figurine + New Flavor Out Now! x2 + Thud-Thud Hammer + Wheelchair Model x3,217231,31033.0
7,Asahi Inori Figurine + New Flavor Out Now! x2 + Wheelchair Model x4,144390,20627.142857
7,Asahi Inori Figurine + New Flavor Out Now! + Nine-Bite Snack Box x5,1234049,176292.714286
7,Asahi Inori Figurine + New Flavor Out Now! + Nine-Bite Snack Box x4 + Thud-Thud Hammer,1093841,156263.0
7,Asahi Inori Figurine + New Flavor Out Now! + Nine-Bite Snack Box x4 + Wheelchair Model,1021000,145857.142857
7,Asahi Inori Figurine + New Flavor Out Now! + Nine-Bite Snack Box x3 + Thud-Thud Hammer x2,953633,136233.285714
7,Asahi Inori Figurine + New Flavor Out Now! + Nine-Bite Snack Box x3 + Thud-Thud Hammer + Wheelchair Model,880792,125827.428571
7,Asahi Inori Figurine + New Flavor Out Now! + Nine-Bite Snack Box x3 + Wheelchair Model x2,807951,115421.571429
7,Asahi Inori Figurine + New Flavor Out Now! + Nine-Bite Snack Box x2 + Thud-Thud Hammer x3,813425,116203.571429
7,Asahi Inori Figurine + New Flavor Out Now! + Nine-Bite Snack Box x2 + Thud-Thud Hammer x2 + Wheelchair Model,740584,105797.714286
7,Asahi Inori Figurine + New Flavor Out Now! + Nine-Bite Snack Box x2 + Thud-Thud Hammer + Wheelchair Model x2,667743,95391.857143
7,Asahi Inori Figurine + New Flavor Out Now! + Nine-Bite Snack Box x2 + Wheelchair Model x3,594902,84986.0
7,Asahi Inori Figurine + New Flavor Out Now! + Nine-Bite Snack Box + Thud-Thud Hammer x4,673217,96173.857143
7,Asahi Inori Figurine + New Flavor Out Now! + Nine-Bite Snack Box + Thud-Thud Hammer x3 + Wheelchair Model,600376,85768.0
7,Asahi Inori Figurine + New Flavor Out Now! + Nine-Bite Snack Box + Thud-Thud Hammer x2 + Wheelchair Model x2,527535,75362.142857
7,Asahi Inori Figurine + New Flavor Out Now! + Nine-Bite Snack Box + Thud-Thud Hammer + Wheelchair Model x3,454694,64956.285714
7,Asahi Inori Figurine + New Flavor Out Now! + Nine-Bite Snack Box + Wheelchair Model x4,381853,54550.428571
7,Asahi Inori Figurine + New Flavor Out Now! + Thud-Thud Hammer x5,533009,76144.142857
7,Asahi Inori Figurine + New Flavor Out Now! + Thud-Thud Hammer x4 + Wheelchair Model,460168,65738.285714
7,Asahi Inori Figurine + New Flavor Out Now! + Thud-Thud Hammer x3 + Wheelchair Model x2,387327,55332.428571
7,Asahi Inori Figurine + New Flavor Out Now! + Thud-Thud Hammer x2 + Wheelchair Model x3,314486,44926.571429
7,Asahi Inori Figurine + New Flavor Out Now! + Thud-Thud Hammer + Wheelchair Model x4,241645,34520.714286
7,Asahi Inori Figurine + New Flavor Out Now! + Wheelchair Model x5,168804,24114.857143
7,Asahi Inori Figurine + Nine-Bite Snack Box x6,1471512,210216.0
7,Asahi Inori Figurine + Nine-Bite Snack Box x5 + Thud-Thud Hammer,1331304,190186.285714
7,Asahi Inori Figurine + Nine-Bite Snack Box x5 + Wheelchair Model,1258463,179780.428571
7,Asahi Inori Figurine + Nine-Bite Snack Box x4 + Thud-Thud Hammer x2,1191096,170156.571429
7,Asahi Inori Figurine + Nine-Bite Snack Box x4 + Thud-Thud Hammer + Wheelchair Model,1118255,159750.714286
7,Asahi Inori Figurine + Nine-Bite Snack Box x4 + Wheelchair Model x2,1045414,149344.857143
7,Asahi Inori Figurine + Nine-Bite Snack Box x3 + Thud-Thud Hammer x3,1050888,150126.857143
7,Asahi Inori Figurine + Nine-Bite Snack Box x3 + Thud-Thud Hammer x2 + Wheelchair Model,978047,139721.0
7,Asahi Inori Figurine + Nine-Bite Snack Box x3 + Thud-Thud Hammer + Wheelchair Model x2,905206,129315.142857
7,Asahi Inori Figurine + Nine-Bite Snack Box x3 + Wheelchair Model x3,832365,118909.285714
7,Asahi Inori Figurine + Nine-Bite Snack Box x2 + Thud-Thud Hammer x4,910680,130097.142857
7,Asahi Inori Figurine + Nine-Bite Snack Box x2 + Thud-Thud Hammer x3 + Wheelchair Model,837839,119691.285714
7,Asahi Inori Figurine + Nine-Bite Snack Box x2 + Thud-Thud Hammer x2 + Wheelchair Model x2,764998,109285.428571
7,Asahi Inori Figurine + Nine-Bite Snack Box x2 + Thud-Thud Hammer + Wheelchair Model x3,692157,98879.571429
7,Asahi Inori Figurine + Nine-Bite Snack Box x2 + Wheelchair Model x4,619316,88473.714286
7,Asahi Inori Figurine + Nine-Bite Snack Box + Thud-Thud Hammer x5,770472,110067.428571
7,Asahi Inori Figurine + Nine-Bite Snack Box + Thud-Thud Hammer x4 + Wheelchair Model,697631,99661.571429
7,Asahi Inori Figurine + Nine-Bite Snack Box + Thud-Thud Hammer x3 + Wheelchair Model x2,624790,89255.714286
7,Asahi Inori Figurine + Nine-Bite Snack Box + Thud-Thud Hammer x2 + Wheelchair Model x3,551949,78849.857143
7,Asahi Inori Figurine + Nine-Bite Snack Box + Thud-Thud Hammer + Wheelchair Model x4,479108,68444.0
7,Asahi Inori Figurine + Nine-Bite Snack Box + Wheelchair Model x5,406267,58038.142857
7,Asahi Inori Figurine + Thud-Thud Hammer x6,630264,90037.714286
7,Asahi Inori Figurine + Thud-Thud Hammer x5 + Wheelchair Model,557423,79631.857143
7,Asahi Inori Figurine + Thud-Thud Hammer x4 + Wheelchair Model x2,484582,69226.0
7,Asahi Inori Figurine + Thud-Thud Hammer x3 + Wheelchair Model x3,411741,58820.142857
7,Asahi Inori Figurine + Thud-Thud Hammer x2 + Wheelchair Model x4,338900,48414.285714
7,Asahi Inori Figurine + Thud-Thud Hammer + Wheelchair Model x5,266059,38008.428571
7,Asahi Inori Figurine + Wheelchair Model x6,193218,27602.571429
7,Ghostfire Wisp x7,1822961,260423.0
7,Ghostfire Wisp x6 + Lost Armor,1566164,223737.714286
7,Ghostfire Wisp x6 + New Flavor Out Now!,1565283,223611.857143
7,Ghostfire Wisp x6 + Nine-Bite Snack Box,1802746,257535.142857
7,Ghostfire Wisp x6 + Thud-Thud Hammer,1662538,237505.428571
7,Ghostfire Wisp x6 + Wheelchair Model,1589697,227099.571429
7,Ghostfire Wisp x5 + Lost Armor x2,1309367,187052.428571
7,Ghostfire Wisp x5 + Lost Armor + New Flavor Out Now!,1308486,186926.571429
7,Ghostfire Wisp x5 + Lost Armor + Nine-Bite Snack Box,1545949,220849.857143
7,Ghostfire Wisp x5 + Lost Armor + Thud-Thud Hammer,1405741,200820.142857
7,Ghostfire Wisp x5 + Lost Armor + Wheelchair Model,1332900,190414.285714
7,Ghostfire Wisp x5 + New Flavor Out Now! x2,1307605,186800.714286
7,Ghostfire Wisp x5 + New Flavor Out Now! + Nine-Bite Snack Box,1545068,220724.0
7,Ghostfire Wisp x5 + New Flavor Out Now! + Thud-Thud Hammer,1404860,200694.285714
7,Ghostfire Wisp x5 + New Flavor Out Now! + Wheelchair Model,1332019,190288.428571
7,Ghostfire Wisp x5 + Nine-Bite Snack Box x2,1782531,254647.285714
7,Ghostfire Wisp x5 + Nine-Bite Snack Box + Thud-Thud Hammer,1642323,234617.571429
7,Ghostfire Wisp x5 + Nine-Bite Snack Box + Wheelchair Model,1569482,224211.714286
7,Ghostfire Wisp x5 + Thud-Thud Hammer x2,1502115,214587.857143
7,Ghostfire Wisp x5 + Thud-Thud Hammer + Wheelchair Model,1429274,204182.0
7,Ghostfire Wisp x5 + Wheelchair Model x2,1356433,193776.142857
7,Ghostfire Wisp x4 + Lost Armor x3,1052570,150367.142857
7,Ghostfire Wisp x4 + Lost Armor x2 + New Flavor Out Now!,1051689,150241.285714
7,Ghostfire Wisp x4 + Lost Armor x2 + Nine-Bite Snack Box,1289152,184164.571429
7,Ghostfire Wisp x4 + Lost Armor x2 + Thud-Thud Hammer,1148944,164134.857143
7,Ghostfire Wisp x4 + Lost Armor x2 + Wheelchair Model,1076103,153729.0
7,Ghostfire Wisp x4 + Lost Armor + New Flavor Out Now! x2,1050808,150115.428571
7,Ghostfire Wisp x4 + Lost Armor + New Flavor Out Now! + Nine-Bite Snack Box,1288271,184038.714286
7,Ghostfire Wisp x4 + Lost Armor + New Flavor Out Now! + Thud-Thud Hammer,1148063,164009.0
7,Ghostfire Wisp x4 + Lost Armor + New Flavor Out Now! + Wheelchair Model,1075222,153603.142857
7,Ghostfire Wisp x4 + Lost Armor + Nine-Bite Snack Box x2,1525734,217962.0
7,Ghostfire Wisp x4 + Lost Armor + Nine-Bite Snack Box + Thud-Thud Hammer,1385526,197932.285714
7,Ghostfire Wisp x4 + Lost Armor + Nine-Bite Snack Box + Wheelchair Model,1312685,187526.428571
7,Ghostfire Wisp x4 + Lost Armor + Thud-Thud Hammer x2,1245318,177902.571429
7,Ghostfire Wisp x4 + Lost Armor + Thud-Thud Hammer + Wheelchair Model,1172477,167496.714286
7,Ghostfire Wisp x4 + Lost Armor + Wheelchair Model x2,1099636,157090.857143
7,Ghostfire Wisp x4 + New Flavor Out Now! x3,1049927,149989.571429
7,Ghostfire Wisp x4 + New Flavor Out Now! x2 + Nine-Bite Snack Box,1287390,183912.857143
7,Ghostfire Wisp x4 + New Flavor Out Now! x2 + Thud-Thud Hammer,1147182,163883.142857
7,Ghostfire Wisp x4 + New Flavor Out Now! x2 + Wheelchair Model,1074341,153477.285714
7,Ghostfire Wisp x4 + New Flavor Out Now! + Nine-Bite Snack Box x2,1524853,217836.142857
7,Ghostfire Wisp x4 + New Flavor Out Now! + Nine-Bite Snack Box + Thud-Thud Hammer,1384645,197806.428571
7,Ghostfire Wisp x4 + New Flavor Out Now! + Nine-Bite Snack Box + Wheelchair Model,1311804,187400.571429
7,Ghostfire Wisp x4 + New Flavor Out Now! + Thud-Thud Hammer x2,1244437,177776.714286
7,Ghostfire Wisp x4 + New Flavor Out Now! + Thud-Thud Hammer + Wheelchair Model,1171596,167370.857143
7,Ghostfire Wisp x4 + New Flavor Out Now! + Wheelchair Model x2,1098755,156965.0
7,Ghostfire Wisp x4 + Nine-Bite Snack Box x3,1762316,251759.428571
7,Ghostfire Wisp x4 + Nine-Bite Snack Box x2 + Thud-Thud Hammer,1622108,231729.714286
7,Ghostfire Wisp x4 + Nine-Bite Snack Box x2 + Wheelchair Model,1549267,221323.857143
7,Ghostfire Wisp x4 + Nine-Bite Snack Box + Thud-Thud Hammer x2,1481900,211700.0
7,Ghostfire Wisp x4 + Nine-Bite Snack Box + Thud-Thud Hammer + Wheelchair Model,1409059,201294.142857
7,Ghostfire Wisp x4 + Nine-Bite Snack Box + Wheelchair Model x2,1336218,190888.285714
7,Ghostfire Wisp x4 + Thud-Thud Hammer x3,1341692,191670.285714
7,Ghostfire Wisp x4 + Thud-Thud Hammer x2 + Wheelchair Model,1268851,181264.428571
7,Ghostfire Wisp x4 + Thud-Thud Hammer + Wheelchair Model x2,1196010,170858.571429
7,Ghostfire Wisp x4 + Wheelchair Model x3,1123169,160452.714286
7,Ghostfire Wisp x3 + Lost Armor x4,795773,113681.857143
7,Ghostfire Wisp x3 + Lost Armor x3 + New Flavor Out Now!,794892,113556.0
7,Ghostfire Wisp x3 + Lost Armor x3 + Nine-Bite Snack Box,1032355,147479.285714
7,Ghostfire Wisp x3 + Lost Armor x3 + Thud-Thud Hammer,892147,127449.571429
7,Ghostfire Wisp x3 + Lost Armor x3 + Wheelchair Model,819306,117043.714286
7,Ghostfire Wisp x3 + Lost Armor x2 + New Flavor Out Now! x2,794011,113430.142857
7,Ghostfire Wisp x3 + Lost Armor x2 + New Flavor Out Now! + Nine-Bite Snack Box,1031474,147353.428571
7,Ghostfire Wisp x3 + Lost Armor x2 + New Flavor Out Now! + Thud-Thud Hammer,891266,127323.714286
7,Ghostfire Wisp x3 + Lost Armor x2 + New Flavor Out Now! + Wheelchair Model,818425,116917.857143
7,Ghostfire Wisp x3 + Lost Armor x2 + Nine-Bite Snack Box x2,1268937,181276.714286
7,Ghostfire Wisp x3 + Lost Armor x2 + Nine-Bite Snack Box + Thud-Thud Hammer,1128729,161247.0
7,Ghostfire Wisp x3 + Lost Armor x2 + Nine-Bite Snack Box + Wheelchair Model,1055888,150841.142857
7,Ghostfire Wisp x3 + Lost Armor x2 + Thud-Thud Hammer x2,988521,141217.285714
7,Ghostfire Wisp x3 + Lost Armor x2 + Thud-Thud Hammer + Wheelchair Model,915680,130811.428571
7,Ghostfire Wisp x3 + Lost Armor x2 + Wheelchair Model x2,842839,120405.571429
7,Ghostfire Wisp x3 + Lost Armor + New Flavor Out Now! x3,793130,113304.285714
7,Ghostfire Wisp x3 + Lost Armor + New Flavor Out Now! x2 + Nine-Bite Snack Box,1030593,147227.571429
7,Ghostfire Wisp x3 + Lost Armor + New Flavor Out Now! x2 + Thud-Thud Hammer,890385,127197.857143
7,Ghostfire Wisp x3 + Lost Armor + New Flavor Out Now! x2 + Wheelchair Model,817544,116792.0
7,Ghostfire Wisp x3 + Lost Armor + New Flavor Out Now! + Nine-Bite Snack Box x2,1268056,181150.857143
7,Ghostfire Wisp x3 + Lost Armor + New Flavor Out Now! + Nine-Bite Snack Box + Thud-Thud Hammer,1127848,161121.142857
7,Ghostfire Wisp x3 + Lost Armor + New Flavor Out Now! + Nine-Bite Snack Box + Wheelchair Model,1055007,150715.285714
7,Ghostfire Wisp x3 + Lost Armor + New Flavor Out Now! + Thud-Thud Hammer x2,987640,141091.428571
7,Ghostfire Wisp x3 + Lost Armor + New Flavor Out Now! + Thud-Thud Hammer + Wheelchair Model,914799,130685.571429
7,Ghostfire Wisp x3 + Lost Armor + New Flavor Out Now! + Wheelchair Model x2,841958,120279.714286
7,Ghostfire Wisp x3 + Lost Armor + Nine-Bite Snack Box x3,1505519,215074.142857
7,Ghostfire Wisp x3 + Lost Armor + Nine-Bite Snack Box x2 + Thud-Thud Hammer,1365311,195044.428571
7,Ghostfire Wisp x3 + Lost Armor + Nine-Bite Snack Box x2 + Wheelchair Model,1292470,184638.571429
7,Ghostfire Wisp x3 + Lost Armor + Nine-Bite Snack Box + Thud-Thud Hammer x2,1225103,175014.714286
7,Ghostfire Wisp x3 + Lost Armor + Nine-Bite Snack Box + Thud-Thud Hammer + Wheelchair Model,1152262,164608.857143
7,Ghostfire Wisp x3 + Lost Armor + Nine-Bite Snack Box + Wheelchair Model x2,1079421,154203.0
7,Ghostfire Wisp x3 + Lost Armor + Thud-Thud Hammer x3,1084895,154985.0
7,Ghostfire Wisp x3 + Lost Armor + Thud-Thud Hammer x2 + Wheelchair Model,1012054,144579.142857
7,Ghostfire Wisp x3 + Lost Armor + Thud-Thud Hammer + Wheelchair Model x2,939213,134173.285714
7,Ghostfire Wisp x3 + Lost Armor + Wheelchair Model x3,866372,123767.428571
7,Ghostfire Wisp x3 + New Flavor Out Now! x4,792249,113178.428571
7,Ghostfire Wisp x3 + New Flavor Out Now! x3 + Nine-Bite Snack Box,1029712,147101.714286
7,Ghostfire Wisp x3 + New Flavor Out Now! x3 + Thud-Thud Hammer,889504,127072.0
7,Ghostfire Wisp x3 + New Flavor Out Now! x3 + Wheelchair Model,816663,116666.142857
7,Ghostfire Wisp x3 + New Flavor Out Now! x2 + Nine-Bite Snack Box x2,1267175,181025.0
7,Ghostfire Wisp x3 + New Flavor Out Now! x2 + Nine-Bite Snack Box + Thud-Thud Hammer,1126967,160995.285714
7,Ghostfire Wisp x3 + New Flavor Out Now! x2 + Nine-Bite Snack Box + Wheelchair Model,1054126,150589.428571
7,Ghostfire Wisp x3 + New Flavor Out Now! x2 + Thud-Thud Hammer x2,986759,140965.571429
7,Ghostfire Wisp x3 + New Flavor Out Now! x2 + Thud-Thud Hammer + Wheelchair Model,913918,130559.714286
7,Ghostfire Wisp x3 + New Flavor Out Now! x2 + Wheelchair Model x2,841077,120153.857143
7,Ghostfire Wisp x3 + New Flavor Out Now! + Nine-Bite Snack Box x3,1504638,214948.285714
7,Ghostfire Wisp x3 + New Flavor Out Now! + Nine-Bite Snack Box x2 + Thud-Thud Hammer,1364430,194918.571429
7,Ghostfire Wisp x3 + New Flavor Out Now! + Nine-Bite Snack Box x2 + Wheelchair Model,1291589,184512.714286
7,Ghostfire Wisp x3 + New Flavor Out Now! + Nine-Bite Snack Box + Thud-Thud Hammer x2,1224222,174888.857143
7,Ghostfire Wisp x3 + New Flavor Out Now! + Nine-Bite Snack Box + Thud-Thud Hammer + Wheelchair Model,1151381,164483.0
7,Ghostfire Wisp x3 + New Flavor Out Now! + Nine-Bite Snack Box + Wheelchair Model x2,1078540,154077.142857
7,Ghostfire Wisp x3 + New Flavor Out Now! + Thud-Thud Hammer x3,1084014,154859.142857
7,Ghostfire Wisp x3 + New Flavor Out Now! + Thud-Thud Hammer x2 + Wheelchair Model,1011173,144453.285714
7,Ghostfire Wisp x3 + New Flavor Out Now! + Thud-Thud Hammer + Wheelchair Model x2,938332,134047.428571
7,Ghostfire Wisp x3 + New Flavor Out Now! + Wheelchair Model x3,865491,123641.571429
7,Ghostfire Wisp x3 + Nine-Bite Snack Box x4,1742101,248871.571429
7,Ghostfire Wisp x3 + Nine-Bite Snack Box x3 + Thud-Thud Hammer,1601893,228841.857143
7,Ghostfire Wisp x3 + Nine-Bite Snack Box x3 + Wheelchair Model,1529052,218436.0
7,Ghostfire Wisp x3 + Nine-Bite Snack Box x2 + Thud-Thud Hammer x2,1461685,208812.142857
7,Ghostfire Wisp x3 + Nine-Bite Snack Box x2 + Thud-Thud Hammer + Wheelchair Model,1388844,198406.285714
7,Ghostfire Wisp x3 + Nine-Bite Snack Box x2 + Wheelchair Model x2,1316003,188000.428571
7,Ghostfire Wisp x3 + Nine-Bite Snack Box + Thud-Thud Hammer x3,1321477,188782.428571
7,Ghostfire Wisp x3 + Nine-Bite Snack Box + Thud-Thud Hammer x2 + Wheelchair Model,1248636,178376.571429
7,Ghostfire Wisp x3 + Nine-Bite Snack Box + Thud-Thud Hammer + Wheelchair Model x2,1175795,167970.714286
7,Ghostfire Wisp x3 + Nine-Bite Snack Box + Wheelchair Model x3,1102954,157564.857143
7,Ghostfire Wisp x3 + Thud-Thud Hammer x4,1181269,168752.714286
7,Ghostfire Wisp x3 + Thud-Thud Hammer x3 + Wheelchair Model,1108428,158346.857143
7,Ghostfire Wisp x3 + Thud-Thud Hammer x2 + Wheelchair Model x2,1035587,147941.0
7,Ghostfire Wisp x3 + Thud-Thud Hammer + Wheelchair Model x3,962746,137535.142857
7,Ghostfire Wisp x3 + Wheelchair Model x4,889905,127129.285714
7,Ghostfire Wisp x2 + Lost Armor x5,538976,76996.571429
7,Ghostfire Wisp x2 + Lost Armor x4 + New Flavor Out Now!,538095,76870.714286
7,Ghostfire Wisp x2 + Lost Armor x4 + Nine-Bite Snack Box,775558,110794.0
7,Ghostfire Wisp x2 + Lost Armor x4 + Thud-Thud Hammer,635350,90764.285714
7,Ghostfire Wisp x2 + Lost Armor x4 + Wheelchair Model,562509,80358.428571
7,Ghostfire Wisp x2 + Lost Armor x3 + New Flavor Out Now! x2,537214,76744.857143
7,Ghostfire Wisp x2 + Lost Armor x3 + New Flavor Out Now! + Nine-Bite Snack Box,774677,110668.142857
7,Ghostfire Wisp x2 + Lost Armor x3 + New Flavor Out Now! + Thud-Thud Hammer,634469,90638.428571
7,Ghostfire Wisp x2 + Lost Armor x3 + New Flavor Out Now! + Wheelchair Model,561628,80232.571429
7,Ghostfire Wisp x2 + Lost Armor x3 + Nine-Bite Snack Box x2,1012140,144591.428571
7,Ghostfire Wisp x2 + Lost Armor x3 + Nine-Bite Snack Box + Thud-Thud Hammer,871932,124561.714286
7,Ghostfire Wisp x2 + Lost Armor x3 + Nine-Bite Snack Box + Wheelchair Model,799091,114155.857143
7,Ghostfire Wisp x2 + Lost Armor x3 + Thud-Thud Hammer x2,731724,104532.0
7,Ghostfire Wisp x2 + Lost Armor x3 + Thud-Thud Hammer + Wheelchair Model,658883,94126.142857
7,Ghostfire Wisp x2 + Lost Armor x3 + Wheelchair Model x2,586042,83720.285714
7,Ghostfire Wisp x2 + Lost Armor x2 + New Flavor Out Now! x3,536333,76619.0
7,Ghostfire Wisp x2 + Lost Armor x2 + New Flavor Out Now! x2 + Nine-Bite Snack Box,773796,110542.285714
7,Ghostfire Wisp x2 + Lost Armor x2 + New Flavor Out Now! x2 + Thud-Thud Hammer,633588,90512.571429
7,Ghostfire Wisp x2 + Lost Armor x2 + New Flavor Out Now! x2 + Wheelchair Model,560747,80106.714286
7,Ghostfire Wisp x2 + Lost Armor x2 + New Flavor Out Now! + Nine-Bite Snack Box x2,1011259,144465.571429
7,Ghostfire Wisp x2 + Lost Armor x2 + New Flavor Out Now! + Nine-Bite Snack Box + Thud-Thud Hammer,871051,124435.857143
7,Ghostfire Wisp x2 + Lost Armor x2 + New Flavor Out Now! + Nine-Bite Snack Box + Wheelchair Model,798210,114030.0
7,Ghostfire Wisp x2 + Lost Armor x2 + New Flavor Out Now! + Thud-Thud Hammer x2,730843,104406.142857
7,Ghostfire Wisp x2 + Lost Armor x2 + New Flavor Out Now! + Thud-Thud Hammer + Wheelchair Model,658002,94000.285714
7,Ghostfire Wisp x2 + Lost Armor x2 + New Flavor Out Now! + Wheelchair Model x2,585161,83594.428571
7,Ghostfire Wisp x2 + Lost Armor x2 + Nine-Bite Snack Box x3,1248722,178388.857143
7,Ghostfire Wisp x2 + Lost Armor x2 + Nine-Bite Snack Box x2 + Thud-Thud Hammer,1108514,158359.142857
7,Ghostfire Wisp x2 + Lost Armor x2 + Nine-Bite Snack Box x2 + Wheelchair Model,1035673,147953.285714
7,Ghostfire Wisp x2 + Lost Armor x2 + Nine-Bite Snack Box + Thud-Thud Hammer x2,968306,138329.428571
7,Ghostfire Wisp x2 + Lost Armor x2 + Nine-Bite Snack Box + Thud-Thud Hammer + Wheelchair Model,895465,127923.571429
7,Ghostfire Wisp x2 + Lost Armor x2 + Nine-Bite Snack Box + Wheelchair Model x2,822624,117517.714286
7,Ghostfire Wisp x2 + Lost Armor x2 + Thud-Thud Hammer x3,828098,118299.714286
7,Ghostfire Wisp x2 + Lost Armor x2 + Thud-Thud Hammer x2 + Wheelchair Model,755257,107893.857143
7,Ghostfire Wisp x2 + Lost Armor x2 + Thud-Thud Hammer + Wheelchair Model x2,682416,97488.0
7,Ghostfire Wisp x2 + Lost Armor x2 + Wheelchair Model x3,609575,87082.142857
7,Ghostfire Wisp x2 + Lost Armor + New Flavor Out Now! x4,535452,76493.142857
7,Ghostfire Wisp x2 + Lost Armor + New Flavor Out Now! x3 + Nine-Bite Snack Box,772915,110416.428571
7,Ghostfire Wisp x2 + Lost Armor + New Flavor Out Now! x3 + Thud-Thud Hammer,632707,90386.714286
7,Ghostfire Wisp x2 + Lost Armor + New Flavor Out Now! x3 + Wheelchair Model,559866,79980.857143
7,Ghostfire Wisp x2 + Lost Armor + New Flavor Out Now! x2 + Nine-Bite Snack Box x2,1010378,144339.714286
7,Ghostfire Wisp x2 + Lost Armor + New Flavor Out Now! x2 + Nine-Bite Snack Box + Thud-Thud Hammer,870170,124310.0
7,Ghostfire Wisp x2 + Lost Armor + New Flavor Out Now! x2 + Nine-Bite Snack Box + Wheelchair Model,797329,113904.142857
7,Ghostfire Wisp x2 + Lost Armor + New Flavor Out Now! x2 + Thud-Thud Hammer x2,729962,104280.285714
7,Ghostfire Wisp x2 + Lost Armor + New Flavor Out Now! x2 + Thud-Thud Hammer + Wheelchair Model,657121,93874.428571
7,Ghostfire Wisp x2 + Lost Armor + New Flavor Out Now! x2 + Wheelchair Model x2,584280,83468.571429
7,Ghostfire Wisp x2 + Lost Armor + New Flavor Out Now! + Nine-Bite Snack Box x3,1247841,178263.0
7,Ghostfire Wisp x2 + Lost Armor + New Flavor Out Now! + Nine-Bite Snack Box x2 + Thud-Thud Hammer,1107633,158233.285714
7,Ghostfire Wisp x2 + Lost Armor + New Flavor Out Now! + Nine-Bite Snack Box x2 + Wheelchair Model,1034792,147827.428571
7,Ghostfire Wisp x2 + Lost Armor + New Flavor Out Now! + Nine-Bite Snack Box + Thud-Thud Hammer x2,967425,138203.571429
7,Ghostfire Wisp x2 + Lost Armor + New Flavor Out Now! + Nine-Bite Snack Box + Thud-Thud Hammer + Wheelchair Model,894584,127797.714286
7,Ghostfire Wisp x2 + Lost Armor + New Flavor Out Now! + Nine-Bite Snack Box + Wheelchair Model x2,821743,117391.857143
7,Ghostfire Wisp x2 + Lost Armor + New Flavor Out Now! + Thud-Thud Hammer x3,827217,118173.857143
7,Ghostfire Wisp x2 + Lost Armor + New Flavor Out Now! + Thud-Thud Hammer x2 + Wheelchair Model,754376,107768.0
7,Ghostfire Wisp x2 + Lost Armor + New Flavor Out Now! + Thud-Thud Hammer + Wheelchair Model x2,681535,97362.142857
7,Ghostfire Wisp x2 + Lost Armor + New Flavor Out Now! + Wheelchair Model x3,608694,86956.285714
7,Ghostfire Wisp x2 + Lost Armor + Nine-Bite Snack Box x4,1485304,212186.285714
7,Ghostfire Wisp x2 + Lost Armor + Nine-Bite Snack Box x3 + Thud-Thud Hammer,1345096,192156.571429
7,Ghostfire Wisp x2 + Lost Armor + Nine-Bite Snack Box x3 + Wheelchair Model,1272255,181750.714286
7,Ghostfire Wisp x2 + Lost Armor + Nine-Bite Snack Box x2 + Thud-Thud Hammer x2,1204888,172126.857143
7,Ghostfire Wisp x2 + Lost Armor + Nine-Bite Snack Box x2 + Thud-Thud Hammer + Wheelchair Model,1132047,161721.0
7,Ghostfire Wisp x2 + Lost Armor + Nine-Bite Snack Box x2 + Wheelchair Model x2,1059206,151315.142857
7,Ghostfire Wisp x2 + Lost Armor + Nine-Bite Snack Box + Thud-Thud Hammer x3,1064680,152097.142857
7,Ghostfire Wisp x2 + Lost Armor + Nine-Bite Snack Box + Thud-Thud Hammer x2 + Wheelchair Model,991839,141691.285714
7,Ghostfire Wisp x2 + Lost Armor + Nine-Bite Snack Box + Thud-Thud Hammer + Wheelchair Model x2,918998,131285.428571
7,Ghostfire Wisp x2 + Lost Armor + Nine-Bite Snack Box + Wheelchair Model x3,846157,120879.571429
7,Ghostfire Wisp x2 + Lost Armor + Thud-Thud Hammer x4,924472,132067.428571
7,Ghostfire Wisp x2 + Lost Armor + Thud-Thud Hammer x3 + Wheelchair Model,851631,121661.571429
7,Ghostfire Wisp x2 + Lost Armor + Thud-Thud Hammer x2 + Wheelchair Model x2,778790,111255.714286
7,Ghostfire Wisp x2 + Lost Armor + Thud-Thud Hammer + Wheelchair Model x3,705949,100849.857143
7,Ghostfire Wisp x2 + Lost Armor + Wheelchair Model x4,633108,90444.0
7,Ghostfire Wisp x2 + New Flavor Out Now! x5,534571,76367.285714
7,Ghostfire Wisp x2 + New Flavor Out Now! x4 + Nine-Bite Snack Box,772034,110290.571429
7,Ghostfire Wisp x2 + New Flavor Out Now! x4 + Thud-Thud Hammer,631826,90260.857143
7,Ghostfire Wisp x2 + New Flavor Out Now! x4 + Wheelchair Model,558985,79855.0
7,Ghostfire Wisp x2 + New Flavor Out Now! x3 + Nine-Bite Snack Box x2,1009497,144213.857143
7,Ghostfire Wisp x2 + New Flavor Out Now! x3 + Nine-Bite Snack Box + Thud-Thud Hammer,869289,124184.142857
7,Ghostfire Wisp x2 + New Flavor Out Now! x3 + Nine-Bite Snack Box + Wheelchair Model,796448,113778.285714
7,Ghostfire Wisp x2 + New Flavor Out Now! x3 + Thud-Thud Hammer x2,729081,104154.428571
7,Ghostfire Wisp x2 + New Flavor Out Now! x3 + Thud-Thud Hammer + Wheelchair Model,656240,93748.571429
7,Ghostfire Wisp x2 + New Flavor Out Now! x3 + Wheelchair Model x2,583399,83342.714286
7,Ghostfire Wisp x2 + New Flavor Out Now! x2 + Nine-Bite Snack Box x3,1246960,178137.142857
7,Ghostfire Wisp x2 + New Flavor Out Now! x2 + Nine-Bite Snack Box x2 + Thud-Thud Hammer,1106752,158107.428571
7,Ghostfire Wisp x2 + New Flavor Out Now! x2 + Nine-Bite Snack Box x2 + Wheelchair Model,1033911,147701.571429
7,Ghostfire Wisp x2 + New Flavor Out Now! x2 + Nine-Bite Snack Box + Thud-Thud Hammer x2,966544,138077.714286
7,Ghostfire Wisp x2 + New Flavor Out Now! x2 + Nine-Bite Snack Box + Thud-Thud Hammer + Wheelchair Model,893703,127671.857143
7,Ghostfire Wisp x2 + New Flavor Out Now! x2 + Nine-Bite Snack Box + Wheelchair Model x2,820862,117266.0
7,Ghostfire Wisp x2 + New Flavor Out Now! x2 + Thud-Thud Hammer x3,826336,118048.0
7,Ghostfire Wisp x2 + New Flavor Out Now! x2 + Thud-Thud Hammer x2 + Wheelchair Model,753495,107642.142857
7,Ghostfire Wisp x2 + New Flavor Out Now! x2 + Thud-Thud Hammer + Wheelchair Model x2,680654,97236.285714
7,Ghostfire Wisp x2 + New Flavor Out Now! x2 + Wheelchair Model x3,607813,86830.428571
7,Ghostfire Wisp x2 + New Flavor Out Now! + Nine-Bite Snack Box x4,1484423,212060.428571
7,Ghostfire Wisp x2 + New Flavor Out Now! + Nine-Bite Snack Box x3 + Thud-Thud Hammer,1344215,192030.714286
7,Ghostfire Wisp x2 + New Flavor Out Now! + Nine-Bite Snack Box x3 + Wheelchair Model,1271374,181624.857143
7,Ghostfire Wisp x2 + New Flavor Out Now! + Nine-Bite Snack Box x2 + Thud-Thud Hammer x2,1204007,172001.0
7,Ghostfire Wisp x2 + New Flavor Out Now! + Nine-Bite Snack Box x2 + Thud-Thud Hammer + Wheelchair Model,1131166,161595.142857
7,Ghostfire Wisp x2 + New Flavor Out Now! + Nine-Bite Snack Box x2 + Wheelchair Model x2,1058325,151189.285714
7,Ghostfire Wisp x2 + New Flavor Out Now! + Nine-Bite Snack Box + Thud-Thud Hammer x3,1063799,151971.285714
7,Ghostfire Wisp x2 + New Flavor Out Now! + Nine-Bite Snack Box + Thud-Thud Hammer x2 + Wheelchair Model,990958,141565.428571
7,Ghostfire Wisp x2 + New Flavor Out Now! + Nine-Bite Snack Box + Thud-Thud Hammer + Wheelchair Model x2,918117,131159.571429
7,Ghostfire Wisp x2 + New Flavor Out Now! + Nine-Bite Snack Box + Wheelchair Model x3,845276,120753.714286
7,Ghostfire Wisp x2 + New Flavor Out Now! + Thud-Thud Hammer x4,923591,131941.571429
7,Ghostfire Wisp x2 + New Flavor Out Now! + Thud-Thud Hammer x3 + Wheelchair Model,850750,121535.714286
7,Ghostfire Wisp x2 + New Flavor Out Now! + Thud-Thud Hammer x2 + Wheelchair Model x2,777909,111129.857143
7,Ghostfire Wisp x2 + New Flavor Out Now! + Thud-Thud Hammer + Wheelchair Model x3,705068,100724.0
7,Ghostfire Wisp x2 + New Flavor Out Now! + Wheelchair Model x4,632227,90318.142857
7,Ghostfire Wisp x2 + Nine-Bite Snack Box x5,1721886,245983.714286
7,Ghostfire Wisp x2 + Nine-Bite Snack Box x4 + Thud-Thud Hammer,1581678,225954.0
7,Ghostfire Wisp x2 + Nine-Bite Snack Box x4 + Wheelchair Model,1508837,215548.142857
7,Ghostfire Wisp x2 + Nine-Bite Snack Box x3 + Thud-Thud Hammer x2,1441470,205924.285714
7,Ghostfire Wisp x2 + Nine-Bite Snack Box x3 + Thud-Thud Hammer + Wheelchair Model,1368629,195518.428571
7,Ghostfire Wisp x2 + Nine-Bite Snack Box x3 + Wheelchair Model x2,1295788,185112.571429
7,Ghostfire Wisp x2 + Nine-Bite Snack Box x2 + Thud-Thud Hammer x3,1301262,185894.571429
7,Ghostfire Wisp x2 + Nine-Bite Snack Box x2 + Thud-Thud Hammer x2 + Wheelchair Model,1228421,175488.714286
7,Ghostfire Wisp x2 + Nine-Bite Snack Box x2 + Thud-Thud Hammer + Wheelchair Model x2,1155580,165082.857143
7,Ghostfire Wisp x2 + Nine-Bite Snack Box x2 + Wheelchair Model x3,1082739,154677.0
7,Ghostfire Wisp x2 + Nine-Bite Snack Box + Thud-Thud Hammer x4,1161054,165864.857143
7,Ghostfire Wisp x2 + Nine-Bite Snack Box + Thud-Thud Hammer x3 + Wheelchair Model,1088213,155459.0
7,Ghostfire Wisp x2 + Nine-Bite Snack Box + Thud-Thud Hammer x2 + Wheelchair Model x2,1015372,145053.142857
7,Ghostfire Wisp x2 + Nine-Bite Snack Box + Thud-Thud Hammer + Wheelchair Model x3,942531,134647.285714
7,Ghostfire Wisp x2 + Nine-Bite Snack Box + Wheelchair Model x4,869690,124241.428571
7,Ghostfire Wisp x2 + Thud-Thud Hammer x5,1020846,145835.142857
7,Ghostfire Wisp x2 + Thud-Thud Hammer x4 + Wheelchair Model,948005,135429.285714
7,Ghostfire Wisp x2 + Thud-Thud Hammer x3 + Wheelchair Model x2,875164,125023.428571
7,Ghostfire Wisp x2 + Thud-Thud Hammer x2 + Wheelchair Model x3,802323,114617.571429
7,Ghostfire Wisp x2 + Thud-Thud Hammer + Wheelchair Model x4,729482,104211.714286
7,Ghostfire Wisp x2 + Wheelchair Model x5,656641,93805.857143
7,Ghostfire Wisp + Lost Armor x6,282179,40311.285714
7,Ghostfire Wisp + Lost Armor x5 + New Flavor Out Now!,281298,40185.428571
7,Ghostfire Wisp + Lost Armor x5 + Nine-Bite Snack Box,518761,74108.714286
7,Ghostfire Wisp + Lost Armor x5 + Thud-Thud Hammer,378553,54079.0
7,Ghostfire Wisp + Lost Armor x5 + Wheelchair Model,305712,43673.142857
7,Ghostfire Wisp + Lost Armor x4 + New Flavor Out Now! x2,280417,40059.571429
7,Ghostfire Wisp + Lost Armor x4 + New Flavor Out Now! + Nine-Bite Snack Box,517880,73982.857143
7,Ghostfire Wisp + Lost Armor x4 + New Flavor Out Now! + Thud-Thud Hammer,377672,53953.142857
7,Ghostfire Wisp + Lost Armor x4 + New Flavor Out Now! + Wheelchair Model,304831,43547.285714
7,Ghostfire Wisp + Lost Armor x4 + Nine-Bite Snack Box x2,755343,107906.142857
7,Ghostfire Wisp + Lost Armor x4 + Nine-Bite Snack Box + Thud-Thud Hammer,615135,87876.428571
7,Ghostfire Wisp + Lost Armor x4 + Nine-Bite Snack Box + Wheelchair Model,542294,77470.571429
7,Ghostfire Wisp + Lost Armor x4 + Thud-Thud Hammer x2,474927,67846.714286
7,Ghostfire Wisp + Lost Armor x4 + Thud-Thud Hammer + Wheelchair Model,402086,57440.857143
7,Ghostfire Wisp + Lost Armor x4 + Wheelchair Model x2,329245,47035.0
7,Ghostfire Wisp + Lost Armor x3 + New Flavor Out Now! x3,279536,39933.714286
7,Ghostfire Wisp + Lost Armor x3 + New Flavor Out Now! x2 + Nine-Bite Snack Box,516999,73857.0
7,Ghostfire Wisp + Lost Armor x3 + New Flavor Out Now! x2 + Thud-Thud Hammer,376791,53827.285714
7,Ghostfire Wisp + Lost Armor x3 + New Flavor Out Now! x2 + Wheelchair Model,303950,43421.428571
7,Ghostfire Wisp + Lost Armor x3 + New Flavor Out Now! + Nine-Bite Snack Box x2,754462,107780.285714
7,Ghostfire Wisp + Lost Armor x3 + New Flavor Out Now! + Nine-Bite Snack Box + Thud-Thud Hammer,614254,87750.571429
7,Ghostfire Wisp + Lost Armor x3 + New Flavor Out Now! + Nine-Bite Snack Box + Wheelchair Model,541413,77344.714286
7,Ghostfire Wisp + Lost Armor x3 + New Flavor Out Now! + Thud-Thud Hammer x2,474046,67720.857143
7,Ghostfire Wisp + Lost Armor x3 + New Flavor Out Now! + Thud-Thud Hammer + Wheelchair Model,401205,57315.0
7,Ghostfire Wisp + Lost Armor x3 + New Flavor Out Now! + Wheelchair Model x2,328364,46909.142857
7,Ghostfire Wisp + Lost Armor x3 + Nine-Bite Snack Box x3,991925,141703.571429
7,Ghostfire Wisp + Lost Armor x3 + Nine-Bite Snack Box x2 + Thud-Thud Hammer,851717,121673.857143
7,Ghostfire Wisp + Lost Armor x3 + Nine-Bite Snack Box x2 + Wheelchair Model,778876,111268.0
7,Ghostfire Wisp + Lost Armor x3 + Nine-Bite Snack Box + Thud-Thud Hammer x2,711509,101644.142857
7,Ghostfire Wisp + Lost Armor x3 + Nine-Bite Snack Box + Thud-Thud Hammer + Wheelchair Model,638668,91238.285714
7,Ghostfire Wisp + Lost Armor x3 + Nine-Bite Snack Box + Wheelchair Model x2,565827,80832.428571
7,Ghostfire Wisp + Lost Armor x3 + Thud-Thud Hammer x3,571301,81614.428571
7,Ghostfire Wisp + Lost Armor x3 + Thud-Thud Hammer x2 + Wheelchair Model,498460,71208.571429
7,Ghostfire Wisp + Lost Armor x3 + Thud-Thud Hammer + Wheelchair Model x2,425619,60802.714286
7,Ghostfire Wisp + Lost Armor x3 + Wheelchair Model x3,352778,50396.857143
7,Ghostfire Wisp + Lost Armor x2 + New Flavor Out Now! x4,278655,39807.857143
7,Ghostfire Wisp + Lost Armor x2 + New Flavor Out Now! x3 + Nine-Bite Snack Box,516118,73731.142857
7,Ghostfire Wisp + Lost Armor x2 + New Flavor Out Now! x3 + Thud-Thud Hammer,375910,53701.428571
7,Ghostfire Wisp + Lost Armor x2 + New Flavor Out Now! x3 + Wheelchair Model,303069,43295.571429
7,Ghostfire Wisp + Lost Armor x2 + New Flavor Out Now! x2 + Nine-Bite Snack Box x2,753581,107654.428571
7,Ghostfire Wisp + Lost Armor x2 + New Flavor Out Now! x2 + Nine-Bite Snack Box + Thud-Thud Hammer,613373,87624.714286
7,Ghostfire Wisp + Lost Armor x2 + New Flavor Out Now! x2 + Nine-Bite Snack Box + Wheelchair Model,540532,77218.857143
7,Ghostfire Wisp + Lost Armor x2 + New Flavor Out Now! x2 + Thud-Thud Hammer x2,473165,67595.0
7,Ghostfire Wisp + Lost Armor x2 + New Flavor Out Now! x2 + Thud-Thud Hammer + Wheelchair Model,400324,57189.142857
7,Ghostfire Wisp + Lost Armor x2 + New Flavor Out Now! x2 + Wheelchair Model x2,327483,46783.285714
7,Ghostfire Wisp + Lost Armor x2 + New Flavor Out Now! + Nine-Bite Snack Box x3,991044,141577.714286
7,Ghostfire Wisp + Lost Armor x2 + New Flavor Out Now! + Nine-Bite Snack Box x2 + Thud-Thud Hammer,850836,121548.0
7,Ghostfire Wisp + Lost Armor x2 + New Flavor Out Now! + Nine-Bite Snack Box x2 + Wheelchair Model,777995,111142.142857
7,Ghostfire Wisp + Lost Armor x2 + New Flavor Out Now! + Nine-Bite Snack Box + Thud-Thud Hammer x2,710628,101518.285714
7,Ghostfire Wisp + Lost Armor x2 + New Flavor Out Now! + Nine-Bite Snack Box + Thud-Thud Hammer + Wheelchair Model,637787,91112.428571
7,Ghostfire Wisp + Lost Armor x2 + New Flavor Out Now! + Nine-Bite Snack Box + Wheelchair Model x2,564946,80706.571429
7,Ghostfire Wisp + Lost Armor x2 + New Flavor Out Now! + Thud-Thud Hammer x3,570420,81488.571429
7,Ghostfire Wisp + Lost Armor x2 + New Flavor Out Now! + Thud-Thud Hammer x2 + Wheelchair Model,497579,71082.714286
7,Ghostfire Wisp + Lost Armor x2 + New Flavor Out Now! + Thud-Thud Hammer + Wheelchair Model x2,424738,60676.857143
7,Ghostfire Wisp + Lost Armor x2 + New Flavor Out Now! + Wheelchair Model x3,351897,50271.0
7,Ghostfire Wisp + Lost Armor x2 + Nine-Bite Snack Box x4,1228507,175501.0
7,Ghostfire Wisp + Lost Armor x2 + Nine-Bite Snack Box x3 + Thud-Thud Hammer,1088299,155471.285714
7,Ghostfire Wisp + Lost Armor x2 + Nine-Bite Snack Box x3 + Wheelchair Model,1015458,145065.428571
7,Ghostfire Wisp + Lost Armor x2 + Nine-Bite Snack Box x2 + Thud-Thud Hammer x2,948091,135441.571429
7,Ghostfire Wisp + Lost Armor x2 + Nine-Bite Snack Box x2 + Thud-Thud Hammer + Wheelchair Model,875250,125035.714286
7,Ghostfire Wisp + Lost Armor x2 + Nine-Bite Snack Box x2 + Wheelchair Model x2,802409,114629.857143
7,Ghostfire Wisp + Lost Armor x2 + Nine-Bite Snack Box + Thud-Thud Hammer x3,807883,115411.857143
7,Ghostfire Wisp + Lost Armor x2 + Nine-Bite Snack Box + Thud-Thud Hammer x2 + Wheelchair Model,735042,105006.0
7,Ghostfire Wisp + Lost Armor x2 + Nine-Bite Snack Box + Thud-Thud Hammer + Wheelchair Model x2,662201,94600.142857
7,Ghostfire Wisp + Lost Armor x2 + Nine-Bite Snack Box + Wheelchair Model x3,589360,84194.285714
7,Ghostfire Wisp + Lost Armor x2 + Thud-Thud Hammer x4,667675,95382.142857
7,Ghostfire Wisp + Lost Armor x2 + Thud-Thud Hammer x3 + Wheelchair Model,594834,84976.285714
7,Ghostfire Wisp + Lost Armor x2 + Thud-Thud Hammer x2 + Wheelchair Model x2,521993,74570.428571
7,Ghostfire Wisp + Lost Armor x2 + Thud-Thud Hammer + Wheelchair Model x3,449152,64164.571429
7,Ghostfire Wisp + Lost Armor x2 + Wheelchair Model x4,376311,53758.714286
7,Ghostfire Wisp + Lost Armor + New Flavor Out Now! x5,277774,39682.0
7,Ghostfire Wisp + Lost Armor + New Flavor Out Now! x4 + Nine-Bite Snack Box,515237,73605.285714
7,Ghostfire Wisp + Lost Armor + New Flavor Out Now! x4 + Thud-Thud Hammer,375029,53575.571429
7,Ghostfire Wisp + Lost Armor + New Flavor Out Now! x4 + Wheelchair Model,302188,43169.714286
7,Ghostfire Wisp + Lost Armor + New Flavor Out Now! x3 + Nine-Bite Snack Box x2,752700,107528.571429
7,Ghostfire Wisp + Lost Armor + New Flavor Out Now! x3 + Nine-Bite Snack Box + Thud-Thud Hammer,612492,87498.857143
7,Ghostfire Wisp + Lost Armor + New Flavor Out Now! x3 + Nine-Bite Snack Box + Wheelchair Model,539651,77093.0
7,Ghostfire Wisp + Lost Armor + New Flavor Out Now! x3 + Thud-Thud Hammer x2,472284,67469.142857
7,Ghostfire Wisp + Lost Armor + New Flavor Out Now! x3 + Thud-Thud Hammer + Wheelchair Model,399443,57063.285714
7,Ghostfire Wisp + Lost Armor + New Flavor Out Now! x3 + Wheelchair Model x2,326602,46657.428571
7,Ghostfire Wisp + Lost Armor + New Flavor Out Now! x2 + Nine-Bite Snack Box x3,990163,141451.857143
7,Ghostfire Wisp + Lost Armor + New Flavor Out Now! x2 + Nine-Bite Snack Box x2 + Thud-Thud Hammer,849955,121422.142857
7,Ghostfire Wisp + Lost Armor + New Flavor Out Now! x2 + Nine-Bite Snack Box x2 + Wheelchair Model,777114,111016.285714
7,Ghostfire Wisp + Lost Armor + New Flavor Out Now! x2 + Nine-Bite Snack Box + Thud-Thud Hammer x2,709747,101392.428571
7,Ghostfire Wisp + Lost Armor + New Flavor Out Now! x2 + Nine-Bite Snack Box + Thud-Thud Hammer + Wheelchair Model,636906,90986.571429
7,Ghostfire Wisp + Lost Armor + New Flavor Out Now! x2 + Nine-Bite Snack Box + Wheelchair Model x2,564065,80580.714286
7,Ghostfire Wisp + Lost Armor + New Flavor Out Now! x2 + Thud-Thud Hammer x3,569539,81362.714286
7,Ghostfire Wisp + Lost Armor + New Flavor Out Now! x2 + Thud-Thud Hammer x2 + Wheelchair Model,496698,70956.857143
7,Ghostfire Wisp + Lost Armor + New Flavor Out Now! x2 + Thud-Thud Hammer + Wheelchair Model x2,423857,60551.0
7,Ghostfire Wisp + Lost Armor + New Flavor Out Now! x2 + Wheelchair Model x3,351016,50145.142857
7,Ghostfire Wisp + Lost Armor + New Flavor Out Now! + Nine-Bite Snack Box x4,1227626,175375.142857
7,Ghostfire Wisp + Lost Armor + New Flavor Out Now! + Nine-Bite Snack Box x3 + Thud-Thud Hammer,1087418,155345.428571
7,Ghostfire Wisp + Lost Armor + New Flavor Out Now! + Nine-Bite Snack Box x3 + Wheelchair Model,1014577,144939.571429
7,Ghostfire Wisp + Lost Armor + New Flavor Out Now! + Nine-Bite Snack Box x2 + Thud-Thud Hammer x2,947210,135315.714286
7,Ghostfire Wisp + Lost Armor + New Flavor Out Now! + Nine-Bite Snack Box x2 + Thud-Thud Hammer + Wheelchair Model,874369,124909.857143
7,Ghostfire Wisp + Lost Armor + New Flavor Out Now! + Nine-Bite Snack Box x2 + Wheelchair Model x2,801528,114504.0
7,Ghostfire Wisp + Lost Armor + New Flavor Out Now! + Nine-Bite Snack Box + Thud-Thud Hammer x3,807002,115286.0
7,Ghostfire Wisp + Lost Armor + New Flavor Out Now! + Nine-Bite Snack Box + Thud-Thud Hammer x2 + Wheelchair Model,734161,104880.142857
7,Ghostfire Wisp + Lost Armor + New Flavor Out Now! + Nine-Bite Snack Box + Thud-Thud Hammer + Wheelchair Model x2,661320,94474.285714
7,Ghostfire Wisp + Lost Armor + New Flavor Out Now! + Nine-Bite Snack Box + Wheelchair Model x3,588479,84068.428571
7,Ghostfire Wisp + Lost Armor + New Flavor Out Now! + Thud-Thud Hammer x4,666794,95256.285714
7,Ghostfire Wisp + Lost Armor + New Flavor Out Now! + Thud-Thud Hammer x3 + Wheelchair Model,593953,84850.428571
7,Ghostfire Wisp + Lost Armor + New Flavor Out Now! + Thud-Thud Hammer x2 + Wheelchair Model x2,521112,74444.571429
7,Ghostfire Wisp + Lost Armor + New Flavor Out Now! + Thud-Thud Hammer + Wheelchair Model x3,448271,64038.714286
7,Ghostfire Wisp + Lost Armor + New Flavor Out Now! + Wheelchair Model x4,375430,53632.857143
7,Ghostfire Wisp + Lost Armor + Nine-Bite Snack Box x5,1465089,209298.428571
7,Ghostfire Wisp + Lost Armor + Nine-Bite Snack Box x4 + Thud-Thud Hammer,1324881,189268.714286
7,Ghostfire Wisp + Lost Armor + Nine-Bite Snack Box x4 + Wheelchair Model,1252040,178862.857143
7,Ghostfire Wisp + Lost Armor + Nine-Bite Snack Box x3 + Thud-Thud Hammer x2,1184673,169239.0
7,Ghostfire Wisp + Lost Armor + Nine-Bite Snack Box x3 + Thud-Thud Hammer + Wheelchair Model,1111832,158833.142857
7,Ghostfire Wisp + Lost Armor + Nine-Bite Snack Box x3 + Wheelchair Model x2,1038991,148427.285714
7,Ghostfire Wisp + Lost Armor + Nine-Bite Snack Box x2 + Thud-Thud Hammer x3,1044465,149209.285714
7,Ghostfire Wisp + Lost Armor + Nine-Bite Snack Box x2 + Thud-Thud Hammer x2 + Wheelchair Model,971624,138803.428571
7,Ghostfire Wisp + Lost Armor + Nine-Bite Snack Box x2 + Thud-Thud Hammer + Wheelchair Model x2,898783,128397.571429
7,Ghostfire Wisp + Lost Armor + Nine-Bite Snack Box x2 + Wheelchair Model x3,825942,117991.714286
7,Ghostfire Wisp + Lost Armor + Nine-Bite Snack Box + Thud-Thud Hammer x4,904257,129179.571429
7,Ghostfire Wisp + Lost Armor + Nine-Bite Snack Box + Thud-Thud Hammer x3 + Wheelchair Model,831416,118773.714286
7,Ghostfire Wisp + Lost Armor + Nine-Bite Snack Box + Thud-Thud Hammer x2 + Wheelchair Model x2,758575,108367.857143
7,Ghostfire Wisp + Lost Armor + Nine-Bite Snack Box + Thud-Thud Hammer + Wheelchair Model x3,685734,97962.0
7,Ghostfire Wisp + Lost Armor + Nine-Bite Snack Box + Wheelchair Model x4,612893,87556.142857
7,Ghostfire Wisp + Lost Armor + Thud-Thud Hammer x5,764049,109149.857143
7,Ghostfire Wisp + Lost Armor + Thud-Thud Hammer x4 + Wheelchair Model,691208,98744.0
7,Ghostfire Wisp + Lost Armor + Thud-Thud Hammer x3 + Wheelchair Model x2,618367,88338.142857
7,Ghostfire Wisp + Lost Armor + Thud-Thud Hammer x2 + Wheelchair Model x3,545526,77932.285714
7,Ghostfire Wisp + Lost Armor + Thud-Thud Hammer + Wheelchair Model x4,472685,67526.428571
7,Ghostfire Wisp + Lost Armor + Wheelchair Model x5,399844,57120.571429
7,Ghostfire Wisp + New Flavor Out Now! x6,276893,39556.142857
7,Ghostfire Wisp + New Flavor Out Now! x5 + Nine-Bite Snack Box,514356,73479.428571
7,Ghostfire Wisp + New Flavor Out Now! x5 + Thud-Thud Hammer,374148,53449.714286
7,Ghostfire Wisp + New Flavor Out Now! x5 + Wheelchair Model,301307,43043.857143
7,Ghostfire Wisp + New Flavor Out Now! x4 + Nine-Bite Snack Box x2,751819,107402.714286
7,Ghostfire Wisp + New Flavor Out Now! x4 + Nine-Bite Snack Box + Thud-Thud Hammer,611611,87373.0
7,Ghostfire Wisp + New Flavor Out Now! x4 + Nine-Bite Snack Box + Wheelchair Model,538770,76967.142857
7,Ghostfire Wisp + New Flavor Out Now! x4 + Thud-Thud Hammer x2,471403,67343.285714
7,Ghostfire Wisp + New Flavor Out Now! x4 + Thud-Thud Hammer + Wheelchair Model,398562,56937.428571
7,Ghostfire Wisp + New Flavor Out Now! x4 + Wheelchair Model x2,325721,46531.571429
7,Ghostfire Wisp + New Flavor Out Now! x3 + Nine-Bite Snack Box x3,989282,141326.0
7,Ghostfire Wisp + New Flavor Out Now! x3 + Nine-Bite Snack Box x2 + Thud-Thud Hammer,849074,121296.285714
7,Ghostfire Wisp + New Flavor Out Now! x3 + Nine-Bite Snack Box x2 + Wheelchair Model,776233,110890.428571
7,Ghostfire Wisp + New Flavor Out Now! x3 + Nine-Bite Snack Box + Thud-Thud Hammer x2,708866,101266.571429
7,Ghostfire Wisp + New Flavor Out Now! x3 + Nine-Bite Snack Box + Thud-Thud Hammer + Wheelchair Model,636025,90860.714286
7,Ghostfire Wisp + New Flavor Out Now! x3 + Nine-Bite Snack Box + Wheelchair Model x2,563184,80454.857143
7,Ghostfire Wisp + New Flavor Out Now! x3 + Thud-Thud Hammer x3,568658,81236.857143
7,Ghostfire Wisp + New Flavor Out Now! x3 + Thud-Thud Hammer x2 + Wheelchair Model,495817,70831.0
7,Ghostfire Wisp + New Flavor Out Now! x3 + Thud-Thud Hammer + Wheelchair Model x2,422976,60425.142857
7,Ghostfire Wisp + New Flavor Out Now! x3 + Wheelchair Model x3,350135,50019.285714
7,Ghostfire Wisp + New Flavor Out Now! x2 + Nine-Bite Snack Box x4,1226745,175249.285714
7,Ghostfire Wisp + New Flavor Out Now! x2 + Nine-Bite Snack Box x3 + Thud-Thud Hammer,1086537,155219.571429
7,Ghostfire Wisp + New Flavor Out Now! x2 + Nine-Bite Snack Box x3 + Wheelchair Model,1013696,144813.714286
7,Ghostfire Wisp + New Flavor Out Now! x2 + Nine-Bite Snack Box x2 + Thud-Thud Hammer x2,946329,135189.857143
7,Ghostfire Wisp + New Flavor Out Now! x2 + Nine-Bite Snack Box x2 + Thud-Thud Hammer + Wheelchair Model,873488,124784.0
7,Ghostfire Wisp + New Flavor Out Now! x2 + Nine-Bite Snack Box x2 + Wheelchair Model x2,800647,114378.142857
7,Ghostfire Wisp + New Flavor Out Now! x2 + Nine-Bite Snack Box + Thud-Thud Hammer x3,806121,115160.142857
7,Ghostfire Wisp + New Flavor Out Now! x2 + Nine-Bite Snack Box + Thud-Thud Hammer x2 + Wheelchair Model,733280,104754.285714
7,Ghostfire Wisp + New Flavor Out Now! x2 + Nine-Bite Snack Box + Thud-Thud Hammer + Wheelchair Model x2,660439,94348.428571
7,Ghostfire Wisp + New Flavor Out Now! x2 + Nine-Bite Snack Box + Wheelchair Model x3,587598,83942.571429
7,Ghostfire Wisp + New Flavor Out Now! x2 + Thud-Thud Hammer x4,665913,95130.428571
7,Ghostfire Wisp + New Flavor Out Now! x2 + Thud-Thud Hammer x3 + Wheelchair Model,593072,84724.571429
7,Ghostfire Wisp + New Flavor Out Now! x2 + Thud-Thud Hammer x2 + Wheelchair Model x2,520231,74318.714286
7,Ghostfire Wisp + New Flavor Out Now! x2 + Thud-Thud Hammer + Wheelchair Model x3,447390,63912.857143
7,Ghostfire Wisp + New Flavor Out Now! x2 + Wheelchair Model x4,374549,53507.0
7,Ghostfire Wisp + New Flavor Out Now! + Nine-Bite Snack Box x5,1464208,209172.571429
7,Ghostfire Wisp + New Flavor Out Now! + Nine-Bite Snack Box x4 + Thud-Thud Hammer,1324000,189142.857143
7,Ghostfire Wisp + New Flavor Out Now! + Nine-Bite Snack Box x4 + Wheelchair Model,1251159,178737.0
7,Ghostfire Wisp + New Flavor Out Now! + Nine-Bite Snack Box x3 + Thud-Thud Hammer x2,1183792,169113.142857
7,Ghostfire Wisp + New Flavor Out Now! + Nine-Bite Snack Box x3 + Thud-Thud Hammer + Wheelchair Model,1110951,158707.285714
7,Ghostfire Wisp + New Flavor Out Now! + Nine-Bite Snack Box x3 + Wheelchair Model x2,1038110,148301.428571
7,Ghostfire Wisp + New Flavor Out Now! + Nine-Bite Snack Box x2 + Thud-Thud Hammer x3,1043584,149083.428571
7,Ghostfire Wisp + New Flavor Out Now! + Nine-Bite Snack Box x2 + Thud-Thud Hammer x2 + Wheelchair Model,970743,138677.571429
7,Ghostfire Wisp + New Flavor Out Now! + Nine-Bite Snack Box x2 + Thud-Thud Hammer + Wheelchair Model x2,897902,128271.714286
7,Ghostfire Wisp + New Flavor Out Now! + Nine-Bite Snack Box x2 + Wheelchair Model x3,825061,117865.857143
7,Ghostfire Wisp + New Flavor Out Now! + Nine-Bite Snack Box + Thud-Thud Hammer x4,903376,129053.714286
7,Ghostfire Wisp + New Flavor Out Now! + Nine-Bite Snack Box + Thud-Thud Hammer x3 + Wheelchair Model,830535,118647.857143
7,Ghostfire Wisp + New Flavor Out Now! + Nine-Bite Snack Box + Thud-Thud Hammer x2 + Wheelchair Model x2,757694,108242.0
7,Ghostfire Wisp + New Flavor Out Now! + Nine-Bite Snack Box + Thud-Thud Hammer + Wheelchair Model x3,684853,97836.142857
7,Ghostfire Wisp + New Flavor Out Now! + Nine-Bite Snack Box + Wheelchair Model x4,612012,87430.285714
7,Ghostfire Wisp + New Flavor Out Now! + Thud-Thud Hammer x5,763168,109024.0
7,Ghostfire Wisp + New Flavor Out Now! + Thud-Thud Hammer x4 + Wheelchair Model,690327,98618.142857
7,Ghostfire Wisp + New Flavor Out Now! + Thud-Thud Hammer x3 + Wheelchair Model x2,617486,88212.285714
7,Ghostfire Wisp + New Flavor Out Now! + Thud-Thud Hammer x2 + Wheelchair Model x3,544645,77806.428571
7,Ghostfire Wisp + New Flavor Out Now! + Thud-Thud Hammer + Wheelchair Model x4,471804,67400.571429
7,Ghostfire Wisp + New Flavor Out Now! + Wheelchair Model x5,398963,56994.714286
7,Ghostfire Wisp + Nine-Bite Snack Box x6,1701671,243095.857143
7,Ghostfire Wisp + Nine-Bite Snack Box x5 + Thud-Thud Hammer,1561463,223066.142857
7,Ghostfire Wisp + Nine-Bite Snack Box x5 + Wheelchair Model,1488622,212660.285714
7,Ghostfire Wisp + Nine-Bite Snack Box x4 + Thud-Thud Hammer x2,1421255,203036.428571
7,Ghostfire Wisp + Nine-Bite Snack Box x4 + Thud-Thud Hammer + Wheelchair Model,1348414,192630.571429
7,Ghostfire Wisp + Nine-Bite Snack Box x4 + Wheelchair Model x2,1275573,182224.714286
7,Ghostfire Wisp + Nine-Bite Snack Box x3 + Thud-Thud Hammer x3,1281047,183006.714286
7,Ghostfire Wisp + Nine-Bite Snack Box x3 + Thud-Thud Hammer x2 + Wheelchair Model,1208206,172600.857143
7,Ghostfire Wisp + Nine-Bite Snack Box x3 + Thud-Thud Hammer + Wheelchair Model x2,1135365,162195.0
7,Ghostfire Wisp + Nine-Bite Snack Box x3 + Wheelchair Model x3,1062524,151789.142857
7,Ghostfire Wisp + Nine-Bite Snack Box x2 + Thud-Thud Hammer x4,1140839,162977.0
7,Ghostfire Wisp + Nine-Bite Snack Box x2 + Thud-Thud Hammer x3 + Wheelchair Model,1067998,152571.142857
7,Ghostfire Wisp + Nine-Bite Snack Box x2 + Thud-Thud Hammer x2 + Wheelchair Model x2,995157,142165.285714
7,Ghostfire Wisp + Nine-Bite Snack Box x2 + Thud-Thud Hammer + Wheelchair Model x3,922316,131759.428571
7,Ghostfire Wisp + Nine-Bite Snack Box x2 + Wheelchair Model x4,849475,121353.571429
7,Ghostfire Wisp + Nine-Bite Snack Box + Thud-Thud Hammer x5,1000631,142947.285714
7,Ghostfire Wisp + Nine-Bite Snack Box + Thud-Thud Hammer x4 + Wheelchair Model,927790,132541.428571
7,Ghostfire Wisp + Nine-Bite Snack Box + Thud-Thud Hammer x3 + Wheelchair Model x2,854949,122135.571429
7,Ghostfire Wisp + Nine-Bite Snack Box + Thud-Thud Hammer x2 + Wheelchair Model x3,782108,111729.714286
7,Ghostfire Wisp + Nine-Bite Snack Box + Thud-Thud Hammer + Wheelchair Model x4,709267,101323.857143
7,Ghostfire Wisp + Nine-Bite Snack Box + Wheelchair Model x5,636426,90918.0
7,Ghostfire Wisp + Thud-Thud Hammer x6,860423,122917.571429
7,Ghostfire Wisp + Thud-Thud Hammer x5 + Wheelchair Model,787582,112511.714286
7,Ghostfire Wisp + Thud-Thud Hammer x4 + Wheelchair Model x2,714741,102105.857143
7,Ghostfire Wisp + Thud-Thud Hammer x3 + Wheelchair Model x3,641900,91700.0
7,Ghostfire Wisp + Thud-Thud Hammer x2 + Wheelchair Model x4,569059,81294.142857
7,Ghostfire Wisp + Thud-Thud Hammer + Wheelchair Model x5,496218,70888.285714
7,Ghostfire Wisp + Wheelchair Model x6,423377,60482.428571
7,Lost Armor x7,25382,3626.0
7,Lost Armor x6 + New Flavor Out Now!,24501,3500.142857
7,Lost Armor x6 + Nine-Bite Snack Box,261964,37423.428571
7,Lost Armor x6 + Thud-Thud Hammer,121756,17393.714286
7,Lost Armor x6 + Wheelchair Model,48915,6987.857143
7,Lost Armor x5 + New Flavor Out Now! x2,23620,3374.285714
7,Lost Armor x5 + New Flavor Out Now! + Nine-Bite Snack Box,261083,37297.571429
7,Lost Armor x5 + New Flavor Out Now! + Thud-Thud Hammer,120875,17267.857143
7,Lost Armor x5 + New Flavor Out Now! + Wheelchair Model,48034,6862.0
7,Lost Armor x5 + Nine-Bite Snack Box x2,498546,71220.857143
7,Lost Armor x5 + Nine-Bite Snack Box + Thud-Thud Hammer,358338,51191.142857
7,Lost Armor x5 + Nine-Bite Snack Box + Wheelchair Model,285497,40785.285714
7,Lost Armor x5 + Thud-Thud Hammer x2,218130,31161.428571
7,Lost Armor x5 + Thud-Thud Hammer + Wheelchair Model,145289,20755.571429
7,Lost Armor x5 + Wheelchair Model x2,72448,10349.714286
7,Lost Armor x4 + New Flavor Out Now! x3,22739,3248.428571
7,Lost Armor x4 + New Flavor Out Now! x2 + Nine-Bite Snack Box,260202,37171.714286
7,Lost Armor x4 + New Flavor Out Now! x2 + Thud-Thud Hammer,119994,17142.0
7,Lost Armor x4 + New Flavor Out Now! x2 + Wheelchair Model,47153,6736.142857
7,Lost Armor x4 + New Flavor Out Now! + Nine-Bite Snack Box x2,497665,71095.0
7,Lost Armor x4 + New Flavor Out Now! + Nine-Bite Snack Box + Thud-Thud Hammer,357457,51065.285714
7,Lost Armor x4 + New Flavor Out Now! + Nine-Bite Snack Box + Wheelchair Model,284616,40659.428571
7,Lost Armor x4 + New Flavor Out Now! + Thud-Thud Hammer x2,217249,31035.571429
7,Lost Armor x4 + New Flavor Out Now! + Thud-Thud Hammer + Wheelchair Model,144408,20629.714286
7,Lost Armor x4 + New Flavor Out Now! + Wheelchair Model x2,71567,10223.857143
7,Lost Armor x4 + Nine-Bite Snack Box x3,735128,105018.285714
7,Lost Armor x4 + Nine-Bite Snack Box x2 + Thud-Thud Hammer,594920,84988.571429
7,Lost Armor x4 + Nine-Bite Snack Box x2 + Wheelchair Model,522079,74582.714286
7,Lost Armor x4 + Nine-Bite Snack Box + Thud-Thud Hammer x2,454712,64958.857143
7,Lost Armor x4 + Nine-Bite Snack Box + Thud-Thud Hammer + Wheelchair Model,381871,54553.0
7,Lost Armor x4 + Nine-Bite Snack Box + Wheelchair Model x2,309030,44147.142857
7,Lost Armor x4 + Thud-Thud Hammer x3,314504,44929.142857
7,Lost Armor x4 + Thud-Thud Hammer x2 + Wheelchair Model,241663,34523.285714
7,Lost Armor x4 + Thud-Thud Hammer + Wheelchair Model x2,168822,24117.428571
7,Lost Armor x4 + Wheelchair Model x3,95981,13711.571429
7,Lost Armor x3 + New Flavor Out Now! x4,21858,3122.571429
7,Lost Armor x3 + New Flavor Out Now! x3 + Nine-Bite Snack Box,259321,37045.857143
7,Lost Armor x3 + New Flavor Out Now! x3 + Thud-Thud Hammer,119113,17016.142857
7,Lost Armor x3 + New Flavor Out Now! x3 + Wheelchair Model,46272,6610.285714
7,Lost Armor x3 + New Flavor Out Now! x2 + Nine-Bite Snack Box x2,496784,70969.142857
7,Lost Armor x3 + New Flavor Out Now! x2 + Nine-Bite Snack Box + Thud-Thud Hammer,356576,50939.428571
7,Lost Armor x3 + New Flavor Out Now! x2 + Nine-Bite Snack Box + Wheelchair Model,283735,40533.571429
7,Lost Armor x3 + New Flavor Out Now! x2 + Thud-Thud Hammer x2,216368,30909.714286
7,Lost Armor x3 + New Flavor Out Now! x2 + Thud-Thud Hammer + Wheelchair Model,143527,20503.857143
7,Lost Armor x3 + New Flavor Out Now! x2 + Wheelchair Model x2,70686,10098.0
7,Lost Armor x3 + New Flavor Out Now! + Nine-Bite Snack Box x3,734247,104892.428571
7,Lost Armor x3 + New Flavor Out Now! + Nine-Bite Snack Box x2 + Thud-Thud Hammer,594039,84862.714286
7,Lost Armor x3 + New Flavor Out Now! + Nine-Bite Snack Box x2 + Wheelchair Model,521198,74456.857143
7,Lost Armor x3 + New Flavor Out Now! + Nine-Bite Snack Box + Thud-Thud Hammer x2,453831,64833.0
7,Lost Armor x3 + New Flavor Out Now! + Nine-Bite Snack Box + Thud-Thud Hammer + Wheelchair Model,380990,54427.142857
7,Lost Armor x3 + New Flavor Out Now! + Nine-Bite Snack Box + Wheelchair Model x2,308149,44021.285714
7,Lost Armor x3 + New Flavor Out Now! + Thud-Thud Hammer x3,313623,44803.285714
7,Lost Armor x3 + New Flavor Out Now! + Thud-Thud Hammer x2 + Wheelchair Model,240782,34397.428571
7,Lost Armor x3 + New Flavor Out Now! + Thud-Thud Hammer + Wheelchair Model x2,167941,23991.571429
7,Lost Armor x3 + New Flavor Out Now! + Wheelchair Model x3,95100,13585.714286
7,Lost Armor x3 + Nine-Bite Snack Box x4,971710,138815.714286
7,Lost Armor x3 + Nine-Bite Snack Box x3 + Thud-Thud Hammer,831502,118786.0
7,Lost Armor x3 + Nine-Bite Snack Box x3 + Wheelchair Model,758661,108380.142857
7,Lost Armor x3 + Nine-Bite Snack Box x2 + Thud-Thud Hammer x2,691294,98756.285714
7,Lost Armor x3 + Nine-Bite Snack Box x2 + Thud-Thud Hammer + Wheelchair Model,618453,88350.428571
7,Lost Armor x3 + Nine-Bite Snack Box x2 + Wheelchair Model x2,545612,77944.571429
7,Lost Armor x3 + Nine-Bite Snack Box + Thud-Thud Hammer x3,551086,78726.571429
7,Lost Armor x3 + Nine-Bite Snack Box + Thud-Thud Hammer x2 + Wheelchair Model,478245,68320.714286
7,Lost Armor x3 + Nine-Bite Snack Box + Thud-Thud Hammer + Wheelchair Model x2,405404,57914.857143
7,Lost Armor x3 + Nine-Bite Snack Box + Wheelchair Model x3,332563,47509.0
7,Lost Armor x3 + Thud-Thud Hammer x4,410878,58696.857143
7,Lost Armor x3 + Thud-Thud Hammer x3 + Wheelchair Model,338037,48291.0
7,Lost Armor x3 + Thud-Thud Hammer x2 + Wheelchair Model x2,265196,37885.142857
7,Lost Armor x3 + Thud-Thud Hammer + Wheelchair Model x3,192355,27479.285714
7,Lost Armor x3 + Wheelchair Model x4,119514,17073.428571
7,Lost Armor x2 + New Flavor Out Now! x5,20977,2996.714286
7,Lost Armor x2 + New Flavor Out Now! x4 + Nine-Bite Snack Box,258440,36920.0
7,Lost Armor x2 + New Flavor Out Now! x4 + Thud-Thud Hammer,118232,16890.285714
7,Lost Armor x2 + New Flavor Out Now! x4 + Wheelchair Model,45391,6484.428571
7,Lost Armor x2 + New Flavor Out Now! x3 + Nine-Bite Snack Box x2,495903,70843.285714
7,Lost Armor x2 + New Flavor Out Now! x3 + Nine-Bite Snack Box + Thud-Thud Hammer,355695,50813.571429
7,Lost Armor x2 + New Flavor Out Now! x3 + Nine-Bite Snack Box + Wheelchair Model,282854,40407.714286
7,Lost Armor x2 + New Flavor Out Now! x3 + Thud-Thud Hammer x2,215487,30783.857143
7,Lost Armor x2 + New Flavor Out Now! x3 + Thud-Thud Hammer + Wheelchair Model,142646,20378.0
7,Lost Armor x2 + New Flavor Out Now! x3 + Wheelchair Model x2,69805,9972.142857
7,Lost Armor x2 + New Flavor Out Now! x2 + Nine-Bite Snack Box x3,733366,104766.571429
7,Lost Armor x2 + New Flavor Out Now! x2 + Nine-Bite Snack Box x2 + Thud-Thud Hammer,593158,84736.857143
7,Lost Armor x2 + New Flavor Out Now! x2 + Nine-Bite Snack Box x2 + Wheelchair Model,520317,74331.0
7,Lost Armor x2 + New Flavor Out Now! x2 + Nine-Bite Snack Box + Thud-Thud Hammer x2,452950,64707.142857
7,Lost Armor x2 + New Flavor Out Now! x2 + Nine-Bite Snack Box + Thud-Thud Hammer + Wheelchair Model,380109,54301.285714
7,Lost Armor x2 + New Flavor Out Now! x2 + Nine-Bite Snack Box + Wheelchair Model x2,307268,43895.428571
7,Lost Armor x2 + New Flavor Out Now! x2 + Thud-Thud Hammer x3,312742,44677.428571
7,Lost Armor x2 + New Flavor Out Now! x2 + Thud-Thud Hammer x2 + Wheelchair Model,239901,34271.571429
7,Lost Armor x2 + New Flavor Out Now! x2 + Thud-Thud Hammer + Wheelchair Model x2,167060,23865.714286
7,Lost Armor x2 + New Flavor Out Now! x2 + Wheelchair Model x3,94219,13459.857143
7,Lost Armor x2 + New Flavor Out Now! + Nine-Bite Snack Box x4,970829,138689.857143
7,Lost Armor x2 + New Flavor Out Now! + Nine-Bite Snack Box x3 + Thud-Thud Hammer,830621,118660.142857
7,Lost Armor x2 + New Flavor Out Now! + Nine-Bite Snack Box x3 + Wheelchair Model,757780,108254.285714
7,Lost Armor x2 + New Flavor Out Now! + Nine-Bite Snack Box x2 + Thud-Thud Hammer x2,690413,98630.428571
7,Lost Armor x2 + New Flavor Out Now! + Nine-Bite Snack Box x2 + Thud-Thud Hammer + Wheelchair Model,617572,88224.571429
7,Lost Armor x2 + New Flavor Out Now! + Nine-Bite Snack Box x2 + Wheelchair Model x2,544731,77818.714286
7,Lost Armor x2 + New Flavor Out Now! + Nine-Bite Snack Box + Thud-Thud Hammer x3,550205,78600.714286
7,Lost Armor x2 + New Flavor Out Now! + Nine-Bite Snack Box + Thud-Thud Hammer x2 + Wheelchair Model,477364,68194.857143
7,Lost Armor x2 + New Flavor Out Now! + Nine-Bite Snack Box + Thud-Thud Hammer + Wheelchair Model x2,404523,57789.0
7,Lost Armor x2 + New Flavor Out Now! + Nine-Bite Snack Box + Wheelchair Model x3,331682,47383.142857
7,Lost Armor x2 + New Flavor Out Now! + Thud-Thud Hammer x4,409997,58571.0
7,Lost Armor x2 + New Flavor Out Now! + Thud-Thud Hammer x3 + Wheelchair Model,337156,48165.142857
7,Lost Armor x2 + New Flavor Out Now! + Thud-Thud Hammer x2 + Wheelchair Model x2,264315,37759.285714
7,Lost Armor x2 + New Flavor Out Now! + Thud-Thud Hammer + Wheelchair Model x3,191474,27353.428571
7,Lost Armor x2 + New Flavor Out Now! + Wheelchair Model x4,118633,16947.571429
7,Lost Armor x2 + Nine-Bite Snack Box x5,1208292,172613.142857
7,Lost Armor x2 + Nine-Bite Snack Box x4 + Thud-Thud Hammer,1068084,152583.428571
7,Lost Armor x2 + Nine-Bite Snack Box x4 + Wheelchair Model,995243,142177.571429
7,Lost Armor x2 + Nine-Bite Snack Box x3 + Thud-Thud Hammer x2,927876,132553.714286
7,Lost Armor x2 + Nine-Bite Snack Box x3 + Thud-Thud Hammer + Wheelchair Model,855035,122147.857143
7,Lost Armor x2 + Nine-Bite Snack Box x3 + Wheelchair Model x2,782194,111742.0
7,Lost Armor x2 + Nine-Bite Snack Box x2 + Thud-Thud Hammer x3,787668,112524.0
7,Lost Armor x2 + Nine-Bite Snack Box x2 + Thud-Thud Hammer x2 + Wheelchair Model,714827,102118.142857
7,Lost Armor x2 + Nine-Bite Snack Box x2 + Thud-Thud Hammer + Wheelchair Model x2,641986,91712.285714
7,Lost Armor x2 + Nine-Bite Snack Box x2 + Wheelchair Model x3,569145,81306.428571
7,Lost Armor x2 + Nine-Bite Snack Box + Thud-Thud Hammer x4,647460,92494.285714
7,Lost Armor x2 + Nine-Bite Snack Box + Thud-Thud Hammer x3 + Wheelchair Model,574619,82088.428571
7,Lost Armor x2 + Nine-Bite Snack Box + Thud-Thud Hammer x2 + Wheelchair Model x2,501778,71682.571429
7,Lost Armor x2 + Nine-Bite Snack Box + Thud-Thud Hammer + Wheelchair Model x3,428937,61276.714286
7,Lost Armor x2 + Nine-Bite Snack Box + Wheelchair Model x4,356096,50870.857143
7,Lost Armor x2 + Thud-Thud Hammer x5,507252,72464.571429
7,Lost Armor x2 + Thud-Thud Hammer x4 + Wheelchair Model,434411,62058.714286
7,Lost Armor x2 + Thud-Thud Hammer x3 + Wheelchair Model x2,361570,51652.857143
7,Lost Armor x2 + Thud-Thud Hammer x2 + Wheelchair Model x3,288729,41247.0
7,Lost Armor x2 + Thud-Thud Hammer + Wheelchair Model x4,215888,30841.142857
7,Lost Armor x2 + Wheelchair Model x5,143047,20435.285714
7,Lost Armor + New Flavor Out Now! x6,20096,2870.857143
7,Lost Armor + New Flavor Out Now! x5 + Nine-Bite Snack Box,257559,36794.142857
7,Lost Armor + New Flavor Out Now! x5 + Thud-Thud Hammer,117351,16764.428571
7,Lost Armor + New Flavor Out Now! x5 + Wheelchair Model,44510,6358.571429
7,Lost Armor + New Flavor Out Now! x4 + Nine-Bite Snack Box x2,495022,70717.428571
7,Lost Armor + New Flavor Out Now! x4 + Nine-Bite Snack Box + Thud-Thud Hammer,354814,50687.714286
7,Lost Armor + New Flavor Out Now! x4 + Nine-Bite Snack Box + Wheelchair Model,281973,40281.857143
7,Lost Armor + New Flavor Out Now! x4 + Thud-Thud Hammer x2,214606,30658.0
7,Lost Armor + New Flavor Out Now! x4 + Thud-Thud Hammer + Wheelchair Model,141765,20252.142857
7,Lost Armor + New Flavor Out Now! x4 + Wheelchair Model x2,68924,9846.285714
7,Lost Armor + New Flavor Out Now! x3 + Nine-Bite Snack Box x3,732485,104640.714286
7,Lost Armor + New Flavor Out Now! x3 + Nine-Bite Snack Box x2 + Thud-Thud Hammer,592277,84611.0
7,Lost Armor + New Flavor Out Now! x3 + Nine-Bite Snack Box x2 + Wheelchair Model,519436,74205.142857
7,Lost Armor + New Flavor Out Now! x3 + Nine-Bite Snack Box + Thud-Thud Hammer x2,452069,64581.285714
7,Lost Armor + New Flavor Out Now! x3 + Nine-Bite Snack Box + Thud-Thud Hammer + Wheelchair Model,379228,54175.428571
7,Lost Armor + New Flavor Out Now! x3 + Nine-Bite Snack Box + Wheelchair Model x2,306387,43769.571429
7,Lost Armor + New Flavor Out Now! x3 + Thud-Thud Hammer x3,311861,44551.571429
7,Lost Armor + New Flavor Out Now! x3 + Thud-Thud Hammer x2 + Wheelchair Model,239020,34145.714286
7,Lost Armor + New Flavor Out Now! x3 + Thud-Thud Hammer + Wheelchair Model x2,166179,23739.857143
7,Lost Armor + New Flavor Out Now! x3 + Wheelchair Model x3,93338,13334.0
7,Lost Armor + New Flavor Out Now! x2 + Nine-Bite Snack Box x4,969948,138564.0
7,Lost Armor + New Flavor Out Now! x2 + Nine-Bite Snack Box x3 + Thud-Thud Hammer,829740,118534.285714
7,Lost Armor + New Flavor Out Now! x2 + Nine-Bite Snack Box x3 + Wheelchair Model,756899,108128.428571
7,Lost Armor + New Flavor Out Now! x2 + Nine-Bite Snack Box x2 + Thud-Thud Hammer x2,689532,98504.571429
7,Lost Armor + New Flavor Out Now! x2 + Nine-Bite Snack Box x2 + Thud-Thud Hammer + Wheelchair Model,616691,88098.714286
7,Lost Armor + New Flavor Out Now! x2 + Nine-Bite Snack Box x2 + Wheelchair Model x2,543850,77692.857143
7,Lost Armor + New Flavor Out Now! x2 + Nine-Bite Snack Box + Thud-Thud Hammer x3,549324,78474.857143
7,Lost Armor + New Flavor Out Now! x2 + Nine-Bite Snack Box + Thud-Thud Hammer x2 + Wheelchair Model,476483,68069.0
7,Lost Armor + New Flavor Out Now! x2 + Nine-Bite Snack Box + Thud-Thud Hammer + Wheelchair Model x2,403642,57663.142857
7,Lost Armor + New Flavor Out Now! x2 + Nine-Bite Snack Box + Wheelchair Model x3,330801,47257.285714
7,Lost Armor + New Flavor Out Now! x2 + Thud-Thud Hammer x4,409116,58445.142857
7,Lost Armor + New Flavor Out Now! x2 + Thud-Thud Hammer x3 + Wheelchair Model,336275,48039.285714
7,Lost Armor + New Flavor Out Now! x2 + Thud-Thud Hammer x2 + Wheelchair Model x2,263434,37633.428571
7,Lost Armor + New Flavor Out Now! x2 + Thud-Thud Hammer + Wheelchair Model x3,190593,27227.571429
7,Lost Armor + New Flavor Out Now! x2 + Wheelchair Model x4,117752,16821.714286
7,Lost Armor + New Flavor Out Now! + Nine-Bite Snack Box x5,1207411,172487.285714
7,Lost Armor + New Flavor Out Now! + Nine-Bite Snack Box x4 + Thud-Thud Hammer,1067203,152457.571429
7,Lost Armor + New Flavor Out Now! + Nine-Bite Snack Box x4 + Wheelchair Model,994362,142051.714286
7,Lost Armor + New Flavor Out Now! + Nine-Bite Snack Box x3 + Thud-Thud Hammer x2,926995,132427.857143
7,Lost Armor + New Flavor Out Now! + Nine-Bite Snack Box x3 + Thud-Thud Hammer + Wheelchair Model,854154,122022.0
7,Lost Armor + New Flavor Out Now! + Nine-Bite Snack Box x3 + Wheelchair Model x2,781313,111616.142857
7,Lost Armor + New Flavor Out Now! + Nine-Bite Snack Box x2 + Thud-Thud Hammer x3,786787,112398.142857
7,Lost Armor + New Flavor Out Now! + Nine-Bite Snack Box x2 + Thud-Thud Hammer x2 + Wheelchair Model,713946,101992.285714
7,Lost Armor + New Flavor Out Now! + Nine-Bite Snack Box x2 + Thud-Thud Hammer + Wheelchair Model x2,641105,91586.428571
7,Lost Armor + New Flavor Out Now! + Nine-Bite Snack Box x2 + Wheelchair Model x3,568264,81180.571429
7,Lost Armor + New Flavor Out Now! + Nine-Bite Snack Box + Thud-Thud Hammer x4,646579,92368.428571
7,Lost Armor + New Flavor Out Now! + Nine-Bite Snack Box + Thud-Thud Hammer x3 + Wheelchair Model,573738,81962.571429
7,Lost Armor + New Flavor Out Now! + Nine-Bite Snack Box + Thud-Thud Hammer x2 + Wheelchair Model x2,500897,71556.714286
7,Lost Armor + New Flavor Out Now! + Nine-Bite Snack Box + Thud-Thud Hammer + Wheelchair Model x3,428056,61150.857143
7,Lost Armor + New Flavor Out Now! + Nine-Bite Snack Box + Wheelchair Model x4,355215,50745.0
7,Lost Armor + New Flavor Out Now! + Thud-Thud Hammer x5,506371,72338.714286
7,Lost Armor + New Flavor Out Now! + Thud-Thud Hammer x4 + Wheelchair Model,433530,61932.857143
7,Lost Armor + New Flavor Out Now! + Thud-Thud Hammer x3 + Wheelchair Model x2,360689,51527.0
7,Lost Armor + New Flavor Out Now! + Thud-Thud Hammer x2 + Wheelchair Model x3,287848,41121.142857
7,Lost Armor + New Flavor Out Now! + Thud-Thud Hammer + Wheelchair Model x4,215007,30715.285714
7,Lost Armor + New Flavor Out Now! + Wheelchair Model x5,142166,20309.428571
7,Lost Armor + Nine-Bite Snack Box x6,1444874,206410.571429
7,Lost Armor + Nine-Bite Snack Box x5 + Thud-Thud Hammer,1304666,186380.857143
7,Lost Armor + Nine-Bite Snack Box x5 + Wheelchair Model,1231825,175975.0
7,Lost Armor + Nine-Bite Snack Box x4 + Thud-Thud Hammer x2,1164458,166351.142857
7,Lost Armor + Nine-Bite Snack Box x4 + Thud-Thud Hammer + Wheelchair Model,1091617,155945.285714
7,Lost Armor + Nine-Bite Snack Box x4 + Wheelchair Model x2,1018776,145539.428571
7,Lost Armor + Nine-Bite Snack Box x3 + Thud-Thud Hammer x3,1024250,146321.428571
7,Lost Armor + Nine-Bite Snack Box x3 + Thud-Thud Hammer x2 + Wheelchair Model,951409,135915.571429
7,Lost Armor + Nine-Bite Snack Box x3 + Thud-Thud Hammer + Wheelchair Model x2,878568,125509.714286
7,Lost Armor + Nine-Bite Snack Box x3 + Wheelchair Model x3,805727,115103.857143
7,Lost Armor + Nine-Bite Snack Box x2 + Thud-Thud Hammer x4,884042,126291.714286
7,Lost Armor + Nine-Bite Snack Box x2 + Thud-Thud Hammer x3 + Wheelchair Model,811201,115885.857143
7,Lost Armor + Nine-Bite Snack Box x2 + Thud-Thud Hammer x2 + Wheelchair Model x2,738360,105480.0
7,Lost Armor + Nine-Bite Snack Box x2 + Thud-Thud Hammer + Wheelchair Model x3,665519,95074.142857
7,Lost Armor + Nine-Bite Snack Box x2 + Wheelchair Model x4,592678,84668.285714
7,Lost Armor + Nine-Bite Snack Box + Thud-Thud Hammer x5,743834,106262.0
7,Lost Armor + Nine-Bite Snack Box + Thud-Thud Hammer x4 + Wheelchair Model,670993,95856.142857
7,Lost Armor + Nine-Bite Snack Box + Thud-Thud Hammer x3 + Wheelchair Model x2,598152,85450.285714
7,Lost Armor + Nine-Bite Snack Box + Thud-Thud Hammer x2 + Wheelchair Model x3,525311,75044.428571
7,Lost Armor + Nine-Bite Snack Box + Thud-Thud Hammer + Wheelchair Model x4,452470,64638.571429
7,Lost Armor + Nine-Bite Snack Box + Wheelchair Model x5,379629,54232.714286
7,Lost Armor + Thud-Thud Hammer x6,603626,86232.285714
7,Lost Armor + Thud-Thud Hammer x5 + Wheelchair Model,530785,75826.428571
7,Lost Armor + Thud-Thud Hammer x4 + Wheelchair Model x2,457944,65420.571429
7,Lost Armor + Thud-Thud Hammer x3 + Wheelchair Model x3,385103,55014.714286
7,Lost Armor + Thud-Thud Hammer x2 + Wheelchair Model x4,312262,44608.857143
7,Lost Armor + Thud-Thud Hammer + Wheelchair Model x5,239421,34203.0
7,Lost Armor + Wheelchair Model x6,166580,23797.142857
7,New Flavor Out Now! x7,19215,2745.0
7,New Flavor Out Now! x6 + Nine-Bite Snack Box,256678,36668.285714
7,New Flavor Out Now! x6 + Thud-Thud Hammer,116470,16638.571429
7,New Flavor Out Now! x6 + Wheelchair Model,43629,6232.714286
7,New Flavor Out Now! x5 + Nine-Bite Snack Box x2,494141,70591.571429
7,New Flavor Out Now! x5 + Nine-Bite Snack Box + Thud-Thud Hammer,353933,50561.857143
7,New Flavor Out Now! x5 + Nine-Bite Snack Box + Wheelchair Model,281092,40156.0
7,New Flavor Out Now! x5 + Thud-Thud Hammer x2,213725,30532.142857
7,New Flavor Out Now! x5 + Thud-Thud Hammer + Wheelchair Model,140884,20126.285714
7,New Flavor Out Now! x5 + Wheelchair Model x2,68043,9720.428571
7,New Flavor Out Now! x4 + Nine-Bite Snack Box x3,731604,104514.857143
7,New Flavor Out Now! x4 + Nine-Bite Snack Box x2 + Thud-Thud Hammer,591396,84485.142857
7,New Flavor Out Now! x4 + Nine-Bite Snack Box x2 + Wheelchair Model,518555,74079.285714
7,New Flavor Out Now! x4 + Nine-Bite Snack Box + Thud-Thud Hammer x2,451188,64455.428571
7,New Flavor Out Now! x4 + Nine-Bite Snack Box + Thud-Thud Hammer + Wheelchair Model,378347,54049.571429
7,New Flavor Out Now! x4 + Nine-Bite Snack Box + Wheelchair Model x2,305506,43643.714286
7,New Flavor Out Now! x4 + Thud-Thud Hammer x3,310980,44425.714286
7,New Flavor Out Now! x4 + Thud-Thud Hammer x2 + Wheelchair Model,238139,34019.857143
7,New Flavor Out Now! x4 + Thud-Thud Hammer + Wheelchair Model x2,165298,23614.0
7,New Flavor Out Now! x4 + Wheelchair Model x3,92457,13208.142857
7,New Flavor Out Now! x3 + Nine-Bite Snack Box x4,969067,138438.142857
7,New Flavor Out Now! x3 + Nine-Bite Snack Box x3 + Thud-Thud Hammer,828859,118408.428571
7,New Flavor Out Now! x3 + Nine-Bite Snack Box x3 + Wheelchair Model,756018,108002.571429
7,New Flavor Out Now! x3 + Nine-Bite Snack Box x2 + Thud-Thud Hammer x2,688651,98378.714286
7,New Flavor Out Now! x3 + Nine-Bite Snack Box x2 + Thud-Thud Hammer + Wheelchair Model,615810,87972.857143
7,New Flavor Out Now! x3 + Nine-Bite Snack Box x2 + Wheelchair Model x2,542969,77567.0
7,New Flavor Out Now! x3 + Nine-Bite Snack Box + Thud-Thud Hammer x3,548443,78349.0
7,New Flavor Out Now! x3 + Nine-Bite Snack Box + Thud-Thud Hammer x2 + Wheelchair Model,475602,67943.142857
7,New Flavor Out Now! x3 + Nine-Bite Snack Box + Thud-Thud Hammer + Wheelchair Model x2,402761,57537.285714
7,New Flavor Out Now! x3 + Nine-Bite Snack Box + Wheelchair Model x3,329920,47131.428571
7,New Flavor Out Now! x3 + Thud-Thud Hammer x4,408235,58319.285714
7,New Flavor Out Now! x3 + Thud-Thud Hammer x3 + Wheelchair Model,335394,47913.428571
7,New Flavor Out Now! x3 + Thud-Thud Hammer x2 + Wheelchair Model x2,262553,37507.571429
7,New Flavor Out Now! x3 + Thud-Thud Hammer + Wheelchair Model x3,189712,27101.714286
7,New Flavor Out Now! x3 + Wheelchair Model x4,116871,16695.857143
7,New Flavor Out Now! x2 + Nine-Bite Snack Box x5,1206530,172361.428571
7,New Flavor Out Now! x2 + Nine-Bite Snack Box x4 + Thud-Thud Hammer,1066322,152331.714286
7,New Flavor Out Now! x2 + Nine-Bite Snack Box x4 + Wheelchair Model,993481,141925.857143
7,New Flavor Out Now! x2 + Nine-Bite Snack Box x3 + Thud-Thud Hammer x2,926114,132302.0
7,New Flavor Out Now! x2 + Nine-Bite Snack Box x3 + Thud-Thud Hammer + Wheelchair Model,853273,121896.142857
7,New Flavor Out Now! x2 + Nine-Bite Snack Box x3 + Wheelchair Model x2,780432,111490.285714
7,New Flavor Out Now! x2 + Nine-Bite Snack Box x2 + Thud-Thud Hammer x3,785906,112272.285714
7,New Flavor Out Now! x2 + Nine-Bite Snack Box x2 + Thud-Thud Hammer x2 + Wheelchair Model,713065,101866.428571
7,New Flavor Out Now! x2 + Nine-Bite Snack Box x2 + Thud-Thud Hammer + Wheelchair Model x2,640224,91460.571429
7,New Flavor Out Now! x2 + Nine-Bite Snack Box x2 + Wheelchair Model x3,567383,81054.714286
7,New Flavor Out Now! x2 + Nine-Bite Snack Box + Thud-Thud Hammer x4,645698,92242.571429
7,New Flavor Out Now! x2 + Nine-Bite Snack Box + Thud-Thud Hammer x3 + Wheelchair Model,572857,81836.714286
7,New Flavor Out Now! x2 + Nine-Bite Snack Box + Thud-Thud Hammer x2 + Wheelchair Model x2,500016,71430.857143
7,New Flavor Out Now! x2 + Nine-Bite Snack Box + Thud-Thud Hammer + Wheelchair Model x3,427175,61025.0
7,New Flavor Out Now! x2 + Nine-Bite Snack Box + Wheelchair Model x4,354334,50619.142857
7,New Flavor Out Now! x2 + Thud-Thud Hammer x5,505490,72212.857143
7,New Flavor Out Now! x2 + Thud-Thud Hammer x4 + Wheelchair Model,432649,61807.0
7,New Flavor Out Now! x2 + Thud-Thud Hammer x3 + Wheelchair Model x2,359808,51401.142857
7,New Flavor Out Now! x2 + Thud-Thud Hammer x2 + Wheelchair Model x3,286967,40995.285714
7,New Flavor Out Now! x2 + Thud-Thud Hammer + Wheelchair Model x4,214126,30589.428571
7,New Flavor Out Now! x2 + Wheelchair Model x5,141285,20183.571429
7,New Flavor Out Now! + Nine-Bite Snack Box x6,1443993,206284.714286
7,New Flavor Out Now! + Nine-Bite Snack Box x5 + Thud-Thud Hammer,1303785,186255.0
7,New Flavor Out Now! + Nine-Bite Snack Box x5 + Wheelchair Model,1230944,175849.142857
7,New Flavor Out Now! + Nine-Bite Snack Box x4 + Thud-Thud Hammer x2,1163577,166225.285714
7,New Flavor Out Now! + Nine-Bite Snack Box x4 + Thud-Thud Hammer + Wheelchair Model,1090736,155819.428571
7,New Flavor Out Now! + Nine-Bite Snack Box x4 + Wheelchair Model x2,1017895,145413.571429
7,New Flavor Out Now! + Nine-Bite Snack Box x3 + Thud-Thud Hammer x3,1023369,146195.571429
7,New Flavor Out Now! + Nine-Bite Snack Box x3 + Thud-Thud Hammer x2 + Wheelchair Model,950528,135789.714286
7,New Flavor Out Now! + Nine-Bite Snack Box x3 + Thud-Thud Hammer + Wheelchair Model x2,877687,125383.857143
7,New Flavor Out Now! + Nine-Bite Snack Box x3 + Wheelchair Model x3,804846,114978.0
7,New Flavor Out Now! + Nine-Bite Snack Box x2 + Thud-Thud Hammer x4,883161,126165.857143
7,New Flavor Out Now! + Nine-Bite Snack Box x2 + Thud-Thud Hammer x3 + Wheelchair Model,810320,115760.0
7,New Flavor Out Now! + Nine-Bite Snack Box x2 + Thud-Thud Hammer x2 + Wheelchair Model x2,737479,105354.142857
7,New Flavor Out Now! + Nine-Bite Snack Box x2 + Thud-Thud Hammer + Wheelchair Model x3,664638,94948.285714
7,New Flavor Out Now! + Nine-Bite Snack Box x2 + Wheelchair Model x4,591797,84542.428571
7,New Flavor Out Now! + Nine-Bite Snack Box + Thud-Thud Hammer x5,742953,106136.142857
7,New Flavor Out Now! + Nine-Bite Snack Box + Thud-Thud Hammer x4 + Wheelchair Model,670112,95730.285714
7,New Flavor Out Now! + Nine-Bite Snack Box + Thud-Thud Hammer x3 + Wheelchair Model x2,597271,85324.428571
7,New Flavor Out Now! + Nine-Bite Snack Box + Thud-Thud Hammer x2 + Wheelchair Model x3,524430,74918.571429
7,New Flavor Out Now! + Nine-Bite Snack Box + Thud-Thud Hammer + Wheelchair Model x4,451589,64512.714286
7,New Flavor Out Now! + Nine-Bite Snack Box + Wheelchair Model x5,378748,54106.857143
7,New Flavor Out Now! + Thud-Thud Hammer x6,602745,86106.428571
7,New Flavor Out Now! + Thud-Thud Hammer x5 + Wheelchair Model,529904,75700.571429
7,New Flavor Out Now! + Thud-Thud Hammer x4 + Wheelchair Model x2,457063,65294.714286
7,New Flavor Out Now! + Thud-Thud Hammer x3 + Wheelchair Model x3,384222,54888.857143
7,New Flavor Out Now! + Thud-Thud Hammer x2 + Wheelchair Model x4,311381,44483.0
7,New Flavor Out Now! + Thud-Thud Hammer + Wheelchair Model x5,238540,34077.142857
7,New Flavor Out Now! + Wheelchair Model x6,165699,23671.285714
7,Nine-Bite Snack Box x7,1681456,240208.0
7,Nine-Bite Snack Box x6 + Thud-Thud Hammer,1541248,220178.285714
7,Nine-Bite Snack Box x6 + Wheelchair Model,1468407,209772.428571
7,Nine-Bite Snack Box x5 + Thud-Thud Hammer x2,1401040,200148.571429
7,Nine-Bite Snack Box x5 + Thud-Thud Hammer + Wheelchair Model,1328199,189742.714286
7,Nine-Bite Snack Box x5 + Wheelchair Model x2,1255358,179336.857143
7,Nine-Bite Snack Box x4 + Thud-Thud Hammer x3,1260832,180118.857143
7,Nine-Bite Snack Box x4 + Thud-Thud Hammer x2 + Wheelchair Model,1187991,169713.0
7,Nine-Bite Snack Box x4 + Thud-Thud Hammer + Wheelchair Model x2,1115150,159307.142857
7,Nine-Bite Snack Box x4 + Wheelchair Model x3,1042309,148901.285714
7,Nine-Bite Snack Box x3 + Thud-Thud Hammer x4,1120624,160089.142857
7,Nine-Bite Snack Box x3 + Thud-Thud Hammer x3 + Wheelchair Model,1047783,149683.285714
7,Nine-Bite Snack Box x3 + Thud-Thud Hammer x2 + Wheelchair Model x2,974942,139277.428571
7,Nine-Bite Snack Box x3 + Thud-Thud Hammer + Wheelchair Model x3,902101,128871.571429
7,Nine-Bite Snack Box x3 + Wheelchair Model x4,829260,118465.714286
7,Nine-Bite Snack Box x2 + Thud-Thud Hammer x5,980416,140059.428571
7,Nine-Bite Snack Box x2 + Thud-Thud Hammer x4 + Wheelchair Model,907575,129653.571429
7,Nine-Bite Snack Box x2 + Thud-Thud Hammer x3 + Wheelchair Model x2,834734,119247.714286
7,Nine-Bite Snack Box x2 + Thud-Thud Hammer x2 + Wheelchair Model x3,761893,108841.857143
7,Nine-Bite Snack Box x2 + Thud-Thud Hammer + Wheelchair Model x4,689052,98436.0
7,Nine-Bite Snack Box x2 + Wheelchair Model x5,616211,88030.142857
7,Nine-Bite Snack Box + Thud-Thud Hammer x6,840208,120029.714286
7,Nine-Bite Snack Box + Thud-Thud Hammer x5 + Wheelchair Model,767367,109623.857143
7,Nine-Bite Snack Box + Thud-Thud Hammer x4 + Wheelchair Model x2,694526,99218.0
7,Nine-Bite Snack Box + Thud-Thud Hammer x3 + Wheelchair Model x3,621685,88812.142857
7,Nine-Bite Snack Box + Thud-Thud Hammer x2 + Wheelchair Model x4,548844,78406.285714
7,Nine-Bite Snack Box + Thud-Thud Hammer + Wheelchair Model x5,476003,68000.428571
7,Nine-Bite Snack Box + Wheelchair Model x6,403162,57594.571429
7,Thud-Thud Hammer x7,700000,100000.0
7,Thud-Thud Hammer x6 + Wheelchair Model,627159,89594.142857
7,Thud-Thud Hammer x5 + Wheelchair Model x2,554318,79188.285714
7,Thud-Thud Hammer x4 + Wheelchair Model x3,481477,68782.428571
7,Thud-Thud Hammer x3 + Wheelchair Model x4,408636,58376.571429
7,Thud-Thud Hammer x2 + Wheelchair Model x5,335795,47970.714286
7,Thud-Thud Hammer + Wheelchair Model x6,262954,37564.857143
7,Wheelchair Model x7,190113,27159.0
